run1_srcid,sector,input_file,source_file,source_member,aermod_srcid,facility_id,facility_name,region_cd,erptype,unit_id,rel_point_id,process_id,scc,poll,longitude,latitude,utm_e_m,utm_n_m,src_elev_m,ann_value,emis_gps,so2_ann_value_total,so2_emis_gps_total,so2_allocation_fraction,allocation_basis,stkhgt,stkhgt_m,stkdiam,stkdiam_m,stktemp,stktemp_k,stkvel,stkvel_mps,srcgroup,rank
Q0000088,nonegu,run1_top20_facility_srcgroup_members_2021.csv,ptnonipm/nonegu_norailyard_2021_POINT_20240502_17may2024_v0.csv,2021hb_cb6_21k/inputs/ptnonipm/nonegu_norailyard_2021_POINT_20240502_17may2024_v0.csv,y2024v0csv_4835311_109854013_113246512_155476814,4835311,GALVESTON BAY REFINERY,48167,3,109854013,113246512,155476814,39999999,SO2,-94.929167,29.368889000000003,312751.80180039356,3250402.8636227273,0.0,14.280332037595137,0.4107971621841519,645.6491,18.573154836210488,0.022117791285692395,fixed benzene facility-z/h0 source geometry; facility-total point-ready SO2 allocated by existing geometry weights,1.0,0.3048,0.1,0.03048,30.0,272.0388888888889,22.3,6.797040000000001,FAC001,1
Q0000108,nonegu,run1_top20_facility_srcgroup_members_2021.csv,ptnonipm/nonegu_norailyard_2021_POINT_20240502_17may2024_v0.csv,2021hb_cb6_21k/inputs/ptnonipm/nonegu_norailyard_2021_POINT_20240502_17may2024_v0.csv,y2024v0csv_4835311_112862613_116144812_159760614,4835311,GALVESTON BAY REFINERY,48167,2,112862613,116144812,159760614,20200102,SO2,-94.932525,29.376931,312440.55521065654,3251299.552820506,0.0,0.11542993563875976,0.003320531334052036,645.6491,18.573154836210488,0.0001787812228635644,fixed benzene facility-z/h0 source geometry; facility-total point-ready SO2 allocated by existing geometry weights,6.0,1.8288,0.3,0.09144,509.0,538.15,19.0,5.7912,FAC001,1
Q0000160,nonegu,run1_top20_facility_srcgroup_members_2021.csv,ptnonipm/nonegu_norailyard_2021_POINT_20240502_17may2024_v0.csv,2021hb_cb6_21k/inputs/ptnonipm/nonegu_norailyard_2021_POINT_20240502_17may2024_v0.csv,y2024v0csv_4835311_122832313_30365212_174858014,4835311,GALVESTON BAY REFINERY,48167,2,122832313,30365212,174858014,30600402,SO2,-94.923175,29.372611,313340.30334353144,3250805.7791623035,0.0,17.574207701001175,0.5055508956094225,645.6491,18.573154836210488,0.027219441180977678,fixed benzene facility-z/h0 source geometry; facility-total point-ready SO2 allocated by existing geometry weights,25.0,7.62,8.0,2.4384,238.19000000000003,387.7,36.0,10.9728,FAC001,1
Q0000161,nonegu,run1_top20_facility_srcgroup_members_2021.csv,ptnonipm/nonegu_norailyard_2021_POINT_20240502_17may2024_v0.csv,2021hb_cb6_21k/inputs/ptnonipm/nonegu_norailyard_2021_POINT_20240502_17may2024_v0.csv,y2024v0csv_4835311_122832413_124996912_174858114,4835311,GALVESTON BAY REFINERY,48167,3,122832413,124996912,174858114,30600508,SO2,-94.925786,29.377719,313096.1721500504,3251376.0780153465,0.0,0.004122497701384278,0.00011859040478757272,645.6491,18.573154836210488,6.385043673698729e-06,fixed benzene facility-z/h0 source geometry; facility-total point-ready SO2 allocated by existing geometry weights,1.0,0.3048,0.1,0.03048,30.0,272.0388888888889,0.1,0.03048,FAC001,1
Q0000162,nonegu,run1_top20_facility_srcgroup_members_2021.csv,ptnonipm/nonegu_norailyard_2021_POINT_20240502_17may2024_v0.csv,2021hb_cb6_21k/inputs/ptnonipm/nonegu_norailyard_2021_POINT_20240502_17may2024_v0.csv,y2024v0csv_4835311_122832713_124996512_174858414,4835311,GALVESTON BAY REFINERY,48167,2,122832713,124996512,174858414,40301107,SO2,-94.931244,29.377733000000003,312566.37640351744,3251386.381342074,0.0,0.04534747471522705,0.0013044944526632999,645.6491,18.573154836210488,7.023548041068601e-05,fixed benzene facility-z/h0 source geometry; facility-total point-ready SO2 allocated by existing geometry weights,40.0,12.192,39.9,12.16152,75.0,297.0388888888889,0.1,0.03048,FAC001,1
Q0000213,nonegu,run1_top20_facility_srcgroup_members_2021.csv,ptnonipm/nonegu_norailyard_2021_POINT_20240502_17may2024_v0.csv,2021hb_cb6_21k/inputs/ptnonipm/nonegu_norailyard_2021_POINT_20240502_17may2024_v0.csv,y2024v0csv_4835311_126385113_128026812_181596214,4835311,GALVESTON BAY REFINERY,48167,2,126385113,128026812,181596214,40301107,SO2,-94.933814,29.3748,312311.5159086853,3251065.444561001,0.0,1.4676091816928027,0.04221818410437588,645.6491,18.573154836210488,0.002273075547836747,fixed benzene facility-z/h0 source geometry; facility-total point-ready SO2 allocated by existing geometry weights,42.0,12.8016,41.9,12.77112,75.0,297.0388888888889,0.1,0.03048,FAC001,1
Q0000214,nonegu,run1_top20_facility_srcgroup_members_2021.csv,ptnonipm/nonegu_norailyard_2021_POINT_20240502_17may2024_v0.csv,2021hb_cb6_21k/inputs/ptnonipm/nonegu_norailyard_2021_POINT_20240502_17may2024_v0.csv,y2024v0csv_4835311_126385213_128026912_181596314,4835311,GALVESTON BAY REFINERY,48167,3,126385213,128026912,181596314,40301005,SO2,-94.932353,29.377571999999997,312458.4276337888,3251370.318885875,0.0,1.7314490345813967,0.04980797001078054,645.6491,18.573154836210488,0.002681718342953466,fixed benzene facility-z/h0 source geometry; facility-total point-ready SO2 allocated by existing geometry weights,1.0,0.3048,0.1,0.03048,30.0,272.0388888888889,0.1,0.03048,FAC001,1
Q0000293,nonegu,run1_top20_facility_srcgroup_members_2021.csv,ptnonipm/nonegu_norailyard_2021_POINT_20240502_17may2024_v0.csv,2021hb_cb6_21k/inputs/ptnonipm/nonegu_norailyard_2021_POINT_20240502_17may2024_v0.csv,y2024v0csv_4835311_127698313_129685612_183771014,4835311,GALVESTON BAY REFINERY,48167,2,127698313,129685612,183771014,40301199,SO2,-94.929283,29.373611,312749.1867886912,3250926.3908665967,0.0,6.7732637233743676,0.19484403506598197,645.6491,18.573154836210488,0.01049062675588701,fixed benzene facility-z/h0 source geometry; facility-total point-ready SO2 allocated by existing geometry weights,48.0,14.630400000000002,47.9,14.59992,75.0,297.0388888888889,0.1,0.03048,FAC001,1
Q0000294,nonegu,run1_top20_facility_srcgroup_members_2021.csv,ptnonipm/nonegu_norailyard_2021_POINT_20240502_17may2024_v0.csv,2021hb_cb6_21k/inputs/ptnonipm/nonegu_norailyard_2021_POINT_20240502_17may2024_v0.csv,y2024v0csv_4835311_127698513_129685812_183771214,4835311,GALVESTON BAY REFINERY,48167,3,127698513,129685812,183771214,40301015,SO2,-94.934914,29.370371999999996,312196.6009079566,3250576.4556127866,0.0,5.9570091785002806,0.17136313491804256,645.6491,18.573154836210488,0.009226388108494661,fixed benzene facility-z/h0 source geometry; facility-total point-ready SO2 allocated by existing geometry weights,1.0,0.3048,0.1,0.03048,30.0,272.0388888888889,0.1,0.03048,FAC001,1
Q0000349,nonegu,run1_top20_facility_srcgroup_members_2021.csv,ptnonipm/nonegu_norailyard_2021_POINT_20240502_17may2024_v0.csv,2021hb_cb6_21k/inputs/ptnonipm/nonegu_norailyard_2021_POINT_20240502_17may2024_v0.csv,y2024v0csv_4835311_134037113_139075112_196160914,4835311,GALVESTON BAY REFINERY,48167,2,134037113,139075112,196160914,20200102,SO2,-94.923439,29.372025,313313.6051819833,3250741.2547712987,0.0,0.07008246092353271,0.002016036881388736,645.6491,18.573154836210488,0.00010854574245287838,fixed benzene facility-z/h0 source geometry; facility-total point-ready SO2 allocated by existing geometry weights,7.0,2.1336,2.0,0.6096,538.0,554.2611111111111,88.0,26.8224,FAC001,1
Q0000412,nonegu,run1_top20_facility_srcgroup_members_2021.csv,ptnonipm/nonegu_norailyard_2021_POINT_20240502_17may2024_v0.csv,2021hb_cb6_21k/inputs/ptnonipm/nonegu_norailyard_2021_POINT_20240502_17may2024_v0.csv,y2024v0csv_4835311_136462813_141579612_214331714,4835311,GALVESTON BAY REFINERY,48167,2,136462813,141579612,214331714,20200102,SO2,-94.925,29.374722,313166.9946195772,3251042.661206736,0.0,0.06595996322214845,0.0018974464766011636,645.6491,18.573154836210488,0.00010216069877917966,fixed benzene facility-z/h0 source geometry; facility-total point-ready SO2 allocated by existing geometry weights,7.0,2.1336,2.0,0.6096,538.0,554.2611111111111,88.0,26.8224,FAC001,1
Q0000413,nonegu,run1_top20_facility_srcgroup_members_2021.csv,ptnonipm/nonegu_norailyard_2021_POINT_20240502_17may2024_v0.csv,2021hb_cb6_21k/inputs/ptnonipm/nonegu_norailyard_2021_POINT_20240502_17may2024_v0.csv,y2024v0csv_4835311_136463413_141579212_214332314,4835311,GALVESTON BAY REFINERY,48167,3,136463413,141579212,214332314,40301102,SO2,-94.926583,29.366846999999996,312998.92520308256,3250172.40701505,0.0,10.145466843106705,0.29185098618221644,645.6491,18.573154836210488,0.01571359248097257,fixed benzene facility-z/h0 source geometry; facility-total point-ready SO2 allocated by existing geometry weights,1.0,0.3048,0.1,0.03048,30.0,272.0388888888889,0.1,0.03048,FAC001,1
Q0000414,nonegu,run1_top20_facility_srcgroup_members_2021.csv,ptnonipm/nonegu_norailyard_2021_POINT_20240502_17may2024_v0.csv,2021hb_cb6_21k/inputs/ptnonipm/nonegu_norailyard_2021_POINT_20240502_17may2024_v0.csv,y2024v0csv_4835311_136463513_141579312_214332414,4835311,GALVESTON BAY REFINERY,48167,3,136463513,141579312,214332414,40301107,SO2,-94.925,29.374722,313166.9946195772,3251042.661206736,0.0,0.44935224945088625,0.012926354121845425,645.6491,18.573154836210488,0.0006959697604331614,fixed benzene facility-z/h0 source geometry; facility-total point-ready SO2 allocated by existing geometry weights,1.0,0.3048,0.1,0.03048,30.0,272.0388888888889,0.1,0.03048,FAC001,1
Q0000415,nonegu,run1_top20_facility_srcgroup_members_2021.csv,ptnonipm/nonegu_norailyard_2021_POINT_20240502_17may2024_v0.csv,2021hb_cb6_21k/inputs/ptnonipm/nonegu_norailyard_2021_POINT_20240502_17may2024_v0.csv,y2024v0csv_4835311_136463613_141579412_214332514,4835311,GALVESTON BAY REFINERY,48167,3,136463613,141579412,214332514,40301107,SO2,-94.932836,29.370406,312398.39466492995,3250576.8831027127,0.0,0.41224977013842773,0.011859040478757271,645.6491,18.573154836210488,0.0006385043673698728,fixed benzene facility-z/h0 source geometry; facility-total point-ready SO2 allocated by existing geometry weights,1.0,0.3048,0.1,0.03048,30.0,272.0388888888889,0.1,0.03048,FAC001,1
Q0000468,nonegu,run1_top20_facility_srcgroup_members_2021.csv,ptnonipm/nonegu_norailyard_2021_POINT_20240502_17may2024_v0.csv,2021hb_cb6_21k/inputs/ptnonipm/nonegu_norailyard_2021_POINT_20240502_17may2024_v0.csv,y2024v0csv_4835311_139023113_144365912_220719214,4835311,GALVESTON BAY REFINERY,48167,3,139023113,144365912,220719214,30600508,SO2,-94.928194,29.367675,312844.0399900275,3250266.755589053,0.0,0.4864547287633447,0.01399366776493358,645.6491,18.573154836210488,0.0007534351534964499,fixed benzene facility-z/h0 source geometry; facility-total point-ready SO2 allocated by existing geometry weights,1.0,0.3048,0.1,0.03048,30.0,272.0388888888889,0.1,0.03048,FAC001,1
Q0000467,nonegu,run1_top20_facility_srcgroup_members_2021.csv,ptnonipm/nonegu_norailyard_2021_POINT_20240502_17may2024_v0.csv,2021hb_cb6_21k/inputs/ptnonipm/nonegu_norailyard_2021_POINT_20240502_17may2024_v0.csv,y2024v0csv_4835311_139023113_144366012_220719314,4835311,GALVESTON BAY REFINERY,48167,3,139023113,144366012,220719314,30600508,SO2,-94.928167,29.367981,312847.2211303426,3250300.626391513,0.0,0.22673737357613524,0.006522472263316499,645.6491,18.573154836210488,0.00035117740205343003,fixed benzene facility-z/h0 source geometry; facility-total point-ready SO2 allocated by existing geometry weights,1.0,0.3048,0.1,0.03048,30.0,272.0388888888889,0.1,0.03048,FAC001,1
Q0000471,nonegu,run1_top20_facility_srcgroup_members_2021.csv,ptnonipm/nonegu_norailyard_2021_POINT_20240502_17may2024_v0.csv,2021hb_cb6_21k/inputs/ptnonipm/nonegu_norailyard_2021_POINT_20240502_17may2024_v0.csv,y2024v0csv_4835311_139023513_144365812_220719714,4835311,GALVESTON BAY REFINERY,48167,3,139023513,144365812,220719714,20200102,SO2,-94.9323,29.377919,312464.20899594814,3251408.691956507,0.0,0.008244995402768556,0.00023718080957514545,645.6491,18.573154836210488,1.2770087347397457e-05,fixed benzene facility-z/h0 source geometry; facility-total point-ready SO2 allocated by existing geometry weights,1.0,0.3048,0.1,0.03048,30.0,272.0388888888889,0.1,0.03048,FAC001,1
Q0000470,nonegu,run1_top20_facility_srcgroup_members_2021.csv,ptnonipm/nonegu_norailyard_2021_POINT_20240502_17may2024_v0.csv,2021hb_cb6_21k/inputs/ptnonipm/nonegu_norailyard_2021_POINT_20240502_17may2024_v0.csv,y2024v0csv_4835311_139023513_30401612_242220114,4835311,GALVESTON BAY REFINERY,48167,2,139023513,30401612,242220114,20200102,SO2,-94.923606,29.364853000000004,313284.3005276071,3249946.6477849004,0.0,0.004122497701384278,0.00011859040478757272,645.6491,18.573154836210488,6.385043673698729e-06,fixed benzene facility-z/h0 source geometry; facility-total point-ready SO2 allocated by existing geometry weights,37.0,11.2776,32.0,9.7536,80.0,299.81666666666666,0.1,0.03048,FAC001,1
Q0000469,nonegu,run1_top20_facility_srcgroup_members_2021.csv,ptnonipm/nonegu_norailyard_2021_POINT_20240502_17may2024_v0.csv,2021hb_cb6_21k/inputs/ptnonipm/nonegu_norailyard_2021_POINT_20240502_17may2024_v0.csv,y2024v0csv_4835311_139023513_30405612_242220214,4835311,GALVESTON BAY REFINERY,48167,2,139023513,30405612,242220214,20200102,SO2,-94.923611,29.364989,313284.0633500278,3249961.7286768067,0.0,0.004122497701384278,0.00011859040478757272,645.6491,18.573154836210488,6.385043673698729e-06,fixed benzene facility-z/h0 source geometry; facility-total point-ready SO2 allocated by existing geometry weights,37.0,11.2776,32.0,9.7536,80.0,299.81666666666666,0.1,0.03048,FAC001,1
Q0000472,nonegu,run1_top20_facility_srcgroup_members_2021.csv,ptnonipm/nonegu_norailyard_2021_POINT_20240502_17may2024_v0.csv,2021hb_cb6_21k/inputs/ptnonipm/nonegu_norailyard_2021_POINT_20240502_17may2024_v0.csv,y2024v0csv_4835311_139025613_144367712_220721814,4835311,GALVESTON BAY REFINERY,48167,3,139025613,144367712,220721814,30699999,SO2,-94.923533,29.369844,313300.4982456587,3250499.6843914227,0.0,0.1277974287429126,0.0036763025484147544,645.6491,18.573154836210488,0.00019793635388466057,fixed benzene facility-z/h0 source geometry; facility-total point-ready SO2 allocated by existing geometry weights,1.0,0.3048,0.1,0.03048,30.0,272.0388888888889,0.1,0.03048,FAC001,1
Q0000510,nonegu,run1_top20_facility_srcgroup_members_2021.csv,ptnonipm/nonegu_norailyard_2021_POINT_20240502_17may2024_v0.csv,2021hb_cb6_21k/inputs/ptnonipm/nonegu_norailyard_2021_POINT_20240502_17may2024_v0.csv,y2024v0csv_4835311_156124013_166534212_242221114,4835311,GALVESTON BAY REFINERY,48167,3,156124013,166534212,242221114,20200102,SO2,-94.925561,29.368431,313101.0382340711,3250346.325821339,0.0,0.074204958624917,0.002134627286176309,645.6491,18.573154836210488,0.00011493078612657711,fixed benzene facility-z/h0 source geometry; facility-total point-ready SO2 allocated by existing geometry weights,1.0,0.3048,0.1,0.03048,30.0,272.0388888888889,0.1,0.03048,FAC001,1
Q0000511,nonegu,run1_top20_facility_srcgroup_members_2021.csv,ptnonipm/nonegu_norailyard_2021_POINT_20240502_17may2024_v0.csv,2021hb_cb6_21k/inputs/ptnonipm/nonegu_norailyard_2021_POINT_20240502_17may2024_v0.csv,y2024v0csv_4835311_156124113_166534312_242221214,4835311,GALVESTON BAY REFINERY,48167,3,156124113,166534312,242221214,20200102,SO2,-94.925558,29.368342,313101.1668409358,3250336.4571275874,0.0,0.13604242414568116,0.0039134833579899,645.6491,18.573154836210488,0.00021070644123205804,fixed benzene facility-z/h0 source geometry; facility-total point-ready SO2 allocated by existing geometry weights,1.0,0.3048,0.1,0.03048,30.0,272.0388888888889,0.1,0.03048,FAC001,1
Q0000512,nonegu,run1_top20_facility_srcgroup_members_2021.csv,ptnonipm/nonegu_norailyard_2021_POINT_20240502_17may2024_v0.csv,2021hb_cb6_21k/inputs/ptnonipm/nonegu_norailyard_2021_POINT_20240502_17may2024_v0.csv,y2024v0csv_4835311_156124213_166534412_242221314,4835311,GALVESTON BAY REFINERY,48167,3,156124213,166534412,242221314,20200102,SO2,-94.932217,29.373510999999997,312464.18117854686,3250920.0174202817,0.0,0.008244995402768556,0.00023718080957514545,645.6491,18.573154836210488,1.2770087347397457e-05,fixed benzene facility-z/h0 source geometry; facility-total point-ready SO2 allocated by existing geometry weights,1.0,0.3048,0.1,0.03048,30.0,272.0388888888889,0.1,0.03048,FAC001,1
Q0001356,nonegu,run1_top20_facility_srcgroup_members_2021.csv,ptnonipm/nonegu_norailyard_2021_POINT_20240502_17may2024_v0.csv,2021hb_cb6_21k/inputs/ptnonipm/nonegu_norailyard_2021_POINT_20240502_17may2024_v0.csv,y2024v0csv_4835311_31766113_30408512_11041014,4835311,GALVESTON BAY REFINERY,48167,2,31766113,30408512,11041014,40301021,SO2,-94.93985,29.378578000000005,311732.5253222168,3251493.8832201674,0.0,1.117196877075139,0.0321379996974322,645.6491,18.573154836210488,0.0017303468355723552,fixed benzene facility-z/h0 source geometry; facility-total point-ready SO2 allocated by existing geometry weights,41.0,12.4968,40.9,12.46632,80.0,299.81666666666666,0.1,0.03048,FAC001,1
Q0001357,nonegu,run1_top20_facility_srcgroup_members_2021.csv,ptnonipm/nonegu_norailyard_2021_POINT_20240502_17may2024_v0.csv,2021hb_cb6_21k/inputs/ptnonipm/nonegu_norailyard_2021_POINT_20240502_17may2024_v0.csv,y2024v0csv_4835311_31766213_30406712_11040914,4835311,GALVESTON BAY REFINERY,48167,2,31766213,30406712,11040914,40301021,SO2,-94.937897,29.371181,311908.5002128838,3250670.919625779,0.0,0.3998822770342749,0.011503269264394553,645.6491,18.573154836210488,0.0006193492363487766,fixed benzene facility-z/h0 source geometry; facility-total point-ready SO2 allocated by existing geometry weights,41.0,12.4968,40.9,12.46632,80.0,299.81666666666666,0.1,0.03048,FAC001,1
Q0001358,nonegu,run1_top20_facility_srcgroup_members_2021.csv,ptnonipm/nonegu_norailyard_2021_POINT_20240502_17may2024_v0.csv,2021hb_cb6_21k/inputs/ptnonipm/nonegu_norailyard_2021_POINT_20240502_17may2024_v0.csv,y2024v0csv_4835311_31766313_30371312_11040814,4835311,GALVESTON BAY REFINERY,48167,2,31766313,30371312,11040814,40301021,SO2,-94.936917,29.370361,312002.1301467583,3250578.460050081,0.0,0.7049471069367115,0.020278959218674935,645.6491,18.573154836210488,0.0010918424682024826,fixed benzene facility-z/h0 source geometry; facility-total point-ready SO2 allocated by existing geometry weights,41.0,12.4968,40.9,12.46632,80.0,299.81666666666666,0.1,0.03048,FAC001,1
Q0001359,nonegu,run1_top20_facility_srcgroup_members_2021.csv,ptnonipm/nonegu_norailyard_2021_POINT_20240502_17may2024_v0.csv,2021hb_cb6_21k/inputs/ptnonipm/nonegu_norailyard_2021_POINT_20240502_17may2024_v0.csv,y2024v0csv_4835311_31766613_30375612_11040514,4835311,GALVESTON BAY REFINERY,48167,2,31766613,30375612,11040514,40301199,SO2,-94.928569,29.368064,312808.3461961748,3250310.469719383,0.0,7.255595954436328,0.20871911242612798,645.6491,18.573154836210488,0.011237676865709761,fixed benzene facility-z/h0 source geometry; facility-total point-ready SO2 allocated by existing geometry weights,47.4,14.44752,3.0,0.9144,78.0,298.7055555555555,0.1,0.03048,FAC001,1
Q0001360,nonegu,run1_top20_facility_srcgroup_members_2021.csv,ptnonipm/nonegu_norailyard_2021_POINT_20240502_17may2024_v0.csv,2021hb_cb6_21k/inputs/ptnonipm/nonegu_norailyard_2021_POINT_20240502_17may2024_v0.csv,y2024v0csv_4835311_31766713_30401912_11040414,4835311,GALVESTON BAY REFINERY,48167,2,31766713,30401912,11040414,40301021,SO2,-94.928425,29.371939,312829.41795604356,3250739.7065347345,0.0,0.6760896230270215,0.019448826385161926,645.6491,18.573154836210488,0.0010471471624865915,fixed benzene facility-z/h0 source geometry; facility-total point-ready SO2 allocated by existing geometry weights,42.0,12.8016,41.9,12.77112,80.0,299.81666666666666,0.1,0.03048,FAC001,1
Q0001361,nonegu,run1_top20_facility_srcgroup_members_2021.csv,ptnonipm/nonegu_norailyard_2021_POINT_20240502_17may2024_v0.csv,2021hb_cb6_21k/inputs/ptnonipm/nonegu_norailyard_2021_POINT_20240502_17may2024_v0.csv,y2024v0csv_4835311_31767413_30382312_11039714,4835311,GALVESTON BAY REFINERY,48167,2,31767413,30382312,11039714,40301199,SO2,-94.928592,29.368046999999997,312806.08220467385,3250308.622476906,0.0,7.1236760279920315,0.20492421947292566,645.6491,18.573154836210488,0.011033355468151403,fixed benzene facility-z/h0 source geometry; facility-total point-ready SO2 allocated by existing geometry weights,48.0,14.630400000000002,3.0,0.9144,78.0,298.7055555555555,0.1,0.03048,FAC001,1
Q0001362,nonegu,run1_top20_facility_srcgroup_members_2021.csv,ptnonipm/nonegu_norailyard_2021_POINT_20240502_17may2024_v0.csv,2021hb_cb6_21k/inputs/ptnonipm/nonegu_norailyard_2021_POINT_20240502_17may2024_v0.csv,y2024v0csv_4835311_31767813_30371112_11039314,4835311,GALVESTON BAY REFINERY,48167,2,31767813,30371112,11039314,40301021,SO2,-94.919972,29.378667,313662.2782295091,3251471.8497941336,0.0,3.640165470322317,0.10471532742742672,645.6491,18.573154836210488,0.005637993563875977,fixed benzene facility-z/h0 source geometry; facility-total point-ready SO2 allocated by existing geometry weights,47.0,14.3256,46.9,14.29512,80.0,299.81666666666666,0.1,0.03048,FAC001,1
Q0001363,nonegu,run1_top20_facility_srcgroup_members_2021.csv,ptnonipm/nonegu_norailyard_2021_POINT_20240502_17may2024_v0.csv,2021hb_cb6_21k/inputs/ptnonipm/nonegu_norailyard_2021_POINT_20240502_17may2024_v0.csv,y2024v0csv_4835311_31768013_30365112_11039114,4835311,GALVESTON BAY REFINERY,48167,2,31768013,30365112,11039114,30600903,SO2,-94.924531,29.374153000000003,313211.4834617295,3250978.848254964,0.0,12.759130385784339,0.36703730281753755,645.6491,18.573154836210488,0.019761710170097563,fixed benzene facility-z/h0 source geometry; facility-total point-ready SO2 allocated by existing geometry weights,221.0,67.3608,5.1,1.55448,931.1900000000002,772.7,0.2446,0.07455408,FAC001,1
Q0001364,nonegu,run1_top20_facility_srcgroup_members_2021.csv,ptnonipm/nonegu_norailyard_2021_POINT_20240502_17may2024_v0.csv,2021hb_cb6_21k/inputs/ptnonipm/nonegu_norailyard_2021_POINT_20240502_17may2024_v0.csv,y2024v0csv_4835311_31771713_30419312_11005914,4835311,GALVESTON BAY REFINERY,48167,2,31771713,30419312,11005914,30600903,SO2,-94.924081,29.373778,313254.48267196317,3250936.566974746,0.0,28.816258932676103,0.8289469294651334,645.6491,18.573154836210488,0.04463145527915412,fixed benzene facility-z/h0 source geometry; facility-total point-ready SO2 allocated by existing geometry weights,336.0,102.4128,8.9,2.7127200000000005,931.1900000000002,772.7,0.1874,0.05711952,FAC001,1
Q0001365,nonegu,run1_top20_facility_srcgroup_members_2021.csv,ptnonipm/nonegu_norailyard_2021_POINT_20240502_17may2024_v0.csv,2021hb_cb6_21k/inputs/ptnonipm/nonegu_norailyard_2021_POINT_20240502_17may2024_v0.csv,y2024v0csv_4835311_31772013_30390412_11005614,4835311,GALVESTON BAY REFINERY,48167,2,31772013,30390412,11005614,30600904,SO2,-94.923739,29.374139000000003,313288.34185695124,3250976.0296728844,0.0,25.023561047402566,0.7198437570605664,645.6491,18.573154836210488,0.03875721509935128,fixed benzene facility-z/h0 source geometry; facility-total point-ready SO2 allocated by existing geometry weights,200.0,60.96,6.0,1.8288,1012.37,817.8000000000001,0.4124,0.12569952,FAC001,1
Q0001366,nonegu,run1_top20_facility_srcgroup_members_2021.csv,ptnonipm/nonegu_norailyard_2021_POINT_20240502_17may2024_v0.csv,2021hb_cb6_21k/inputs/ptnonipm/nonegu_norailyard_2021_POINT_20240502_17may2024_v0.csv,y2024v0csv_4835311_31772713_64718112_97557114,4835311,GALVESTON BAY REFINERY,48167,2,31772713,64718112,97557114,30600904,SO2,-94.939797,29.377225,311735.1786470512,3251343.843569754,0.0,35.56891016754354,1.0231980125071773,645.6491,18.573154836210488,0.05509015681667263,fixed benzene facility-z/h0 source geometry; facility-total point-ready SO2 allocated by existing geometry weights,300.0,91.44,5.1,1.55448,1012.37,817.8000000000001,0.2446,0.07455408,FAC001,1
Q0001367,nonegu,run1_top20_facility_srcgroup_members_2021.csv,ptnonipm/nonegu_norailyard_2021_POINT_20240502_17may2024_v0.csv,2021hb_cb6_21k/inputs/ptnonipm/nonegu_norailyard_2021_POINT_20240502_17may2024_v0.csv,y2024v0csv_4835311_31773113_129685312_183770714,4835311,GALVESTON BAY REFINERY,48167,2,31773113,129685312,183770714,40600253,SO2,-94.934917,29.370371999999996,312196.309669096,3250576.4604384084,0.0,0.519434710374419,0.014942391003234162,645.6491,18.573154836210488,0.0008045155028860398,fixed benzene facility-z/h0 source geometry; facility-total point-ready SO2 allocated by existing geometry weights,60.0,18.288,4.5,1.3716000000000002,1700.0,1199.8166666666666,25.0,7.62,FAC001,1
Q0001368,nonegu,run1_top20_facility_srcgroup_members_2021.csv,ptnonipm/nonegu_norailyard_2021_POINT_20240502_17may2024_v0.csv,2021hb_cb6_21k/inputs/ptnonipm/nonegu_norailyard_2021_POINT_20240502_17may2024_v0.csv,y2024v0csv_4835311_31774113_30382512_11003314,4835311,GALVESTON BAY REFINERY,48167,2,31774113,30382512,11003314,40301107,SO2,-94.933828,29.367683000000003,312297.09430582717,3250276.685921797,0.0,0.416372267839812,0.011977630883544844,645.6491,18.573154836210488,0.0006448894110435715,fixed benzene facility-z/h0 source geometry; facility-total point-ready SO2 allocated by existing geometry weights,40.0,12.192,39.9,12.16152,78.0,298.7055555555555,0.1,0.03048,FAC001,1
Q0001369,nonegu,run1_top20_facility_srcgroup_members_2021.csv,ptnonipm/nonegu_norailyard_2021_POINT_20240502_17may2024_v0.csv,2021hb_cb6_21k/inputs/ptnonipm/nonegu_norailyard_2021_POINT_20240502_17may2024_v0.csv,y2024v0csv_4835311_31774413_30406612_11003014,4835311,GALVESTON BAY REFINERY,48167,2,31774413,30406612,11003014,40301199,SO2,-94.932892,29.366675,312386.1142257572,3250163.4645061227,0.0,0.39163728163150635,0.011266088454819408,645.6491,18.573154836210488,0.0006065791490013792,fixed benzene facility-z/h0 source geometry; facility-total point-ready SO2 allocated by existing geometry weights,40.0,12.192,39.9,12.16152,78.0,298.7055555555555,0.1,0.03048,FAC001,1
Q0001370,nonegu,run1_top20_facility_srcgroup_members_2021.csv,ptnonipm/nonegu_norailyard_2021_POINT_20240502_17may2024_v0.csv,2021hb_cb6_21k/inputs/ptnonipm/nonegu_norailyard_2021_POINT_20240502_17may2024_v0.csv,y2024v0csv_4835311_31776313_30416112_11001114,4835311,GALVESTON BAY REFINERY,48167,2,31776313,30416112,11001114,40301199,SO2,-94.938008,29.378603,311911.3778323021,3251493.6843873253,0.0,1.916961431143689,0.05514453822622131,645.6491,18.573154836210488,0.0029690453082699087,fixed benzene facility-z/h0 source geometry; facility-total point-ready SO2 allocated by existing geometry weights,42.0,12.8016,41.9,12.77112,78.0,298.7055555555555,0.1,0.03048,FAC001,1
Q0001371,nonegu,run1_top20_facility_srcgroup_members_2021.csv,ptnonipm/nonegu_norailyard_2021_POINT_20240502_17may2024_v0.csv,2021hb_cb6_21k/inputs/ptnonipm/nonegu_norailyard_2021_POINT_20240502_17may2024_v0.csv,y2024v0csv_4835311_31776413_30419012_11001014,4835311,GALVESTON BAY REFINERY,48167,2,31776413,30419012,11001014,40301199,SO2,-94.936147,29.378631,312092.0800317902,3251493.790281366,0.0,1.636631587449558,0.04708039070066637,645.6491,18.573154836210488,0.002534862338458395,fixed benzene facility-z/h0 source geometry; facility-total point-ready SO2 allocated by existing geometry weights,42.0,12.8016,41.9,12.77112,78.0,298.7055555555555,0.1,0.03048,FAC001,1
Q0001372,nonegu,run1_top20_facility_srcgroup_members_2021.csv,ptnonipm/nonegu_norailyard_2021_POINT_20240502_17may2024_v0.csv,2021hb_cb6_21k/inputs/ptnonipm/nonegu_norailyard_2021_POINT_20240502_17may2024_v0.csv,y2024v0csv_4835311_31776813_30382912_11000614,4835311,GALVESTON BAY REFINERY,48167,2,31776813,30382912,11000614,40301199,SO2,-94.939856,29.372261,311720.3109599217,3250793.7745137652,0.0,9.176679883281402,0.26398224105713686,645.6491,18.573154836210488,0.014213107217653368,fixed benzene facility-z/h0 source geometry; facility-total point-ready SO2 allocated by existing geometry weights,40.0,12.192,39.9,12.16152,78.0,298.7055555555555,0.1,0.03048,FAC001,1
Q0001373,nonegu,run1_top20_facility_srcgroup_members_2021.csv,ptnonipm/nonegu_norailyard_2021_POINT_20240502_17may2024_v0.csv,2021hb_cb6_21k/inputs/ptnonipm/nonegu_norailyard_2021_POINT_20240502_17may2024_v0.csv,y2024v0csv_4835311_31777113_30372312_11000314,4835311,GALVESTON BAY REFINERY,48167,2,31777113,30372312,11000314,40301102,SO2,-94.940783,29.372858,311631.41939148813,3250861.435863448,0.0,2.8857483909689945,0.08301328335130091,645.6491,18.573154836210488,0.0044695305715891104,fixed benzene facility-z/h0 source geometry; facility-total point-ready SO2 allocated by existing geometry weights,40.0,12.192,39.9,12.16152,78.0,298.7055555555555,0.1,0.03048,FAC001,1
Q0001374,nonegu,run1_top20_facility_srcgroup_members_2021.csv,ptnonipm/nonegu_norailyard_2021_POINT_20240502_17may2024_v0.csv,2021hb_cb6_21k/inputs/ptnonipm/nonegu_norailyard_2021_POINT_20240502_17may2024_v0.csv,y2024v0csv_4835311_31777213_30398212_11000214,4835311,GALVESTON BAY REFINERY,48167,2,31777213,30398212,11000214,40301107,SO2,-94.930789,29.367883000000003,312592.49326521787,3250293.970522885,0.0,0.5730271804924145,0.016484066265472608,645.6491,18.573154836210488,0.0008875210706441232,fixed benzene facility-z/h0 source geometry; facility-total point-ready SO2 allocated by existing geometry weights,39.7,12.100560000000002,3.0,0.9144,78.0,298.7055555555555,0.1,0.03048,FAC001,1
Q0001375,nonegu,run1_top20_facility_srcgroup_members_2021.csv,ptnonipm/nonegu_norailyard_2021_POINT_20240502_17may2024_v0.csv,2021hb_cb6_21k/inputs/ptnonipm/nonegu_norailyard_2021_POINT_20240502_17may2024_v0.csv,y2024v0csv_4835311_31778413_30367512_10965914,4835311,GALVESTON BAY REFINERY,48167,2,31778413,30367512,10965914,40301102,SO2,-94.940731,29.373671999999996,311637.96686910023,3250951.568260185,0.0,2.7868084461357716,0.08016711363639915,645.6491,18.573154836210488,0.00431628952342034,fixed benzene facility-z/h0 source geometry; facility-total point-ready SO2 allocated by existing geometry weights,40.0,12.192,39.9,12.16152,78.0,298.7055555555555,0.1,0.03048,FAC001,1
Q0001376,nonegu,run1_top20_facility_srcgroup_members_2021.csv,ptnonipm/nonegu_norailyard_2021_POINT_20240502_17may2024_v0.csv,2021hb_cb6_21k/inputs/ptnonipm/nonegu_norailyard_2021_POINT_20240502_17may2024_v0.csv,y2024v0csv_4835311_31779013_30383012_10964914,4835311,GALVESTON BAY REFINERY,48167,2,31779013,30383012,10964914,40301199,SO2,-94.939663,29.370606,311736.0002236717,3250610.038350994,0.0,10.10011936839148,0.29054649172955316,645.6491,18.573154836210488,0.015643357000561884,fixed benzene facility-z/h0 source geometry; facility-total point-ready SO2 allocated by existing geometry weights,40.0,12.192,39.9,12.16152,78.0,298.7055555555555,0.1,0.03048,FAC001,1
Q0001377,nonegu,run1_top20_facility_srcgroup_members_2021.csv,ptnonipm/nonegu_norailyard_2021_POINT_20240502_17may2024_v0.csv,2021hb_cb6_21k/inputs/ptnonipm/nonegu_norailyard_2021_POINT_20240502_17may2024_v0.csv,y2024v0csv_4835311_31779813_30374612_10964114,4835311,GALVESTON BAY REFINERY,48167,2,31779813,30374612,10964114,40301199,SO2,-94.940789,29.376931,311638.3403139095,3251312.8596335873,0.0,2.3250887035807324,0.06688498830019102,645.6491,18.573154836210488,0.0036011646319660828,fixed benzene facility-z/h0 source geometry; facility-total point-ready SO2 allocated by existing geometry weights,39.0,11.8872,38.9,11.85672,78.0,298.7055555555555,0.1,0.03048,FAC001,1
Q0001378,nonegu,run1_top20_facility_srcgroup_members_2021.csv,ptnonipm/nonegu_norailyard_2021_POINT_20240502_17may2024_v0.csv,2021hb_cb6_21k/inputs/ptnonipm/nonegu_norailyard_2021_POINT_20240502_17may2024_v0.csv,y2024v0csv_4835311_31780013_30371612_10963914,4835311,GALVESTON BAY REFINERY,48167,2,31780013,30371612,10963914,40301199,SO2,-94.939914,29.378578000000005,311726.31271616963,3251493.986449349,0.0,1.8633689610256934,0.05360286296398287,645.6491,18.573154836210488,0.002886039740511825,fixed benzene facility-z/h0 source geometry; facility-total point-ready SO2 allocated by existing geometry weights,42.0,12.8016,41.9,12.77112,78.0,298.7055555555555,0.1,0.03048,FAC001,1
Q0001379,nonegu,run1_top20_facility_srcgroup_members_2021.csv,ptnonipm/nonegu_norailyard_2021_POINT_20240502_17may2024_v0.csv,2021hb_cb6_21k/inputs/ptnonipm/nonegu_norailyard_2021_POINT_20240502_17may2024_v0.csv,y2024v0csv_4835311_31780113_30398012_10963814,4835311,GALVESTON BAY REFINERY,48167,2,31780113,30398012,10963814,40301107,SO2,-94.930456,29.365822,312621.0458839089,3250065.0146679524,0.0,0.20612488506921386,0.005929520239378636,645.6491,18.573154836210488,0.0003192521836849364,fixed benzene facility-z/h0 source geometry; facility-total point-ready SO2 allocated by existing geometry weights,39.2,11.94816,3.0,0.9144,78.0,298.7055555555555,0.1,0.03048,FAC001,1
Q0001380,nonegu,run1_top20_facility_srcgroup_members_2021.csv,ptnonipm/nonegu_norailyard_2021_POINT_20240502_17may2024_v0.csv,2021hb_cb6_21k/inputs/ptnonipm/nonegu_norailyard_2021_POINT_20240502_17may2024_v0.csv,y2024v0csv_4835311_31780213_30398112_10963714,4835311,GALVESTON BAY REFINERY,48167,2,31780213,30398112,10963714,40301107,SO2,-94.930981,29.365810999999997,312570.0567226255,3250064.638101925,0.0,0.23498236897890382,0.006759653072891645,645.6491,18.573154836210488,0.0003639474894008275,fixed benzene facility-z/h0 source geometry; facility-total point-ready SO2 allocated by existing geometry weights,39.7,12.100560000000002,3.0,0.9144,78.0,298.7055555555555,0.1,0.03048,FAC001,1
Q0001381,nonegu,run1_top20_facility_srcgroup_members_2021.csv,ptnonipm/nonegu_norailyard_2021_POINT_20240502_17may2024_v0.csv,2021hb_cb6_21k/inputs/ptnonipm/nonegu_norailyard_2021_POINT_20240502_17may2024_v0.csv,y2024v0csv_4835311_31780313_30409112_10963614,4835311,GALVESTON BAY REFINERY,48167,2,31780313,30409112,10963614,40301102,SO2,-94.930467,29.366408000000003,312621.0514635878,3250129.978920479,0.0,0.1978798896664453,0.00569233942980349,645.6491,18.573154836210488,0.0003064820963375389,fixed benzene facility-z/h0 source geometry; facility-total point-ready SO2 allocated by existing geometry weights,39.6,12.07008,3.0,0.9144,78.0,298.7055555555555,0.1,0.03048,FAC001,1
Q0001382,nonegu,run1_top20_facility_srcgroup_members_2021.csv,ptnonipm/nonegu_norailyard_2021_POINT_20240502_17may2024_v0.csv,2021hb_cb6_21k/inputs/ptnonipm/nonegu_norailyard_2021_POINT_20240502_17may2024_v0.csv,y2024v0csv_4835311_31780613_30415312_10963314,4835311,GALVESTON BAY REFINERY,48167,2,31780613,30415312,10963314,40301109,SO2,-94.924044,29.369017,313249.3803712741,3250408.8450315874,0.0,0.17314490345813963,0.004980797001078054,645.6491,18.573154836210488,0.00026817183429534656,fixed benzene facility-z/h0 source geometry; facility-total point-ready SO2 allocated by existing geometry weights,47.2,14.38656,3.0,0.9144,78.0,298.7055555555555,0.1,0.03048,FAC001,1
Q0001383,nonegu,run1_top20_facility_srcgroup_members_2021.csv,ptnonipm/nonegu_norailyard_2021_POINT_20240502_17may2024_v0.csv,2021hb_cb6_21k/inputs/ptnonipm/nonegu_norailyard_2021_POINT_20240502_17may2024_v0.csv,y2024v0csv_4835311_31780813_30363312_10963114,4835311,GALVESTON BAY REFINERY,48167,2,31780813,30363312,10963114,40301107,SO2,-94.930997,29.373996999999996,312583.5053223232,3250971.921857013,0.0,0.6678446276242529,0.01921164557558678,645.6491,18.573154836210488,0.0010343770751391939,fixed benzene facility-z/h0 source geometry; facility-total point-ready SO2 allocated by existing geometry weights,39.7,12.100560000000002,3.0,0.9144,78.0,298.7055555555555,0.1,0.03048,FAC001,1
Q0001384,nonegu,run1_top20_facility_srcgroup_members_2021.csv,ptnonipm/nonegu_norailyard_2021_POINT_20240502_17may2024_v0.csv,2021hb_cb6_21k/inputs/ptnonipm/nonegu_norailyard_2021_POINT_20240502_17may2024_v0.csv,y2024v0csv_4835311_31780913_30376812_10963014,4835311,GALVESTON BAY REFINERY,48167,2,31780913,30376812,10963014,40301110,SO2,-94.921761,29.367039,313467.40789004235,3250185.973711722,0.0,0.5276797057771876,0.015179571812809309,645.6491,18.573154836210488,0.0008172855902334373,fixed benzene facility-z/h0 source geometry; facility-total point-ready SO2 allocated by existing geometry weights,47.3,14.41704,3.0,0.9144,78.0,298.7055555555555,0.1,0.03048,FAC001,1
Q0001385,nonegu,run1_top20_facility_srcgroup_members_2021.csv,ptnonipm/nonegu_norailyard_2021_POINT_20240502_17may2024_v0.csv,2021hb_cb6_21k/inputs/ptnonipm/nonegu_norailyard_2021_POINT_20240502_17may2024_v0.csv,y2024v0csv_4835311_31781013_30372012_10962914,4835311,GALVESTON BAY REFINERY,48167,2,31781013,30372012,10962914,40301110,SO2,-94.923936,29.367003000000004,313256.18788115995,3250185.4603076503,0.0,0.5524146919854932,0.015891114241534745,645.6491,18.573154836210488,0.0008555958522756296,fixed benzene facility-z/h0 source geometry; facility-total point-ready SO2 allocated by existing geometry weights,47.5,14.478000000000002,3.0,0.9144,78.0,298.7055555555555,0.1,0.03048,FAC001,1
Q0001386,nonegu,run1_top20_facility_srcgroup_members_2021.csv,ptnonipm/nonegu_norailyard_2021_POINT_20240502_17may2024_v0.csv,2021hb_cb6_21k/inputs/ptnonipm/nonegu_norailyard_2021_POINT_20240502_17may2024_v0.csv,y2024v0csv_4835311_31781113_30363212_10962814,4835311,GALVESTON BAY REFINERY,48167,2,31781113,30363212,10962814,40301110,SO2,-94.915422,29.370458000000003,314089.0275473279,3250554.7914739074,0.0,0.46584224025642335,0.013400715740995717,645.6491,18.573154836210488,0.0007215099351279563,fixed benzene facility-z/h0 source geometry; facility-total point-ready SO2 allocated by existing geometry weights,47.4,14.44752,3.0,0.9144,78.0,298.7055555555555,0.1,0.03048,FAC001,1
Q0001387,nonegu,run1_top20_facility_srcgroup_members_2021.csv,ptnonipm/nonegu_norailyard_2021_POINT_20240502_17may2024_v0.csv,2021hb_cb6_21k/inputs/ptnonipm/nonegu_norailyard_2021_POINT_20240502_17may2024_v0.csv,y2024v0csv_4835311_31781213_30375512_10962714,4835311,GALVESTON BAY REFINERY,48167,2,31781213,30375512,10962714,40301107,SO2,-94.930781,29.373981,312604.444427637,3250969.801821482,0.0,0.5235572080758032,0.015060981408021736,645.6491,18.573154836210488,0.0008109005465597385,fixed benzene facility-z/h0 source geometry; facility-total point-ready SO2 allocated by existing geometry weights,40.0,12.192,3.0,0.9144,78.0,298.7055555555555,0.1,0.03048,FAC001,1
Q0001388,nonegu,run1_top20_facility_srcgroup_members_2021.csv,ptnonipm/nonegu_norailyard_2021_POINT_20240502_17may2024_v0.csv,2021hb_cb6_21k/inputs/ptnonipm/nonegu_norailyard_2021_POINT_20240502_17may2024_v0.csv,y2024v0csv_4835311_31781413_30398612_10962514,4835311,GALVESTON BAY REFINERY,48167,2,31781413,30398612,10962514,40301109,SO2,-94.924967,29.368146999999997,313158.1856389705,3250313.899376613,0.0,0.22673737357613524,0.006522472263316499,645.6491,18.573154836210488,0.00035117740205343003,fixed benzene facility-z/h0 source geometry; facility-total point-ready SO2 allocated by existing geometry weights,47.3,14.41704,3.0,0.9144,78.0,298.7055555555555,0.1,0.03048,FAC001,1
Q0001389,nonegu,run1_top20_facility_srcgroup_members_2021.csv,ptnonipm/nonegu_norailyard_2021_POINT_20240502_17may2024_v0.csv,2021hb_cb6_21k/inputs/ptnonipm/nonegu_norailyard_2021_POINT_20240502_17may2024_v0.csv,y2024v0csv_4835311_31781613_30415212_10962314,4835311,GALVESTON BAY REFINERY,48167,2,31781613,30415212,10962314,40301109,SO2,-94.924981,29.368983,313158.3537374297,3250406.5758488416,0.0,0.16489990805537108,0.004743616191502908,645.6491,18.573154836210488,0.0002554017469479491,fixed benzene facility-z/h0 source geometry; facility-total point-ready SO2 allocated by existing geometry weights,47.3,14.41704,3.0,0.9144,78.0,298.7055555555555,0.1,0.03048,FAC001,1
Q0001390,nonegu,run1_top20_facility_srcgroup_members_2021.csv,ptnonipm/nonegu_norailyard_2021_POINT_20240502_17may2024_v0.csv,2021hb_cb6_21k/inputs/ptnonipm/nonegu_norailyard_2021_POINT_20240502_17may2024_v0.csv,y2024v0csv_4835311_31781713_30415112_10962214,4835311,GALVESTON BAY REFINERY,48167,2,31781713,30415112,10962214,40301199,SO2,-94.923819,29.370158,313273.30673329055,3250534.9424385196,0.0,1.385159227665117,0.03984637600862443,645.6491,18.573154836210488,0.0021453746743627725,fixed benzene facility-z/h0 source geometry; facility-total point-ready SO2 allocated by existing geometry weights,48.0,14.630400000000002,3.0,0.9144,78.0,298.7055555555555,0.1,0.03048,FAC001,1
Q0001391,nonegu,run1_top20_facility_srcgroup_members_2021.csv,ptnonipm/nonegu_norailyard_2021_POINT_20240502_17may2024_v0.csv,2021hb_cb6_21k/inputs/ptnonipm/nonegu_norailyard_2021_POINT_20240502_17may2024_v0.csv,y2024v0csv_4835311_31781913_64719612_97554814,4835311,GALVESTON BAY REFINERY,48167,2,31781913,64719612,97554814,40301102,SO2,-94.922656,29.370175,313386.2411840075,3250534.9671328897,0.0,1.3356892552485058,0.03842329115117356,645.6491,18.573154836210488,0.0020687541502783877,fixed benzene facility-z/h0 source geometry; facility-total point-ready SO2 allocated by existing geometry weights,48.0,14.630400000000002,3.0,0.9144,78.0,298.7055555555555,0.1,0.03048,FAC001,1
Q0001392,nonegu,run1_top20_facility_srcgroup_members_2021.csv,ptnonipm/nonegu_norailyard_2021_POINT_20240502_17may2024_v0.csv,2021hb_cb6_21k/inputs/ptnonipm/nonegu_norailyard_2021_POINT_20240502_17may2024_v0.csv,y2024v0csv_4835311_31782013_30415012_10961914,4835311,GALVESTON BAY REFINERY,48167,2,31782013,30415012,10961914,40301102,SO2,-94.924803,29.371983,313181.11443286145,3250738.781769294,0.0,1.4057717161720384,0.0404393280325623,645.6491,18.573154836210488,0.0021772998927312662,fixed benzene facility-z/h0 source geometry; facility-total point-ready SO2 allocated by existing geometry weights,46.9,14.29512,3.0,0.9144,78.0,298.7055555555555,0.1,0.03048,FAC001,1
Q0001393,nonegu,run1_top20_facility_srcgroup_members_2021.csv,ptnonipm/nonegu_norailyard_2021_POINT_20240502_17may2024_v0.csv,2021hb_cb6_21k/inputs/ptnonipm/nonegu_norailyard_2021_POINT_20240502_17may2024_v0.csv,y2024v0csv_4835311_31782213_30415412_10961714,4835311,GALVESTON BAY REFINERY,48167,2,31782213,30415412,10961714,40301109,SO2,-94.924031,29.368167,313249.09037056135,3250314.6185732028,0.0,0.15253241495121825,0.00438784497714019,645.6491,18.573154836210488,0.00023624661592685294,fixed benzene facility-z/h0 source geometry; facility-total point-ready SO2 allocated by existing geometry weights,47.2,14.38656,3.0,0.9144,78.0,298.7055555555555,0.1,0.03048,FAC001,1
Q0001394,nonegu,run1_top20_facility_srcgroup_members_2021.csv,ptnonipm/nonegu_norailyard_2021_POINT_20240502_17may2024_v0.csv,2021hb_cb6_21k/inputs/ptnonipm/nonegu_norailyard_2021_POINT_20240502_17may2024_v0.csv,y2024v0csv_4835311_31783913_30407612_10960014,4835311,GALVESTON BAY REFINERY,48167,2,31783913,30407612,10960014,40301110,SO2,-94.919142,29.3673,313722.14191974036,3250210.7194054597,0.0,0.342167309214895,0.009843003597368534,645.6491,18.573154836210488,0.0005299586249169944,fixed benzene facility-z/h0 source geometry; facility-total point-ready SO2 allocated by existing geometry weights,47.6,14.50848,3.0,0.9144,78.0,298.7055555555555,0.1,0.03048,FAC001,1
Q0001395,nonegu,run1_top20_facility_srcgroup_members_2021.csv,ptnonipm/nonegu_norailyard_2021_POINT_20240502_17may2024_v0.csv,2021hb_cb6_21k/inputs/ptnonipm/nonegu_norailyard_2021_POINT_20240502_17may2024_v0.csv,y2024v0csv_4835311_31784213_30373512_10959714,4835311,GALVESTON BAY REFINERY,48167,2,31784213,30373512,10959714,40301107,SO2,-94.931517,29.373583,312532.26676108735,3250926.872940914,0.0,0.5853946735965675,0.016839837479835328,645.6491,18.573154836210488,0.0009066762016652195,fixed benzene facility-z/h0 source geometry; facility-total point-ready SO2 allocated by existing geometry weights,40.0,12.192,3.0,0.9144,78.0,298.7055555555555,0.1,0.03048,FAC001,1
Q0001396,nonegu,run1_top20_facility_srcgroup_members_2021.csv,ptnonipm/nonegu_norailyard_2021_POINT_20240502_17may2024_v0.csv,2021hb_cb6_21k/inputs/ptnonipm/nonegu_norailyard_2021_POINT_20240502_17may2024_v0.csv,y2024v0csv_4835311_31790013_30383812_8099314,4835311,GALVESTON BAY REFINERY,48167,2,31790013,30383812,8099314,40301021,SO2,-94.936983,29.3728,312000.20679037157,3250848.8823543144,0.0,0.4287397609439648,0.012333402097907563,645.6491,18.573154836210488,0.0006640445420646677,fixed benzene facility-z/h0 source geometry; facility-total point-ready SO2 allocated by existing geometry weights,42.0,12.8016,41.9,12.77112,80.0,299.81666666666666,0.1,0.03048,FAC001,1
Q0001397,nonegu,run1_top20_facility_srcgroup_members_2021.csv,ptnonipm/nonegu_norailyard_2021_POINT_20240502_17may2024_v0.csv,2021hb_cb6_21k/inputs/ptnonipm/nonegu_norailyard_2021_POINT_20240502_17may2024_v0.csv,y2024v0csv_4835311_31790113_30418412_8099214,4835311,GALVESTON BAY REFINERY,48167,2,31790113,30418412,8099214,40301005,SO2,-94.93335,29.374571999999997,312356.1404687214,3251039.429265865,0.0,0.11130743793737549,0.0032019409292644635,645.6491,18.573154836210488,0.00017239617918986567,fixed benzene facility-z/h0 source geometry; facility-total point-ready SO2 allocated by existing geometry weights,46.0,14.0208,45.9,13.99032,78.0,298.7055555555555,0.1,0.03048,FAC001,1
Q0001398,nonegu,run1_top20_facility_srcgroup_members_2021.csv,ptnonipm/nonegu_norailyard_2021_POINT_20240502_17may2024_v0.csv,2021hb_cb6_21k/inputs/ptnonipm/nonegu_norailyard_2021_POINT_20240502_17may2024_v0.csv,y2024v0csv_4835311_31790213_30374312_8099114,4835311,GALVESTON BAY REFINERY,48167,2,31790213,30374312,8099114,40301005,SO2,-94.933739,29.374578000000003,312318.3890780928,3251040.7195836613,0.0,0.11542993563875976,0.003320531334052036,645.6491,18.573154836210488,0.0001787812228635644,fixed benzene facility-z/h0 source geometry; facility-total point-ready SO2 allocated by existing geometry weights,46.0,14.0208,45.9,13.99032,78.0,298.7055555555555,0.1,0.03048,FAC001,1
Q0001399,nonegu,run1_top20_facility_srcgroup_members_2021.csv,ptnonipm/nonegu_norailyard_2021_POINT_20240502_17may2024_v0.csv,2021hb_cb6_21k/inputs/ptnonipm/nonegu_norailyard_2021_POINT_20240502_17may2024_v0.csv,y2024v0csv_4835311_31790413_30396212_8098914,4835311,GALVESTON BAY REFINERY,48167,2,31790413,30396212,8098914,40301006,SO2,-94.930108,29.374706,312671.1048447058,3251049.073798278,0.0,0.11130743793737549,0.0032019409292644635,645.6491,18.573154836210488,0.00017239617918986567,fixed benzene facility-z/h0 source geometry; facility-total point-ready SO2 allocated by existing geometry weights,40.0,12.192,39.9,12.16152,78.0,298.7055555555555,0.1,0.03048,FAC001,1
Q0001400,nonegu,run1_top20_facility_srcgroup_members_2021.csv,ptnonipm/nonegu_norailyard_2021_POINT_20240502_17may2024_v0.csv,2021hb_cb6_21k/inputs/ptnonipm/nonegu_norailyard_2021_POINT_20240502_17may2024_v0.csv,y2024v0csv_4835311_31790513_30369312_8098814,4835311,GALVESTON BAY REFINERY,48167,2,31790513,30369312,8098814,40301005,SO2,-94.937447,29.372791999999997,311955.1481737671,3250848.7429982247,0.0,0.4823322310619605,0.013875077360146008,645.6491,18.573154836210488,0.0007470501098227512,fixed benzene facility-z/h0 source geometry; facility-total point-ready SO2 allocated by existing geometry weights,42.0,12.8016,41.9,12.77112,78.0,298.7055555555555,0.1,0.03048,FAC001,1
Q0001401,nonegu,run1_top20_facility_srcgroup_members_2021.csv,ptnonipm/nonegu_norailyard_2021_POINT_20240502_17may2024_v0.csv,2021hb_cb6_21k/inputs/ptnonipm/nonegu_norailyard_2021_POINT_20240502_17may2024_v0.csv,y2024v0csv_4835311_31790613_30405012_8098714,4835311,GALVESTON BAY REFINERY,48167,2,31790613,30405012,8098714,40301005,SO2,-94.940542,29.372628,311654.3914224889,3250835.555943269,0.0,0.7502945816519385,0.021583453671338234,645.6491,18.573154836210488,0.0011620779486131686,fixed benzene facility-z/h0 source geometry; facility-total point-ready SO2 allocated by existing geometry weights,40.0,12.192,39.9,12.16152,78.0,298.7055555555555,0.1,0.03048,FAC001,1
Q0001402,nonegu,run1_top20_facility_srcgroup_members_2021.csv,ptnonipm/nonegu_norailyard_2021_POINT_20240502_17may2024_v0.csv,2021hb_cb6_21k/inputs/ptnonipm/nonegu_norailyard_2021_POINT_20240502_17may2024_v0.csv,y2024v0csv_4835311_31790813_30419412_8098514,4835311,GALVESTON BAY REFINERY,48167,2,31790813,30419412,8098514,40301005,SO2,-94.940528,29.371703000000004,311654.04682461487,3250733.0148579027,0.0,1.7273265368800121,0.04968937960599296,645.6491,18.573154836210488,0.002675333299279767,fixed benzene facility-z/h0 source geometry; facility-total point-ready SO2 allocated by existing geometry weights,40.0,12.192,39.9,12.16152,78.0,298.7055555555555,0.1,0.03048,FAC001,1
Q0001403,nonegu,run1_top20_facility_srcgroup_members_2021.csv,ptnonipm/nonegu_norailyard_2021_POINT_20240502_17may2024_v0.csv,2021hb_cb6_21k/inputs/ptnonipm/nonegu_norailyard_2021_POINT_20240502_17may2024_v0.csv,y2024v0csv_4835311_31790913_30369212_8098414,4835311,GALVESTON BAY REFINERY,48167,2,31790913,30369212,8098414,40301005,SO2,-94.935642,29.372808000000003,312130.4022209048,3250847.6102756457,0.0,0.4864547287633447,0.01399366776493358,645.6491,18.573154836210488,0.0007534351534964499,fixed benzene facility-z/h0 source geometry; facility-total point-ready SO2 allocated by existing geometry weights,42.0,12.8016,41.9,12.77112,78.0,298.7055555555555,0.1,0.03048,FAC001,1
Q0001404,nonegu,run1_top20_facility_srcgroup_members_2021.csv,ptnonipm/nonegu_norailyard_2021_POINT_20240502_17may2024_v0.csv,2021hb_cb6_21k/inputs/ptnonipm/nonegu_norailyard_2021_POINT_20240502_17may2024_v0.csv,y2024v0csv_4835311_31791113_30418312_8098214,4835311,GALVESTON BAY REFINERY,48167,2,31791113,30418312,8098214,40301005,SO2,-94.940006,29.367594,311697.1563969761,3250276.769277909,0.0,6.991756101547734,0.20112932651972332,645.6491,18.573154836210488,0.010829034070593043,fixed benzene facility-z/h0 source geometry; facility-total point-ready SO2 allocated by existing geometry weights,47.0,14.3256,46.9,14.29512,78.0,298.7055555555555,0.1,0.03048,FAC001,1
Q0001405,nonegu,run1_top20_facility_srcgroup_members_2021.csv,ptnonipm/nonegu_norailyard_2021_POINT_20240502_17may2024_v0.csv,2021hb_cb6_21k/inputs/ptnonipm/nonegu_norailyard_2021_POINT_20240502_17may2024_v0.csv,y2024v0csv_4835311_31792613_30383912_8096314,4835311,GALVESTON BAY REFINERY,48167,2,31792613,30383912,8096314,40301117,SO2,-94.921789,29.368011,313466.4622660018,3250293.745301619,0.0,0.5730271804924145,0.016484066265472608,645.6491,18.573154836210488,0.0008875210706441232,fixed benzene facility-z/h0 source geometry; facility-total point-ready SO2 allocated by existing geometry weights,48.0,14.630400000000002,3.0,0.9144,78.0,298.7055555555555,0.1,0.03048,FAC001,1
Q0001406,nonegu,run1_top20_facility_srcgroup_members_2021.csv,ptnonipm/nonegu_norailyard_2021_POINT_20240502_17may2024_v0.csv,2021hb_cb6_21k/inputs/ptnonipm/nonegu_norailyard_2021_POINT_20240502_17may2024_v0.csv,y2024v0csv_4835311_31792913_30419612_8096014,4835311,GALVESTON BAY REFINERY,48167,2,31792913,30419612,8096014,40301140,SO2,-94.937847,29.375403,311921.1198446009,3251138.766436835,0.0,1.5830391173315623,0.04553871543842792,645.6491,18.573154836210488,0.0024518567707003114,fixed benzene facility-z/h0 source geometry; facility-total point-ready SO2 allocated by existing geometry weights,36.0,10.9728,35.9,10.94232,77.0,298.15,0.1,0.03048,FAC001,1
Q0001407,nonegu,run1_top20_facility_srcgroup_members_2021.csv,ptnonipm/nonegu_norailyard_2021_POINT_20240502_17may2024_v0.csv,2021hb_cb6_21k/inputs/ptnonipm/nonegu_norailyard_2021_POINT_20240502_17may2024_v0.csv,y2024v0csv_4835311_31793313_30396012_8095614,4835311,GALVESTON BAY REFINERY,48167,2,31793313,30396012,8095614,40301005,SO2,-94.940528,29.371221999999996,311653.1609278625,3250679.7052432853,0.0,1.2903417805332789,0.03711879669851026,645.6491,18.573154836210488,0.001998518669867702,fixed benzene facility-z/h0 source geometry; facility-total point-ready SO2 allocated by existing geometry weights,40.0,12.192,39.9,12.16152,78.0,298.7055555555555,0.1,0.03048,FAC001,1
Q0001408,nonegu,run1_top20_facility_srcgroup_members_2021.csv,ptnonipm/nonegu_norailyard_2021_POINT_20240502_17may2024_v0.csv,2021hb_cb6_21k/inputs/ptnonipm/nonegu_norailyard_2021_POINT_20240502_17may2024_v0.csv,y2024v0csv_4835311_31793413_30367112_8095514,4835311,GALVESTON BAY REFINERY,48167,2,31793413,30367112,8095514,30600904,SO2,-94.935053,29.373721999999997,312189.25948765373,3250947.9617883926,0.0,7.775030664810746,0.2236615034293621,645.6491,18.573154836210488,0.0120421923685958,fixed benzene facility-z/h0 source geometry; facility-total point-ready SO2 allocated by existing geometry weights,275.0,83.82000000000001,10.6,3.23088,1012.37,817.8000000000001,0.5663,0.17260824,FAC001,1
Q0001409,nonegu,run1_top20_facility_srcgroup_members_2021.csv,ptnonipm/nonegu_norailyard_2021_POINT_20240502_17may2024_v0.csv,2021hb_cb6_21k/inputs/ptnonipm/nonegu_norailyard_2021_POINT_20240502_17may2024_v0.csv,y2024v0csv_4835311_31794113_30368112_8094814,4835311,GALVESTON BAY REFINERY,48167,2,31794113,30368112,8094814,40301198,SO2,-94.928178,29.371346999999997,312852.3128137737,3250673.698986487,0.0,1.5995291081370997,0.04601307705757821,645.6491,18.573154836210488,0.0024773969453951066,fixed benzene facility-z/h0 source geometry; facility-total point-ready SO2 allocated by existing geometry weights,40.0,12.192,3.0,0.9144,77.0,298.15,0.1,0.03048,FAC001,1
Q0001410,nonegu,run1_top20_facility_srcgroup_members_2021.csv,ptnonipm/nonegu_norailyard_2021_POINT_20240502_17may2024_v0.csv,2021hb_cb6_21k/inputs/ptnonipm/nonegu_norailyard_2021_POINT_20240502_17may2024_v0.csv,y2024v0csv_4835311_31794213_30384012_8094714,4835311,GALVESTON BAY REFINERY,48167,2,31794213,30384012,8094714,38500101,SO2,-94.927208,29.374121999999996,312951.5549519926,3250979.6987617724,0.0,2.164311293226745,0.06225996251347567,645.6491,18.573154836210488,0.003352147928691832,fixed benzene facility-z/h0 source geometry; facility-total point-ready SO2 allocated by existing geometry weights,68.0,20.7264,28.0,8.5344,99.0,310.3722222222222,37.65,11.47572,FAC001,1
Q0001411,nonegu,run1_top20_facility_srcgroup_members_2021.csv,ptnonipm/nonegu_norailyard_2021_POINT_20240502_17may2024_v0.csv,2021hb_cb6_21k/inputs/ptnonipm/nonegu_norailyard_2021_POINT_20240502_17may2024_v0.csv,y2024v0csv_4835311_31795213_30406012_8093014,4835311,GALVESTON BAY REFINERY,48167,2,31795213,30406012,8093014,40301099,SO2,-94.920769,29.371186,313571.27304943727,3250644.001815083,0.0,4.176090171502273,0.12013208004981117,645.6491,18.573154836210488,0.006468049241456812,fixed benzene facility-z/h0 source geometry; facility-total point-ready SO2 allocated by existing geometry weights,48.0,14.630400000000002,47.9,14.59992,200.0,366.4833333333333,0.1,0.03048,FAC001,1
Q0001412,nonegu,run1_top20_facility_srcgroup_members_2021.csv,ptnonipm/nonegu_norailyard_2021_POINT_20240502_17may2024_v0.csv,2021hb_cb6_21k/inputs/ptnonipm/nonegu_norailyard_2021_POINT_20240502_17may2024_v0.csv,y2024v0csv_4835311_31795313_30368512_8092914,4835311,GALVESTON BAY REFINERY,48167,2,31795313,30368512,8092914,40301102,SO2,-94.939156,29.372269,311788.28025802516,3250793.5324611133,0.0,10.50412414312714,0.3021683513987353,645.6491,18.573154836210488,0.01626909128058436,fixed benzene facility-z/h0 source geometry; facility-total point-ready SO2 allocated by existing geometry weights,40.0,12.192,39.9,12.16152,78.0,298.7055555555555,0.1,0.03048,FAC001,1
Q0001413,nonegu,run1_top20_facility_srcgroup_members_2021.csv,ptnonipm/nonegu_norailyard_2021_POINT_20240502_17may2024_v0.csv,2021hb_cb6_21k/inputs/ptnonipm/nonegu_norailyard_2021_POINT_20240502_17may2024_v0.csv,y2024v0csv_4835311_31795413_30404812_8092814,4835311,GALVESTON BAY REFINERY,48167,2,31795413,30404812,8092814,40301102,SO2,-94.932097,29.371528,312472.1938828968,3250700.047722671,0.0,0.7997645540685498,0.023006538528789106,645.6491,18.573154836210488,0.0012386984726975533,fixed benzene facility-z/h0 source geometry; facility-total point-ready SO2 allocated by existing geometry weights,40.0,12.192,3.0,0.9144,78.0,298.7055555555555,0.1,0.03048,FAC001,1
Q0001414,nonegu,run1_top20_facility_srcgroup_members_2021.csv,ptnonipm/nonegu_norailyard_2021_POINT_20240502_17may2024_v0.csv,2021hb_cb6_21k/inputs/ptnonipm/nonegu_norailyard_2021_POINT_20240502_17may2024_v0.csv,y2024v0csv_4835311_31795613_30384112_8092614,4835311,GALVESTON BAY REFINERY,48167,2,31795613,30384112,8092614,40301099,SO2,-94.922842,29.368031,313364.271953838,3250297.644568887,0.0,1.0058894391377637,0.028936058768167745,645.6491,18.573154836210488,0.0015579506563824898,fixed benzene facility-z/h0 source geometry; facility-total point-ready SO2 allocated by existing geometry weights,42.0,12.8016,41.9,12.77112,78.0,298.7055555555555,0.1,0.03048,FAC001,1
Q0001415,nonegu,run1_top20_facility_srcgroup_members_2021.csv,ptnonipm/nonegu_norailyard_2021_POINT_20240502_17may2024_v0.csv,2021hb_cb6_21k/inputs/ptnonipm/nonegu_norailyard_2021_POINT_20240502_17may2024_v0.csv,y2024v0csv_4835311_31795713_30400612_8092514,4835311,GALVESTON BAY REFINERY,48167,2,31795713,30400612,8092514,40301102,SO2,-94.933936,29.373458000000003,312297.20924506086,3250916.9060322363,0.0,15.022381623844305,0.43214343504591496,645.6491,18.573154836210488,0.023267099146958164,fixed benzene facility-z/h0 source geometry; facility-total point-ready SO2 allocated by existing geometry weights,39.0,11.8872,38.9,11.85672,78.0,298.7055555555555,0.1,0.03048,FAC001,1
Q0001416,nonegu,run1_top20_facility_srcgroup_members_2021.csv,ptnonipm/nonegu_norailyard_2021_POINT_20240502_17may2024_v0.csv,2021hb_cb6_21k/inputs/ptnonipm/nonegu_norailyard_2021_POINT_20240502_17may2024_v0.csv,y2024v0csv_4835311_31795913_30400712_8092314,4835311,GALVESTON BAY REFINERY,48167,2,31795913,30400712,8092314,40301199,SO2,-94.938939,29.3722,311809.21918955643,3250785.5353250583,0.0,0.23085987127751953,0.006641062668104072,645.6491,18.573154836210488,0.0003575624457271288,fixed benzene facility-z/h0 source geometry; facility-total point-ready SO2 allocated by existing geometry weights,39.0,11.8872,38.9,11.85672,78.0,298.7055555555555,0.1,0.03048,FAC001,1
Q0001417,nonegu,run1_top20_facility_srcgroup_members_2021.csv,ptnonipm/nonegu_norailyard_2021_POINT_20240502_17may2024_v0.csv,2021hb_cb6_21k/inputs/ptnonipm/nonegu_norailyard_2021_POINT_20240502_17may2024_v0.csv,y2024v0csv_4835311_31796013_30369412_8092214,4835311,GALVESTON BAY REFINERY,48167,2,31796013,30369412,8092214,38500101,SO2,-94.919669,29.374158,313683.474359444,3250971.632926056,0.0,0.7338045908464014,0.02110909205218794,645.6491,18.573154836210488,0.0011365377739183736,fixed benzene facility-z/h0 source geometry; facility-total point-ready SO2 allocated by existing geometry weights,48.0,14.630400000000002,12.0,3.6576,85.0,302.59444444444443,16.7,5.09016,FAC001,1
Q0001418,nonegu,run1_top20_facility_srcgroup_members_2021.csv,ptnonipm/nonegu_norailyard_2021_POINT_20240502_17may2024_v0.csv,2021hb_cb6_21k/inputs/ptnonipm/nonegu_norailyard_2021_POINT_20240502_17may2024_v0.csv,y2024v0csv_4835311_31796313_30377712_8091914,4835311,GALVESTON BAY REFINERY,48167,2,31796313,30377712,8091914,40301102,SO2,-94.939167,29.372767,311788.1289936225,3250848.743917413,0.0,8.978799993614956,0.25828990162733334,645.6491,18.573154836210488,0.01390662512131583,fixed benzene facility-z/h0 source geometry; facility-total point-ready SO2 allocated by existing geometry weights,40.0,12.192,39.9,12.16152,78.0,298.7055555555555,0.1,0.03048,FAC001,1
Q0001419,nonegu,run1_top20_facility_srcgroup_members_2021.csv,ptnonipm/nonegu_norailyard_2021_POINT_20240502_17may2024_v0.csv,2021hb_cb6_21k/inputs/ptnonipm/nonegu_norailyard_2021_POINT_20240502_17may2024_v0.csv,y2024v0csv_4835311_31796713_30414912_8091514,4835311,GALVESTON BAY REFINERY,48167,2,31796713,30414912,8091514,38500101,SO2,-94.918564,29.375544,313793.2668873824,3251123.4804009986,0.0,1.117196877075139,0.0321379996974322,645.6491,18.573154836210488,0.0017303468355723552,fixed benzene facility-z/h0 source geometry; facility-total point-ready SO2 allocated by existing geometry weights,49.0,14.9352,28.0,8.5344,103.0,312.59444444444443,33.73,10.280904,FAC001,1
Q0001420,nonegu,run1_top20_facility_srcgroup_members_2021.csv,ptnonipm/nonegu_norailyard_2021_POINT_20240502_17may2024_v0.csv,2021hb_cb6_21k/inputs/ptnonipm/nonegu_norailyard_2021_POINT_20240502_17may2024_v0.csv,y2024v0csv_4835311_31797013_30399612_8091214,4835311,GALVESTON BAY REFINERY,48167,2,31797013,30399612,8091214,40301107,SO2,-94.933786,29.372078,312309.2378250392,3250763.7186549357,0.0,2.320966205879348,0.06676639789540344,645.6491,18.573154836210488,0.003594779588292384,fixed benzene facility-z/h0 source geometry; facility-total point-ready SO2 allocated by existing geometry weights,41.8,12.74064,3.0,0.9144,78.0,298.7055555555555,0.1,0.03048,FAC001,1
Q0001421,nonegu,run1_top20_facility_srcgroup_members_2021.csv,ptnonipm/nonegu_norailyard_2021_POINT_20240502_17may2024_v0.csv,2021hb_cb6_21k/inputs/ptnonipm/nonegu_norailyard_2021_POINT_20240502_17may2024_v0.csv,y2024v0csv_4835311_31797313_30397012_8271914,4835311,GALVESTON BAY REFINERY,48167,2,31797313,30397012,8271914,40301102,SO2,-94.938603,29.372494,311842.37835779926,3250817.5779954973,0.0,9.588929653419829,0.27584128153589416,645.6491,18.573154836210488,0.014851611585023242,fixed benzene facility-z/h0 source geometry; facility-total point-ready SO2 allocated by existing geometry weights,40.0,12.192,39.9,12.16152,78.0,298.7055555555555,0.1,0.03048,FAC001,1
Q0001422,nonegu,run1_top20_facility_srcgroup_members_2021.csv,ptnonipm/nonegu_norailyard_2021_POINT_20240502_17may2024_v0.csv,2021hb_cb6_21k/inputs/ptnonipm/nonegu_norailyard_2021_POINT_20240502_17may2024_v0.csv,y2024v0csv_4835311_31797413_30363112_8271814,4835311,GALVESTON BAY REFINERY,48167,2,31797413,30363112,8271814,40301110,SO2,-94.917761,29.367972,313857.43522114167,3250282.9948200686,0.0,0.33392231381212645,0.00960582278779339,645.6491,18.573154836210488,0.0005171885375695969,fixed benzene facility-z/h0 source geometry; facility-total point-ready SO2 allocated by existing geometry weights,47.6,14.50848,3.0,0.9144,78.0,298.7055555555555,0.1,0.03048,FAC001,1
Q0001423,nonegu,run1_top20_facility_srcgroup_members_2021.csv,ptnonipm/nonegu_norailyard_2021_POINT_20240502_17may2024_v0.csv,2021hb_cb6_21k/inputs/ptnonipm/nonegu_norailyard_2021_POINT_20240502_17may2024_v0.csv,y2024v0csv_4835311_31797513_30373312_8271714,4835311,GALVESTON BAY REFINERY,48167,2,31797513,30373312,8271714,40301110,SO2,-94.916236,29.368967,314007.293739591,3250390.840443765,0.0,0.40400477473565916,0.011621859669182126,645.6491,18.573154836210488,0.0006257342800224753,fixed benzene facility-z/h0 source geometry; facility-total point-ready SO2 allocated by existing geometry weights,48.0,14.630400000000002,3.0,0.9144,78.0,298.7055555555555,0.1,0.03048,FAC001,1
Q0001424,nonegu,run1_top20_facility_srcgroup_members_2021.csv,ptnonipm/nonegu_norailyard_2021_POINT_20240502_17may2024_v0.csv,2021hb_cb6_21k/inputs/ptnonipm/nonegu_norailyard_2021_POINT_20240502_17may2024_v0.csv,y2024v0csv_4835311_31797613_30399912_8271614,4835311,GALVESTON BAY REFINERY,48167,2,31797613,30399912,8271614,40301110,SO2,-94.91835,29.369117,313802.3387927441,3250410.834287986,0.0,0.34628980691627925,0.009961594002156108,645.6491,18.573154836210488,0.0005363436685906931,fixed benzene facility-z/h0 source geometry; facility-total point-ready SO2 allocated by existing geometry weights,47.6,14.50848,3.0,0.9144,78.0,298.7055555555555,0.1,0.03048,FAC001,1
Q0001425,nonegu,run1_top20_facility_srcgroup_members_2021.csv,ptnonipm/nonegu_norailyard_2021_POINT_20240502_17may2024_v0.csv,2021hb_cb6_21k/inputs/ptnonipm/nonegu_norailyard_2021_POINT_20240502_17may2024_v0.csv,y2024v0csv_4835311_31797713_30373612_8271514,4835311,GALVESTON BAY REFINERY,48167,2,31797713,30373612,8271514,40301110,SO2,-94.919842,29.368433000000003,313656.2486955331,3250337.4067614553,0.0,0.3627797977218164,0.010435955621306399,645.6491,18.573154836210488,0.0005618838432854881,fixed benzene facility-z/h0 source geometry; facility-total point-ready SO2 allocated by existing geometry weights,47.5,14.478000000000002,3.0,0.9144,78.0,298.7055555555555,0.1,0.03048,FAC001,1
Q0001426,nonegu,run1_top20_facility_srcgroup_members_2021.csv,ptnonipm/nonegu_norailyard_2021_POINT_20240502_17may2024_v0.csv,2021hb_cb6_21k/inputs/ptnonipm/nonegu_norailyard_2021_POINT_20240502_17may2024_v0.csv,y2024v0csv_4835311_31797813_30363012_8271414,4835311,GALVESTON BAY REFINERY,48167,2,31797813,30363012,8271414,40301102,SO2,-94.933556,29.373461,312334.1038788909,3250916.62760847,0.0,13.756774829519333,0.39573618077613015,645.6491,18.573154836210488,0.021306890739132656,fixed benzene facility-z/h0 source geometry; facility-total point-ready SO2 allocated by existing geometry weights,40.0,12.192,39.9,12.16152,78.0,298.7055555555555,0.1,0.03048,FAC001,1
Q0001427,nonegu,run1_top20_facility_srcgroup_members_2021.csv,ptnonipm/nonegu_norailyard_2021_POINT_20240502_17may2024_v0.csv,2021hb_cb6_21k/inputs/ptnonipm/nonegu_norailyard_2021_POINT_20240502_17may2024_v0.csv,y2024v0csv_4835311_31798013_30362812_8271214,4835311,GALVESTON BAY REFINERY,48167,2,31798013,30362812,8271214,40301199,SO2,-94.938936,29.378589,311821.2693363809,3251493.628489897,0.0,3.1908132208714304,0.09178897330558128,645.6491,18.573154836210488,0.004942023803442815,fixed benzene facility-z/h0 source geometry; facility-total point-ready SO2 allocated by existing geometry weights,42.0,12.8016,41.9,12.77112,80.0,299.81666666666666,0.1,0.03048,FAC001,1
Q0001428,nonegu,run1_top20_facility_srcgroup_members_2021.csv,ptnonipm/nonegu_norailyard_2021_POINT_20240502_17may2024_v0.csv,2021hb_cb6_21k/inputs/ptnonipm/nonegu_norailyard_2021_POINT_20240502_17may2024_v0.csv,y2024v0csv_4835311_31798113_30373412_8271114,4835311,GALVESTON BAY REFINERY,48167,2,31798113,30373412,8271114,40301102,SO2,-94.922864,29.368619,313363.2091523765,3250362.8478631265,0.0,1.113074379373755,0.032019409292644636,645.6491,18.573154836210488,0.0017239617918986567,fixed benzene facility-z/h0 source geometry; facility-total point-ready SO2 allocated by existing geometry weights,40.0,12.192,39.9,12.16152,78.0,298.7055555555555,0.1,0.03048,FAC001,1
Q0001429,nonegu,run1_top20_facility_srcgroup_members_2021.csv,ptnonipm/nonegu_norailyard_2021_POINT_20240502_17may2024_v0.csv,2021hb_cb6_21k/inputs/ptnonipm/nonegu_norailyard_2021_POINT_20240502_17may2024_v0.csv,y2024v0csv_4835311_31798913_30362912_8270314,4835311,GALVESTON BAY REFINERY,48167,2,31798913,30362912,8270314,40301102,SO2,-94.933561,29.373831,312334.2975509267,3250957.6429657284,0.0,0.4534747471522705,0.013044944526632999,645.6491,18.573154836210488,0.0007023548041068601,fixed benzene facility-z/h0 source geometry; facility-total point-ready SO2 allocated by existing geometry weights,40.0,12.192,39.9,12.16152,78.0,298.7055555555555,0.1,0.03048,FAC001,1
Q0001430,nonegu,run1_top20_facility_srcgroup_members_2021.csv,ptnonipm/nonegu_norailyard_2021_POINT_20240502_17may2024_v0.csv,2021hb_cb6_21k/inputs/ptnonipm/nonegu_norailyard_2021_POINT_20240502_17may2024_v0.csv,y2024v0csv_4835311_31800713_124996612_174856814,4835311,GALVESTON BAY REFINERY,48167,2,31800713,124996612,174856814,30600999,SO2,-94.935775,29.376966999999997,312125.13293164916,3251308.769140026,0.0,180.71793173558257,5.198647574672825,645.6491,18.573154836210488,0.27990115952393113,fixed benzene facility-z/h0 source geometry; facility-total point-ready SO2 allocated by existing geometry weights,350.0,106.68,8.1,2.46888,1247.45,948.4,1.6165,0.4927092,FAC001,1
Q0001431,nonegu,run1_top20_facility_srcgroup_members_2021.csv,ptnonipm/nonegu_norailyard_2021_POINT_20240502_17may2024_v0.csv,2021hb_cb6_21k/inputs/ptnonipm/nonegu_norailyard_2021_POINT_20240502_17may2024_v0.csv,y2024v0csv_4835311_31800813_30397112_8268314,4835311,GALVESTON BAY REFINERY,48167,2,31800813,30397112,8268314,40301102,SO2,-94.939014,29.371361,311800.394276744,3250692.6692225104,0.0,7.465843337206926,0.2147672230702942,645.6491,18.573154836210488,0.011563314093068397,fixed benzene facility-z/h0 source geometry; facility-total point-ready SO2 allocated by existing geometry weights,40.0,12.192,39.9,12.16152,78.0,298.7055555555555,0.1,0.03048,FAC001,1
Q0001432,nonegu,run1_top20_facility_srcgroup_members_2021.csv,ptnonipm/nonegu_norailyard_2021_POINT_20240502_17may2024_v0.csv,2021hb_cb6_21k/inputs/ptnonipm/nonegu_norailyard_2021_POINT_20240502_17may2024_v0.csv,y2024v0csv_4835311_31801813_30368912_8267314,4835311,GALVESTON BAY REFINERY,48167,2,31801813,30368912,8267314,40301021,SO2,-94.918369,29.37775,313816.21351927175,3251367.6606205036,0.0,7.04534857166573,0.20267100178196176,645.6491,18.573154836210488,0.010912039638351126,fixed benzene facility-z/h0 source geometry; facility-total point-ready SO2 allocated by existing geometry weights,48.0,14.630400000000002,47.9,14.59992,80.0,299.81666666666666,0.1,0.03048,FAC001,1
Q0001433,nonegu,run1_top20_facility_srcgroup_members_2021.csv,ptnonipm/nonegu_norailyard_2021_POINT_20240502_17may2024_v0.csv,2021hb_cb6_21k/inputs/ptnonipm/nonegu_norailyard_2021_POINT_20240502_17may2024_v0.csv,y2024v0csv_4835311_31801913_30402012_8267214,4835311,GALVESTON BAY REFINERY,48167,2,31801913,30402012,8267214,40301021,SO2,-94.918369,29.37775,313816.21351927175,3251367.6606205036,0.0,10.702004032793585,0.3078606908285388,645.6491,18.573154836210488,0.0165755733769219,fixed benzene facility-z/h0 source geometry; facility-total point-ready SO2 allocated by existing geometry weights,47.0,14.3256,46.9,14.29512,80.0,299.81666666666666,0.1,0.03048,FAC001,1
Q0001434,nonegu,run1_top20_facility_srcgroup_members_2021.csv,ptnonipm/nonegu_norailyard_2021_POINT_20240502_17may2024_v0.csv,2021hb_cb6_21k/inputs/ptnonipm/nonegu_norailyard_2021_POINT_20240502_17may2024_v0.csv,y2024v0csv_4835311_31802013_30370012_8267114,4835311,GALVESTON BAY REFINERY,48167,2,31802013,30370012,8267114,40301021,SO2,-94.918369,29.37775,313816.21351927175,3251367.6606205036,0.0,8.174912941845022,0.2351647726937567,645.6491,18.573154836210488,0.012661541604944579,fixed benzene facility-z/h0 source geometry; facility-total point-ready SO2 allocated by existing geometry weights,47.0,14.3256,46.9,14.29512,80.0,299.81666666666666,0.1,0.03048,FAC001,1
Q0001435,nonegu,run1_top20_facility_srcgroup_members_2021.csv,ptnonipm/nonegu_norailyard_2021_POINT_20240502_17may2024_v0.csv,2021hb_cb6_21k/inputs/ptnonipm/nonegu_norailyard_2021_POINT_20240502_17may2024_v0.csv,y2024v0csv_4835311_31802313_30371012_8266814,4835311,GALVESTON BAY REFINERY,48167,2,31802313,30371012,8266814,40301021,SO2,-94.936947,29.367675,311994.28024927963,3250280.81725457,0.0,10.528859129335446,0.3028798938274608,645.6491,18.573154836210488,0.016307401542626554,fixed benzene facility-z/h0 source geometry; facility-total point-ready SO2 allocated by existing geometry weights,39.0,11.8872,38.9,11.85672,80.0,299.81666666666666,0.1,0.03048,FAC001,1
Q0001436,nonegu,run1_top20_facility_srcgroup_members_2021.csv,ptnonipm/nonegu_norailyard_2021_POINT_20240502_17may2024_v0.csv,2021hb_cb6_21k/inputs/ptnonipm/nonegu_norailyard_2021_POINT_20240502_17may2024_v0.csv,y2024v0csv_4835311_31802713_30401112_8266414,4835311,GALVESTON BAY REFINERY,48167,2,31802713,30401112,8266414,40301021,SO2,-94.939075,29.371169,311794.1191150104,3250671.48805181,0.0,1.158421854088982,0.033323903745307935,645.6491,18.573154836210488,0.0017941972723093426,fixed benzene facility-z/h0 source geometry; facility-total point-ready SO2 allocated by existing geometry weights,40.0,12.192,39.9,12.16152,80.0,299.81666666666666,0.1,0.03048,FAC001,1
Q0001437,nonegu,run1_top20_facility_srcgroup_members_2021.csv,ptnonipm/nonegu_norailyard_2021_POINT_20240502_17may2024_v0.csv,2021hb_cb6_21k/inputs/ptnonipm/nonegu_norailyard_2021_POINT_20240502_17may2024_v0.csv,y2024v0csv_4835311_31802813_30410812_8266314,4835311,GALVESTON BAY REFINERY,48167,2,31802813,30410812,8266314,40301021,SO2,-94.937875,29.369364,311907.2941384844,3250469.5048167226,0.0,10.615431581064515,0.3053702923279998,645.6491,18.573154836210488,0.016441487459774227,fixed benzene facility-z/h0 source geometry; facility-total point-ready SO2 allocated by existing geometry weights,40.0,12.192,39.9,12.16152,80.0,299.81666666666666,0.1,0.03048,FAC001,1
Q0001438,nonegu,run1_top20_facility_srcgroup_members_2021.csv,ptnonipm/nonegu_norailyard_2021_POINT_20240502_17may2024_v0.csv,2021hb_cb6_21k/inputs/ptnonipm/nonegu_norailyard_2021_POINT_20240502_17may2024_v0.csv,y2024v0csv_4835311_31802913_30406112_8266214,4835311,GALVESTON BAY REFINERY,48167,2,31802913,30406112,8266214,40301021,SO2,-94.936936,29.369364,311998.45287175104,3250467.99248292,0.0,10.586574097154823,0.3045401594944867,645.6491,18.573154836210488,0.016396792154058332,fixed benzene facility-z/h0 source geometry; facility-total point-ready SO2 allocated by existing geometry weights,40.0,12.192,39.9,12.16152,80.0,299.81666666666666,0.1,0.03048,FAC001,1
Q0001439,nonegu,run1_top20_facility_srcgroup_members_2021.csv,ptnonipm/nonegu_norailyard_2021_POINT_20240502_17may2024_v0.csv,2021hb_cb6_21k/inputs/ptnonipm/nonegu_norailyard_2021_POINT_20240502_17may2024_v0.csv,y2024v0csv_4835311_31803013_30406912_8266114,4835311,GALVESTON BAY REFINERY,48167,2,31803013,30406912,8266114,40301021,SO2,-94.937764,29.368483,311916.44992558926,3250371.6841859687,0.0,1.8386339748173877,0.05289132053525743,645.6491,18.573154836210488,0.0028477294784696326,fixed benzene facility-z/h0 source geometry; facility-total point-ready SO2 allocated by existing geometry weights,40.0,12.192,39.9,12.16152,80.0,299.81666666666666,0.1,0.03048,FAC001,1
Q0001440,nonegu,run1_top20_facility_srcgroup_members_2021.csv,ptnonipm/nonegu_norailyard_2021_POINT_20240502_17may2024_v0.csv,2021hb_cb6_21k/inputs/ptnonipm/nonegu_norailyard_2021_POINT_20240502_17may2024_v0.csv,y2024v0csv_4835311_31803113_30407012_8266014,4835311,GALVESTON BAY REFINERY,48167,2,31803113,30407012,8266014,40301021,SO2,-94.936819,29.368497,312008.217663949,3250371.7139356355,0.0,9.283864823517392,0.26706559158161375,645.6491,18.573154836210488,0.014379118353169537,fixed benzene facility-z/h0 source geometry; facility-total point-ready SO2 allocated by existing geometry weights,40.0,12.192,39.9,12.16152,80.0,299.81666666666666,0.1,0.03048,FAC001,1
Q0001441,nonegu,run1_top20_facility_srcgroup_members_2021.csv,ptnonipm/nonegu_norailyard_2021_POINT_20240502_17may2024_v0.csv,2021hb_cb6_21k/inputs/ptnonipm/nonegu_norailyard_2021_POINT_20240502_17may2024_v0.csv,y2024v0csv_4835311_31803613_30401412_8265414,4835311,GALVESTON BAY REFINERY,48167,2,31803613,30401412,8265414,38500101,SO2,-94.939925,29.375906,311720.324330989,3251197.8641233635,0.0,2.2179037633447414,0.06380163777571413,645.6491,18.573154836210488,0.0034351534964499157,fixed benzene facility-z/h0 source geometry; facility-total point-ready SO2 allocated by existing geometry weights,73.0,22.250400000000003,24.0,7.315200000000001,104.0,313.15,43.86,13.368528,FAC001,1
Q0001442,nonegu,run1_top20_facility_srcgroup_members_2021.csv,ptnonipm/nonegu_norailyard_2021_POINT_20240502_17may2024_v0.csv,2021hb_cb6_21k/inputs/ptnonipm/nonegu_norailyard_2021_POINT_20240502_17may2024_v0.csv,y2024v0csv_4835311_31803813_30411012_8265214,4835311,GALVESTON BAY REFINERY,48167,2,31803813,30411012,8265214,40301015,SO2,-94.935847,29.370371999999996,312106.02560892917,3250577.9567424715,0.0,8.41401780852531,0.2420430161714359,645.6491,18.573154836210488,0.013031874138019104,fixed benzene facility-z/h0 source geometry; facility-total point-ready SO2 allocated by existing geometry weights,41.0,12.4968,40.9,12.46632,80.0,299.81666666666666,0.1,0.03048,FAC001,1
Q0001443,nonegu,run1_top20_facility_srcgroup_members_2021.csv,ptnonipm/nonegu_norailyard_2021_POINT_20240502_17may2024_v0.csv,2021hb_cb6_21k/inputs/ptnonipm/nonegu_norailyard_2021_POINT_20240502_17may2024_v0.csv,y2024v0csv_4835311_31804013_30369612_8265014,4835311,GALVESTON BAY REFINERY,48167,2,31804013,30369612,8265014,40301099,SO2,-94.920739,29.369486,313571.0864554917,3250455.54272641,0.0,8.067728001609032,0.23208142216927982,645.6491,18.573154836210488,0.012495530469428412,fixed benzene facility-z/h0 source geometry; facility-total point-ready SO2 allocated by existing geometry weights,48.0,14.630400000000002,47.9,14.59992,200.0,366.4833333333333,0.1,0.03048,FAC001,1
Q0001444,nonegu,run1_top20_facility_srcgroup_members_2021.csv,ptnonipm/nonegu_norailyard_2021_POINT_20240502_17may2024_v0.csv,2021hb_cb6_21k/inputs/ptnonipm/nonegu_norailyard_2021_POINT_20240502_17may2024_v0.csv,y2024v0csv_4835311_31804213_30369812_8264814,4835311,GALVESTON BAY REFINERY,48167,2,31804213,30369812,8264814,40301021,SO2,-94.937903,29.367661,311901.4438629119,3250280.805299384,0.0,10.87514893625172,0.31284148782961674,645.6491,18.573154836210488,0.016843745211217242,fixed benzene facility-z/h0 source geometry; facility-total point-ready SO2 allocated by existing geometry weights,39.0,11.8872,38.9,11.85672,80.0,299.81666666666666,0.1,0.03048,FAC001,1
Q0001445,nonegu,run1_top20_facility_srcgroup_members_2021.csv,ptnonipm/nonegu_norailyard_2021_POINT_20240502_17may2024_v0.csv,2021hb_cb6_21k/inputs/ptnonipm/nonegu_norailyard_2021_POINT_20240502_17may2024_v0.csv,y2024v0csv_4835311_31804313_30400912_8264714,4835311,GALVESTON BAY REFINERY,48167,2,31804313,30400912,8264714,40301018,SO2,-94.935886,29.372056,312105.3336086978,3250764.6582995397,0.0,0.33392231381212645,0.00960582278779339,645.6491,18.573154836210488,0.0005171885375695969,fixed benzene facility-z/h0 source geometry; facility-total point-ready SO2 allocated by existing geometry weights,41.0,12.4968,40.9,12.46632,80.0,299.81666666666666,0.1,0.03048,FAC001,1
Q0001446,nonegu,run1_top20_facility_srcgroup_members_2021.csv,ptnonipm/nonegu_norailyard_2021_POINT_20240502_17may2024_v0.csv,2021hb_cb6_21k/inputs/ptnonipm/nonegu_norailyard_2021_POINT_20240502_17may2024_v0.csv,y2024v0csv_4835311_31804813_30410512_8264214,4835311,GALVESTON BAY REFINERY,48167,2,31804813,30410512,8264214,38500101,SO2,-94.920814,29.374042,313572.11132366455,3250960.6045661536,0.0,3.1825682254686627,0.09155179249600615,645.6491,18.573154836210488,0.004929253716095419,fixed benzene facility-z/h0 source geometry; facility-total point-ready SO2 allocated by existing geometry weights,49.0,14.9352,24.0,7.315200000000001,84.0,302.0388888888889,16.7,5.09016,FAC001,1
Q0001447,nonegu,run1_top20_facility_srcgroup_members_2021.csv,ptnonipm/nonegu_norailyard_2021_POINT_20240502_17may2024_v0.csv,2021hb_cb6_21k/inputs/ptnonipm/nonegu_norailyard_2021_POINT_20240502_17may2024_v0.csv,y2024v0csv_4835311_31805213_30383112_8263814,4835311,GALVESTON BAY REFINERY,48167,2,31805213,30383112,8263814,40301021,SO2,-94.935894,29.369314000000003,312099.5190186192,3250460.773588139,0.0,6.303298985416561,0.18132472892019869,645.6491,18.573154836210488,0.009762731777085356,fixed benzene facility-z/h0 source geometry; facility-total point-ready SO2 allocated by existing geometry weights,40.0,12.192,39.9,12.16152,80.0,299.81666666666666,0.1,0.03048,FAC001,1
Q0001448,nonegu,run1_top20_facility_srcgroup_members_2021.csv,ptnonipm/nonegu_norailyard_2021_POINT_20240502_17may2024_v0.csv,2021hb_cb6_21k/inputs/ptnonipm/nonegu_norailyard_2021_POINT_20240502_17may2024_v0.csv,y2024v0csv_4835311_31805313_64724212_97558414,4835311,GALVESTON BAY REFINERY,48167,2,31805313,64724212,97558414,40301018,SO2,-94.934942,29.372071999999996,312197.0046579111,3250764.9126809253,0.0,0.5153122126730347,0.01482380059844659,645.6491,18.573154836210488,0.0007981304592123411,fixed benzene facility-z/h0 source geometry; facility-total point-ready SO2 allocated by existing geometry weights,42.0,12.8016,41.9,12.77112,80.0,299.81666666666666,0.1,0.03048,FAC001,1
Q0002182,nonegu,run1_top20_facility_srcgroup_members_2021.csv,ptnonipm/nonegu_norailyard_2021_POINT_20240502_17may2024_v0.csv,2021hb_cb6_21k/inputs/ptnonipm/nonegu_norailyard_2021_POINT_20240502_17may2024_v0.csv,y2024v0csv_4835311_70399513_30398712_97569814,4835311,GALVESTON BAY REFINERY,48167,2,70399513,30398712,97569814,40301107,SO2,-94.933719,29.371233,312314.1912025177,3250669.959112213,0.0,1.9705539012616846,0.05668621348845976,645.6491,18.573154836210488,0.003052050876027992,fixed benzene facility-z/h0 source geometry; facility-total point-ready SO2 allocated by existing geometry weights,41.8,12.74064,3.0,0.9144,78.0,298.7055555555555,0.1,0.03048,FAC001,1
Q0002183,nonegu,run1_top20_facility_srcgroup_members_2021.csv,ptnonipm/nonegu_norailyard_2021_POINT_20240502_17may2024_v0.csv,2021hb_cb6_21k/inputs/ptnonipm/nonegu_norailyard_2021_POINT_20240502_17may2024_v0.csv,y2024v0csv_4835311_70399613_30417512_97569914,4835311,GALVESTON BAY REFINERY,48167,2,70399613,30417512,97569914,40301107,SO2,-94.932783,29.371236,312405.06241818046,3250668.7872791174,0.0,1.4222617069775758,0.04091368965171259,645.6491,18.573154836210488,0.0022028400674260614,fixed benzene facility-z/h0 source geometry; facility-total point-ready SO2 allocated by existing geometry weights,41.4,12.61872,3.0,0.9144,78.0,298.7055555555555,0.1,0.03048,FAC001,1
Q0002184,nonegu,run1_top20_facility_srcgroup_members_2021.csv,ptnonipm/nonegu_norailyard_2021_POINT_20240502_17may2024_v0.csv,2021hb_cb6_21k/inputs/ptnonipm/nonegu_norailyard_2021_POINT_20240502_17may2024_v0.csv,y2024v0csv_4835311_70399713_30414812_97570014,4835311,GALVESTON BAY REFINERY,48167,2,70399713,30414812,97570014,40301021,SO2,-94.937886,29.37035,311908.0396808777,3250578.8015934313,0.0,0.5895171712979517,0.0169584278846229,645.6491,18.573154836210488,0.0009130612453389182,fixed benzene facility-z/h0 source geometry; facility-total point-ready SO2 allocated by existing geometry weights,42.0,12.8016,41.9,12.77112,80.0,299.81666666666666,0.1,0.03048,FAC001,1
Q0002185,nonegu,run1_top20_facility_srcgroup_members_2021.csv,ptnonipm/nonegu_norailyard_2021_POINT_20240502_17may2024_v0.csv,2021hb_cb6_21k/inputs/ptnonipm/nonegu_norailyard_2021_POINT_20240502_17may2024_v0.csv,y2024v0csv_4835311_70400013_64733112_97570314,4835311,GALVESTON BAY REFINERY,48167,2,70400013,64733112,97570314,30600201,SO2,-94.918439,29.372625,313800.0858504912,3250799.767997136,0.0,12.936397786943862,0.3721366902234032,645.6491,18.573154836210488,0.02003626704806661,fixed benzene facility-z/h0 source geometry; facility-total point-ready SO2 allocated by existing geometry weights,271.0,82.6008,13.8,4.20624,170.0,349.81666666666666,64.1,19.53768,FAC001,1
Q0002186,nonegu,run1_top20_facility_srcgroup_members_2021.csv,ptnonipm/nonegu_norailyard_2021_POINT_20240502_17may2024_v0.csv,2021hb_cb6_21k/inputs/ptnonipm/nonegu_norailyard_2021_POINT_20240502_17may2024_v0.csv,y2024v0csv_4835311_70417113_64719712_97587214,4835311,GALVESTON BAY REFINERY,48167,3,70417113,64719712,97587214,40301199,SO2,-94.931078,29.367644,312563.9986169393,3250267.9459377234,0.0,2.349823689789038,0.06759653072891644,645.6491,18.573154836210488,0.003639474894008275,fixed benzene facility-z/h0 source geometry; facility-total point-ready SO2 allocated by existing geometry weights,41.8,12.74064,0.1,0.03048,30.0,272.0388888888889,0.1,0.03048,FAC001,1
Q0002187,nonegu,run1_top20_facility_srcgroup_members_2021.csv,ptnonipm/nonegu_norailyard_2021_POINT_20240502_17may2024_v0.csv,2021hb_cb6_21k/inputs/ptnonipm/nonegu_norailyard_2021_POINT_20240502_17may2024_v0.csv,y2024v0csv_4835311_70417213_64714712_97587314,4835311,GALVESTON BAY REFINERY,48167,2,70417213,64714712,97587314,40301003,SO2,-94.930228,29.366969,312645.2819553342,3250191.771262151,0.0,0.5111897149716504,0.014705210193659017,645.6491,18.573154836210488,0.0007917454155386423,fixed benzene facility-z/h0 source geometry; facility-total point-ready SO2 allocated by existing geometry weights,40.0,12.192,39.9,12.16152,75.0,297.0388888888889,0.1,0.03048,FAC001,1
Q0002188,nonegu,run1_top20_facility_srcgroup_members_2021.csv,ptnonipm/nonegu_norailyard_2021_POINT_20240502_17may2024_v0.csv,2021hb_cb6_21k/inputs/ptnonipm/nonegu_norailyard_2021_POINT_20240502_17may2024_v0.csv,y2024v0csv_4835311_70417513_64731712_97587614,4835311,GALVESTON BAY REFINERY,48167,2,70417513,64731712,97587614,20200102,SO2,-94.923336,29.367439,313315.23316024535,3250232.8228314426,0.0,0.05771496781937988,0.001660265667026018,645.6491,18.573154836210488,8.93906114317822e-05,fixed benzene facility-z/h0 source geometry; facility-total point-ready SO2 allocated by existing geometry weights,7.0,2.1336,0.3,0.09144,509.0,538.15,88.0,26.8224,FAC001,1
Q0002189,nonegu,run1_top20_facility_srcgroup_members_2021.csv,ptnonipm/nonegu_norailyard_2021_POINT_20240502_17may2024_v0.csv,2021hb_cb6_21k/inputs/ptnonipm/nonegu_norailyard_2021_POINT_20240502_17may2024_v0.csv,y2024v0csv_4835311_70417613_64734212_97587714,4835311,GALVESTON BAY REFINERY,48167,2,70417613,64734212,97587714,20200102,SO2,-94.921383,29.364717,313499.8714037844,3249928.022513796,0.0,0.06183746552076416,0.0017788560718135908,645.6491,18.573154836210488,9.577565510548093e-05,fixed benzene facility-z/h0 source geometry; facility-total point-ready SO2 allocated by existing geometry weights,7.0,2.1336,0.3,0.09144,332.0,439.8166666666666,66.0,20.1168,FAC001,1
Q0002498,nonegu,run1_top20_facility_srcgroup_members_2021.csv,ptnonipm/nonegu_norailyard_2021_POINT_20240502_17may2024_v0.csv,2021hb_cb6_21k/inputs/ptnonipm/nonegu_norailyard_2021_POINT_20240502_17may2024_v0.csv,y2024v0csv_4835311_90237113_86199712_122167814,4835311,GALVESTON BAY REFINERY,48167,2,90237113,86199712,122167814,40301021,SO2,-94.936897,29.36935,312002.21328171564,3250466.3780571865,0.0,0.09893994483322265,0.002846169714901745,645.6491,18.573154836210488,0.00015324104816876946,fixed benzene facility-z/h0 source geometry; facility-total point-ready SO2 allocated by existing geometry weights,42.0,12.8016,41.9,12.77112,80.0,299.81666666666666,0.1,0.03048,FAC001,1
Q0000478,nonegu,run1_top20_facility_srcgroup_members_2021.csv,ptnonipm/nonegu_norailyard_2021_POINT_20240502_17may2024_v0.csv,2021hb_cb6_21k/inputs/ptnonipm/nonegu_norailyard_2021_POINT_20240502_17may2024_v0.csv,y2024v0csv_3930711_139103513_35678912_220829614,3930711,TEXAS CITY CHEMICAL PLANT,48167,2,139103513,35678912,220829614,30125880,SO2,-94.932425,29.364016999999997,312426.57796176145,3249868.1269638995,0.0,0.0001602913383537347,4.611043128763472e-06,0.38019999999999987,0.010937076298452558,0.00042159741807926024,fixed benzene facility-z/h0 source geometry; facility-total point-ready SO2 allocated by existing geometry weights,225.0,68.58,3.3,1.00584,550.0,560.9277777777777,0.4577,0.13950696,FAC010,10
Q0000479,nonegu,run1_top20_facility_srcgroup_members_2021.csv,ptnonipm/nonegu_norailyard_2021_POINT_20240502_17may2024_v0.csv,2021hb_cb6_21k/inputs/ptnonipm/nonegu_norailyard_2021_POINT_20240502_17may2024_v0.csv,y2024v0csv_3930711_139103613_35690812_220829714,3930711,TEXAS CITY CHEMICAL PLANT,48167,2,139103613,35690812,220829714,30125880,SO2,-94.932792,29.360633,312384.7416094636,3249493.6664382075,0.0,0.3320352164684673,0.009551537339002734,0.38019999999999987,0.010937076298452558,0.8733172447881836,fixed benzene facility-z/h0 source geometry; facility-total point-ready SO2 allocated by existing geometry weights,269.0,81.9912,3.3,1.00584,650.0,616.4833333333333,2.7075,0.825246,FAC010,10
Q0000480,nonegu,run1_top20_facility_srcgroup_members_2021.csv,ptnonipm/nonegu_norailyard_2021_POINT_20240502_17may2024_v0.csv,2021hb_cb6_21k/inputs/ptnonipm/nonegu_norailyard_2021_POINT_20240502_17may2024_v0.csv,y2024v0csv_3930711_139103713_35681812_220829814,3930711,TEXAS CITY CHEMICAL PLANT,48167,2,139103713,35681812,220829814,30125880,SO2,-94.926356,29.362978,313013.89068375167,3249743.241379824,0.0,0.01951685226644956,0.0005614342512987524,0.38019999999999987,0.010937076298452558,0.05133312011165063,fixed benzene facility-z/h0 source geometry; facility-total point-ready SO2 allocated by existing geometry weights,250.0,76.2,2.0,0.6096,650.0,616.4833333333333,4.2424,1.2930835200000002,FAC010,10
Q0002078,nonegu,run1_top20_facility_srcgroup_members_2021.csv,ptnonipm/nonegu_norailyard_2021_POINT_20240502_17may2024_v0.csv,2021hb_cb6_21k/inputs/ptnonipm/nonegu_norailyard_2021_POINT_20240502_17may2024_v0.csv,y2024v0csv_3930711_37405813_35682012_10995314,3930711,TEXAS CITY CHEMICAL PLANT,48167,2,37405813,35682012,10995314,40719698,SO2,-94.927286,29.363631,312924.79448834306,3249817.1029608934,0.0,0.0011054575058878256,3.1800297439748084e-05,0.38019999999999987,0.010937076298452558,0.002907568400546623,fixed benzene facility-z/h0 source geometry; facility-total point-ready SO2 allocated by existing geometry weights,48.0,14.630400000000002,3.0,0.9144,85.0,302.59444444444443,0.1,0.03048,FAC010,10
Q0002079,nonegu,run1_top20_facility_srcgroup_members_2021.csv,ptnonipm/nonegu_norailyard_2021_POINT_20240502_17may2024_v0.csv,2021hb_cb6_21k/inputs/ptnonipm/nonegu_norailyard_2021_POINT_20240502_17may2024_v0.csv,y2024v0csv_3930711_37405913_35689412_10995214,3930711,TEXAS CITY CHEMICAL PLANT,48167,2,37405913,35689412,10995214,40719624,SO2,-94.903353,29.364194,315249.3572015874,3249841.39858196,0.0,0.00019345506353036948,5.565052051955914e-06,0.38019999999999987,0.010937076298452558,0.000508824470095659,fixed benzene facility-z/h0 source geometry; facility-total point-ready SO2 allocated by existing geometry weights,48.0,14.630400000000002,3.0,0.9144,85.0,302.59444444444443,0.1,0.03048,FAC010,10
Q0002080,nonegu,run1_top20_facility_srcgroup_members_2021.csv,ptnonipm/nonegu_norailyard_2021_POINT_20240502_17may2024_v0.csv,2021hb_cb6_21k/inputs/ptnonipm/nonegu_norailyard_2021_POINT_20240502_17may2024_v0.csv,y2024v0csv_3930711_37406013_35677912_10995114,3930711,TEXAS CITY CHEMICAL PLANT,48167,2,37406013,35677912,10995114,40729698,SO2,-94.904314,29.364175,315156.0245984886,3249840.813565797,0.0,1.6581862588317383e-05,4.770044615962211e-07,0.38019999999999987,0.010937076298452558,4.3613526008199336e-05,fixed benzene facility-z/h0 source geometry; facility-total point-ready SO2 allocated by existing geometry weights,40.0,12.192,3.0,0.9144,85.0,302.59444444444443,0.1,0.03048,FAC010,10
Q0002081,nonegu,run1_top20_facility_srcgroup_members_2021.csv,ptnonipm/nonegu_norailyard_2021_POINT_20240502_17may2024_v0.csv,2021hb_cb6_21k/inputs/ptnonipm/nonegu_norailyard_2021_POINT_20240502_17may2024_v0.csv,y2024v0csv_3930711_37406313_35691812_10994814,3930711,TEXAS CITY CHEMICAL PLANT,48167,2,37406313,35691812,10994814,40729698,SO2,-94.92595,29.360981,313049.6584656611,3249521.2635412063,0.0,0.0006688017910621344,1.9239179951047586e-05,0.38019999999999987,0.010937076298452558,0.0017590788823307066,fixed benzene facility-z/h0 source geometry; facility-total point-ready SO2 allocated by existing geometry weights,48.0,14.630400000000002,3.0,0.9144,78.0,298.7055555555555,0.1,0.03048,FAC010,10
Q0002082,nonegu,run1_top20_facility_srcgroup_members_2021.csv,ptnonipm/nonegu_norailyard_2021_POINT_20240502_17may2024_v0.csv,2021hb_cb6_21k/inputs/ptnonipm/nonegu_norailyard_2021_POINT_20240502_17may2024_v0.csv,y2024v0csv_3930711_37406513_35692512_10994514,3930711,TEXAS CITY CHEMICAL PLANT,48167,2,37406513,35692512,10994514,40729698,SO2,-94.905825,29.364178000000003,315009.33515738684,3249843.5387041843,0.0,0.00011607303811822168,3.3390312311735486e-06,0.38019999999999987,0.010937076298452558,0.0003052946820573954,fixed benzene facility-z/h0 source geometry; facility-total point-ready SO2 allocated by existing geometry weights,40.0,12.192,3.0,0.9144,85.0,302.59444444444443,0.1,0.03048,FAC010,10
Q0002083,nonegu,run1_top20_facility_srcgroup_members_2021.csv,ptnonipm/nonegu_norailyard_2021_POINT_20240502_17may2024_v0.csv,2021hb_cb6_21k/inputs/ptnonipm/nonegu_norailyard_2021_POINT_20240502_17may2024_v0.csv,y2024v0csv_3930711_37406613_35692612_10994414,3930711,TEXAS CITY CHEMICAL PLANT,48167,2,37406613,35692612,10994414,40719622,SO2,-94.905061,29.364156,315083.468047459,3249839.8904332905,0.0,0.00011054575058878255,3.180029743974808e-06,0.38019999999999987,0.010937076298452558,0.00029075684005466226,fixed benzene facility-z/h0 source geometry; facility-total point-ready SO2 allocated by existing geometry weights,40.0,12.192,3.0,0.9144,85.0,302.59444444444443,0.1,0.03048,FAC010,10
Q0002084,nonegu,run1_top20_facility_srcgroup_members_2021.csv,ptnonipm/nonegu_norailyard_2021_POINT_20240502_17may2024_v0.csv,2021hb_cb6_21k/inputs/ptnonipm/nonegu_norailyard_2021_POINT_20240502_17may2024_v0.csv,y2024v0csv_3930711_37407013_35687712_10994014,3930711,TEXAS CITY CHEMICAL PLANT,48167,2,37407013,35687712,10994014,40714698,SO2,-94.926306,29.360975,313015.0840712777,3249521.168482919,0.0,0.0058976157939115495,0.00016965458684105601,0.38019999999999987,0.010937076298452558,0.015511877416916233,fixed benzene facility-z/h0 source geometry; facility-total point-ready SO2 allocated by existing geometry weights,48.0,14.630400000000002,3.0,0.9144,85.0,302.59444444444443,0.1,0.03048,FAC010,10
Q0002085,nonegu,run1_top20_facility_srcgroup_members_2021.csv,ptnonipm/nonegu_norailyard_2021_POINT_20240502_17may2024_v0.csv,2021hb_cb6_21k/inputs/ptnonipm/nonegu_norailyard_2021_POINT_20240502_17may2024_v0.csv,y2024v0csv_3930711_37407113_35682512_10993914,3930711,TEXAS CITY CHEMICAL PLANT,48167,2,37407113,35682512,10993914,40729698,SO2,-94.925747,29.360983,313069.3710394831,3249521.160264714,0.0,0.0030234262786032026,8.6973813497711e-05,0.38019999999999987,0.010937076298452558,0.007952199575495013,fixed benzene facility-z/h0 source geometry; facility-total point-ready SO2 allocated by existing geometry weights,24.0,7.315200000000001,3.0,0.9144,85.0,302.59444444444443,0.1,0.03048,FAC010,10
Q0002086,nonegu,run1_top20_facility_srcgroup_members_2021.csv,ptnonipm/nonegu_norailyard_2021_POINT_20240502_17may2024_v0.csv,2021hb_cb6_21k/inputs/ptnonipm/nonegu_norailyard_2021_POINT_20240502_17may2024_v0.csv,y2024v0csv_3930711_37407313_35690612_10993714,3930711,TEXAS CITY CHEMICAL PLANT,48167,2,37407313,35690612,10993714,40703624,SO2,-94.925869,29.360706,313057.02012367477,3249490.6555931824,0.0,0.008290931294158692,0.00023850223079811058,0.38019999999999987,0.010937076298452558,0.02180676300409967,fixed benzene facility-z/h0 source geometry; facility-total point-ready SO2 allocated by existing geometry weights,48.0,14.630400000000002,3.0,0.9144,85.0,302.59444444444443,0.1,0.03048,FAC010,10
Q0002087,nonegu,run1_top20_facility_srcgroup_members_2021.csv,ptnonipm/nonegu_norailyard_2021_POINT_20240502_17may2024_v0.csv,2021hb_cb6_21k/inputs/ptnonipm/nonegu_norailyard_2021_POINT_20240502_17may2024_v0.csv,y2024v0csv_3930711_37407713_35688712_10993314,3930711,TEXAS CITY CHEMICAL PLANT,48167,2,37407713,35688712,10993314,40703624,SO2,-94.926158,29.360981,313029.46410347184,3249521.596516923,0.0,0.0037475009449597285,0.000107803008320746,0.38019999999999987,0.010937076298452558,0.00985665687785305,fixed benzene facility-z/h0 source geometry; facility-total point-ready SO2 allocated by existing geometry weights,48.0,14.630400000000002,3.0,0.9144,85.0,302.59444444444443,0.1,0.03048,FAC010,10
Q0002088,nonegu,run1_top20_facility_srcgroup_members_2021.csv,ptnonipm/nonegu_norailyard_2021_POINT_20240502_17may2024_v0.csv,2021hb_cb6_21k/inputs/ptnonipm/nonegu_norailyard_2021_POINT_20240502_17may2024_v0.csv,y2024v0csv_3930711_37408313_35676912_10992714,3930711,TEXAS CITY CHEMICAL PLANT,48167,2,37408313,35676912,10992714,40729698,SO2,-94.932644,29.361314,312400.35949539463,3249568.904179918,0.0,8.843660047102606e-05,2.544023795179847e-06,0.38019999999999987,0.010937076298452558,0.00023260547204372983,fixed benzene facility-z/h0 source geometry; facility-total point-ready SO2 allocated by existing geometry weights,48.0,14.630400000000002,3.0,0.9144,70.0,294.26111111111106,0.1,0.03048,FAC010,10
Q0002089,nonegu,run1_top20_facility_srcgroup_members_2021.csv,ptnonipm/nonegu_norailyard_2021_POINT_20240502_17may2024_v0.csv,2021hb_cb6_21k/inputs/ptnonipm/nonegu_norailyard_2021_POINT_20240502_17may2024_v0.csv,y2024v0csv_3930711_37411313_35688912_10957414,3930711,TEXAS CITY CHEMICAL PLANT,48167,3,37411313,35688912,10957414,40719624,SO2,-94.902406,29.364122,315341.16629191395,3249831.9210279225,0.0,2.2109150117756514e-05,6.360059487949617e-07,0.38019999999999987,0.010937076298452558,5.815136801093246e-05,fixed benzene facility-z/h0 source geometry; facility-total point-ready SO2 allocated by existing geometry weights,40.0,12.192,3.0,0.9144,70.0,294.26111111111106,0.1,0.03048,FAC010,10
Q0002090,nonegu,run1_top20_facility_srcgroup_members_2021.csv,ptnonipm/nonegu_norailyard_2021_POINT_20240502_17may2024_v0.csv,2021hb_cb6_21k/inputs/ptnonipm/nonegu_norailyard_2021_POINT_20240502_17may2024_v0.csv,y2024v0csv_3930711_37412013_35679612_10956514,3930711,TEXAS CITY CHEMICAL PLANT,48167,2,37412013,35679612,10956514,40729698,SO2,-94.93255,29.361742,312410.27057649987,3249616.188590468,0.0,2.2109150117756514e-05,6.360059487949617e-07,0.38019999999999987,0.010937076298452558,5.815136801093246e-05,fixed benzene facility-z/h0 source geometry; facility-total point-ready SO2 allocated by existing geometry weights,32.0,9.7536,3.0,0.9144,81.0,300.3722222222222,0.1,0.03048,FAC010,10
Q0002091,nonegu,run1_top20_facility_srcgroup_members_2021.csv,ptnonipm/nonegu_norailyard_2021_POINT_20240502_17may2024_v0.csv,2021hb_cb6_21k/inputs/ptnonipm/nonegu_norailyard_2021_POINT_20240502_17may2024_v0.csv,y2024v0csv_3930711_37412113_35680812_10956414,3930711,TEXAS CITY CHEMICAL PLANT,48167,2,37412113,35680812,10956414,40729698,SO2,-94.932411,29.361761,312423.80061026325,3249618.0711031742,0.0,0.00033716453929578683,9.699090719123165e-06,0.38019999999999987,0.010937076298452558,0.00088680836216672,fixed benzene facility-z/h0 source geometry; facility-total point-ready SO2 allocated by existing geometry weights,36.0,10.9728,3.0,0.9144,71.0,294.81666666666666,0.1,0.03048,FAC010,10
Q0002092,nonegu,run1_top20_facility_srcgroup_members_2021.csv,ptnonipm/nonegu_norailyard_2021_POINT_20240502_17may2024_v0.csv,2021hb_cb6_21k/inputs/ptnonipm/nonegu_norailyard_2021_POINT_20240502_17may2024_v0.csv,y2024v0csv_3930711_37412213_35690012_10956314,3930711,TEXAS CITY CHEMICAL PLANT,48167,2,37412213,35690012,10956314,40729697,SO2,-94.932444,29.361642,312420.37852389156,3249604.935291809,0.0,0.0005858924781205476,1.6854157643066483e-05,0.38019999999999987,0.010937076298452558,0.00154101125228971,fixed benzene facility-z/h0 source geometry; facility-total point-ready SO2 allocated by existing geometry weights,30.0,9.144,3.0,0.9144,71.0,294.81666666666666,0.1,0.03048,FAC010,10
Q0002093,nonegu,run1_top20_facility_srcgroup_members_2021.csv,ptnonipm/nonegu_norailyard_2021_POINT_20240502_17may2024_v0.csv,2021hb_cb6_21k/inputs/ptnonipm/nonegu_norailyard_2021_POINT_20240502_17may2024_v0.csv,y2024v0csv_3930711_37414613_35689612_10953414,3930711,TEXAS CITY CHEMICAL PLANT,48167,2,37414613,35689612,10953414,40729698,SO2,-94.9278,29.364096999999997,312875.74481507496,3249869.573376461,0.0,0.00014923676329485646,4.293040154365991e-06,0.38019999999999987,0.010937076298452558,0.00039252173407379405,fixed benzene facility-z/h0 source geometry; facility-total point-ready SO2 allocated by existing geometry weights,48.0,14.630400000000002,3.0,0.9144,85.0,302.59444444444443,0.1,0.03048,FAC010,10
Q0002094,nonegu,run1_top20_facility_srcgroup_members_2021.csv,ptnonipm/nonegu_norailyard_2021_POINT_20240502_17may2024_v0.csv,2021hb_cb6_21k/inputs/ptnonipm/nonegu_norailyard_2021_POINT_20240502_17may2024_v0.csv,y2024v0csv_3930711_37414713_35686012_10953314,3930711,TEXAS CITY CHEMICAL PLANT,48167,2,37414713,35686012,10953314,40729698,SO2,-94.932756,29.363014,312392.603189013,3249757.495770302,0.0,0.00011607303811822168,3.3390312311735486e-06,0.38019999999999987,0.010937076298452558,0.0003052946820573954,fixed benzene facility-z/h0 source geometry; facility-total point-ready SO2 allocated by existing geometry weights,48.0,14.630400000000002,3.0,0.9144,85.0,302.59444444444443,0.1,0.03048,FAC010,10
Q0002095,nonegu,run1_top20_facility_srcgroup_members_2021.csv,ptnonipm/nonegu_norailyard_2021_POINT_20240502_17may2024_v0.csv,2021hb_cb6_21k/inputs/ptnonipm/nonegu_norailyard_2021_POINT_20240502_17may2024_v0.csv,y2024v0csv_3930711_37414813_35689712_10953214,3930711,TEXAS CITY CHEMICAL PLANT,48167,2,37414813,35689712,10953214,40729698,SO2,-94.932125,29.363066999999997,312453.96196056274,3249762.3562500644,0.0,0.00010501846305934342,3.0210282567760676e-06,0.38019999999999987,0.010937076298452558,0.00027621899805192914,fixed benzene facility-z/h0 source geometry; facility-total point-ready SO2 allocated by existing geometry weights,48.0,14.630400000000002,3.0,0.9144,85.0,302.59444444444443,0.1,0.03048,FAC010,10
Q0002096,nonegu,run1_top20_facility_srcgroup_members_2021.csv,ptnonipm/nonegu_norailyard_2021_POINT_20240502_17may2024_v0.csv,2021hb_cb6_21k/inputs/ptnonipm/nonegu_norailyard_2021_POINT_20240502_17may2024_v0.csv,y2024v0csv_3930711_37415613_35677812_10952014,3930711,TEXAS CITY CHEMICAL PLANT,48167,2,37415613,35677812,10952014,40714698,SO2,-94.932422,29.361864,312422.92149842187,3249629.504300198,0.0,0.0018903323350681817,5.4378508621969215e-05,0.38019999999999987,0.010937076298452558,0.004971941964934725,fixed benzene facility-z/h0 source geometry; facility-total point-ready SO2 allocated by existing geometry weights,38.0,11.5824,3.0,0.9144,77.0,298.15,0.1,0.03048,FAC010,10
Q0002097,nonegu,run1_top20_facility_srcgroup_members_2021.csv,ptnonipm/nonegu_norailyard_2021_POINT_20240502_17may2024_v0.csv,2021hb_cb6_21k/inputs/ptnonipm/nonegu_norailyard_2021_POINT_20240502_17may2024_v0.csv,y2024v0csv_3930711_37415713_35678012_10951914,3930711,TEXAS CITY CHEMICAL PLANT,48167,2,37415713,35678012,10951914,40714698,SO2,-94.932569,29.361846999999997,312408.61844401597,3249627.8563003354,0.0,6.632745035326953e-05,1.9080178463848845e-06,0.38019999999999987,0.010937076298452558,0.00017445410403279734,fixed benzene facility-z/h0 source geometry; facility-total point-ready SO2 allocated by existing geometry weights,38.0,11.5824,3.0,0.9144,77.0,298.15,0.1,0.03048,FAC010,10
Q0002098,nonegu,run1_top20_facility_srcgroup_members_2021.csv,ptnonipm/nonegu_norailyard_2021_POINT_20240502_17may2024_v0.csv,2021hb_cb6_21k/inputs/ptnonipm/nonegu_norailyard_2021_POINT_20240502_17may2024_v0.csv,y2024v0csv_3930711_37415913_35687312_10951714,3930711,TEXAS CITY CHEMICAL PLANT,48167,2,37415913,35687312,10951714,40714698,SO2,-94.932761,29.361692,312389.6933683447,3249610.9860139685,0.0,0.001597386096007908,4.595142980043598e-05,0.38019999999999987,0.010937076298452558,0.00420143633878987,fixed benzene facility-z/h0 source geometry; facility-total point-ready SO2 allocated by existing geometry weights,48.0,14.630400000000002,3.0,0.9144,70.0,294.26111111111106,0.1,0.03048,FAC010,10
Q0002099,nonegu,run1_top20_facility_srcgroup_members_2021.csv,ptnonipm/nonegu_norailyard_2021_POINT_20240502_17may2024_v0.csv,2021hb_cb6_21k/inputs/ptnonipm/nonegu_norailyard_2021_POINT_20240502_17may2024_v0.csv,y2024v0csv_3930711_37416113_35680012_10951514,3930711,TEXAS CITY CHEMICAL PLANT,48167,2,37416113,35680012,10951514,40729698,SO2,-94.907506,29.364167,314846.1159209898,3249844.9836547705,0.0,0.00022661878870700427,6.519060975148357e-06,0.38019999999999987,0.010937076298452558,0.0005960515221120577,fixed benzene facility-z/h0 source geometry; facility-total point-ready SO2 allocated by existing geometry weights,32.0,9.7536,3.0,0.9144,70.0,294.26111111111106,0.1,0.03048,FAC010,10
Q0002100,nonegu,run1_top20_facility_srcgroup_members_2021.csv,ptnonipm/nonegu_norailyard_2021_POINT_20240502_17may2024_v0.csv,2021hb_cb6_21k/inputs/ptnonipm/nonegu_norailyard_2021_POINT_20240502_17may2024_v0.csv,y2024v0csv_3930711_37417213_35680112_10948814,3930711,TEXAS CITY CHEMICAL PLANT,48167,2,37417213,35680112,10948814,40729698,SO2,-94.932653,29.362144,312401.0077066941,3249660.9078583336,0.0,0.00011054575058878255,3.180029743974808e-06,0.38019999999999987,0.010937076298452558,0.00029075684005466226,fixed benzene facility-z/h0 source geometry; facility-total point-ready SO2 allocated by existing geometry weights,48.0,14.630400000000002,3.0,0.9144,70.0,294.26111111111106,0.1,0.03048,FAC010,10
Q0000267,nonegu,run1_top20_facility_srcgroup_members_2021.csv,ptnonipm/nonegu_norailyard_2021_POINT_20240502_17may2024_v0.csv,2021hb_cb6_21k/inputs/ptnonipm/nonegu_norailyard_2021_POINT_20240502_17may2024_v0.csv,y2024v0csv_4056511_126571613_128189912_181824414,4056511,BAYTOWN OLEFINS PLANT,48201,2,126571613,128189912,181824414,20200102,SO2,-95.016303,29.757146999999996,305039.9265130935,3293578.822592645,0.0,0.009409101153387247,0.0002706682199222891,21.8378,0.6282001178073313,0.00043086305183613946,fixed benzene facility-z/h0 source geometry; facility-total point-ready SO2 allocated by existing geometry weights,6.0,1.8288,0.5,0.1524,824.0,713.15,167.0,50.9016,FAC011,11
Q0000268,nonegu,run1_top20_facility_srcgroup_members_2021.csv,ptnonipm/nonegu_norailyard_2021_POINT_20240502_17may2024_v0.csv,2021hb_cb6_21k/inputs/ptnonipm/nonegu_norailyard_2021_POINT_20240502_17may2024_v0.csv,y2024v0csv_4056511_126571813_64861312_181824614,4056511,BAYTOWN OLEFINS PLANT,48201,2,126571813,64861312,181824614,10200604,SO2,-95.014206,29.754817,305238.2242717847,3293317.025844848,0.0,0.04451228622563967,0.0012804688865554446,21.8378,0.6282001178073313,0.002038313668301737,fixed benzene facility-z/h0 source geometry; facility-total point-ready SO2 allocated by existing geometry weights,125.0,38.1,10.0,3.048,408.0,482.0388888888889,81.0,24.6888,FAC011,11
Q0000269,nonegu,run1_top20_facility_srcgroup_members_2021.csv,ptnonipm/nonegu_norailyard_2021_POINT_20240502_17may2024_v0.csv,2021hb_cb6_21k/inputs/ptnonipm/nonegu_norailyard_2021_POINT_20240502_17may2024_v0.csv,y2024v0csv_4056511_126572013_128190212_181824814,4056511,BAYTOWN OLEFINS PLANT,48201,2,126572013,128190212,181824814,20200102,SO2,-95.013125,29.758658,305350.199771483,3293740.9340278083,0.0,0.0028951080471960764,8.32825292068582e-05,21.8378,0.6282001178073313,0.00013257324671881216,fixed benzene facility-z/h0 source geometry; facility-total point-ready SO2 allocated by existing geometry weights,6.0,1.8288,0.33,0.100584,538.0,554.2611111111111,82.0,24.9936,FAC011,11
Q0000270,nonegu,run1_top20_facility_srcgroup_members_2021.csv,ptnonipm/nonegu_norailyard_2021_POINT_20240502_17may2024_v0.csv,2021hb_cb6_21k/inputs/ptnonipm/nonegu_norailyard_2021_POINT_20240502_17may2024_v0.csv,y2024v0csv_4056511_126572113_128190312_181824914,4056511,BAYTOWN OLEFINS PLANT,48201,2,126572113,128190312,181824914,20200102,SO2,-95.015697,29.762139,305108.2002154629,3294131.1074687033,0.0,0.012304209200583324,0.00035395074912914734,21.8378,0.6282001178073313,0.0005634362985549517,fixed benzene facility-z/h0 source geometry; facility-total point-ready SO2 allocated by existing geometry weights,6.0,1.8288,0.5,0.1524,824.0,713.15,167.0,50.9016,FAC011,11
Q0000375,nonegu,run1_top20_facility_srcgroup_members_2021.csv,ptnonipm/nonegu_norailyard_2021_POINT_20240502_17may2024_v0.csv,2021hb_cb6_21k/inputs/ptnonipm/nonegu_norailyard_2021_POINT_20240502_17may2024_v0.csv,y2024v0csv_4056511_135273813_140425412_201988114,4056511,BAYTOWN OLEFINS PLANT,48201,2,135273813,140425412,201988114,20100102,SO2,-95.007294,29.759231,305915.22420914884,3293794.6203483953,0.0,0.00036188850589950956,1.0410316150857276e-05,21.8378,0.6282001178073313,1.657165583985152e-05,fixed benzene facility-z/h0 source geometry; facility-total point-ready SO2 allocated by existing geometry weights,13.0,3.9624,0.67,0.204216,890.0,749.8166666666666,385.3,117.43944,FAC011,11
Q0000376,nonegu,run1_top20_facility_srcgroup_members_2021.csv,ptnonipm/nonegu_norailyard_2021_POINT_20240502_17may2024_v0.csv,2021hb_cb6_21k/inputs/ptnonipm/nonegu_norailyard_2021_POINT_20240502_17may2024_v0.csv,y2024v0csv_4056511_135274413_140425912_201988614,4056511,BAYTOWN OLEFINS PLANT,48201,2,135274413,140425912,201988614,30190003,SO2,-95.006311,29.757208,306006.3913706251,3293568.7401354183,0.0,0.02931296897786027,0.0008432356082194391,21.8378,0.6282001178073313,0.001342304123027973,fixed benzene facility-z/h0 source geometry; facility-total point-ready SO2 allocated by existing geometry weights,230.0,70.104,9.83,2.996184,325.0,435.92777777777775,30.0,9.144,FAC011,11
Q0000377,nonegu,run1_top20_facility_srcgroup_members_2021.csv,ptnonipm/nonegu_norailyard_2021_POINT_20240502_17may2024_v0.csv,2021hb_cb6_21k/inputs/ptnonipm/nonegu_norailyard_2021_POINT_20240502_17may2024_v0.csv,y2024v0csv_4056511_135274513_140426012_201988714,4056511,BAYTOWN OLEFINS PLANT,48201,2,135274513,140426012,201988714,30190003,SO2,-95.006133,29.757183,306023.5579123438,3293565.6698698727,0.0,0.028589191966061252,0.0008224149759177247,21.8378,0.6282001178073313,0.00130916081134827,fixed benzene facility-z/h0 source geometry; facility-total point-ready SO2 allocated by existing geometry weights,230.0,70.104,9.83,2.996184,325.0,435.92777777777775,30.0,9.144,FAC011,11
Q0000378,nonegu,run1_top20_facility_srcgroup_members_2021.csv,ptnonipm/nonegu_norailyard_2021_POINT_20240502_17may2024_v0.csv,2021hb_cb6_21k/inputs/ptnonipm/nonegu_norailyard_2021_POINT_20240502_17may2024_v0.csv,y2024v0csv_4056511_135274713_140426212_201988914,4056511,BAYTOWN OLEFINS PLANT,48201,2,135274713,140426212,201988914,30190003,SO2,-95.005972,29.757161,306039.0861393717,3293562.96072827,0.0,0.02931296897786027,0.0008432356082194391,21.8378,0.6282001178073313,0.001342304123027973,fixed benzene facility-z/h0 source geometry; facility-total point-ready SO2 allocated by existing geometry weights,230.0,70.104,9.83,2.996184,325.0,435.92777777777775,30.0,9.144,FAC011,11
Q0000379,nonegu,run1_top20_facility_srcgroup_members_2021.csv,ptnonipm/nonegu_norailyard_2021_POINT_20240502_17may2024_v0.csv,2021hb_cb6_21k/inputs/ptnonipm/nonegu_norailyard_2021_POINT_20240502_17may2024_v0.csv,y2024v0csv_4056511_135274813_140426312_201989014,4056511,BAYTOWN OLEFINS PLANT,48201,2,135274813,140426312,201989014,30190003,SO2,-95.005972,29.757131,306039.0283350204,3293559.635566391,0.0,0.02931296897786027,0.0008432356082194391,21.8378,0.6282001178073313,0.001342304123027973,fixed benzene facility-z/h0 source geometry; facility-total point-ready SO2 allocated by existing geometry weights,230.0,70.104,9.83,2.996184,325.0,435.92777777777775,30.0,9.144,FAC011,11
Q0000380,nonegu,run1_top20_facility_srcgroup_members_2021.csv,ptnonipm/nonegu_norailyard_2021_POINT_20240502_17may2024_v0.csv,2021hb_cb6_21k/inputs/ptnonipm/nonegu_norailyard_2021_POINT_20240502_17may2024_v0.csv,y2024v0csv_4056511_135274913_140426512_201989114,4056511,BAYTOWN OLEFINS PLANT,48201,2,135274913,140426512,201989114,30190003,SO2,-95.005631,29.757119,306071.9839917638,3293557.7322504055,0.0,0.027503526448362722,0.0007911840274651528,21.8378,0.6282001178073313,0.0012594458438287153,fixed benzene facility-z/h0 source geometry; facility-total point-ready SO2 allocated by existing geometry weights,230.0,70.104,9.83,2.996184,325.0,435.92777777777775,30.0,9.144,FAC011,11
Q0000381,nonegu,run1_top20_facility_srcgroup_members_2021.csv,ptnonipm/nonegu_norailyard_2021_POINT_20240502_17may2024_v0.csv,2021hb_cb6_21k/inputs/ptnonipm/nonegu_norailyard_2021_POINT_20240502_17may2024_v0.csv,y2024v0csv_4056511_135275113_140426612_201989314,4056511,BAYTOWN OLEFINS PLANT,48201,2,135275113,140426612,201989314,30190003,SO2,-95.005453,29.757094,306089.1505615515,3293554.6620876226,0.0,0.029674857483759785,0.0008536459243702966,21.8378,0.6282001178073313,0.0013588757788678247,fixed benzene facility-z/h0 source geometry; facility-total point-ready SO2 allocated by existing geometry weights,230.0,70.104,9.83,2.996184,325.0,435.92777777777775,30.0,9.144,FAC011,11
Q0000382,nonegu,run1_top20_facility_srcgroup_members_2021.csv,ptnonipm/nonegu_norailyard_2021_POINT_20240502_17may2024_v0.csv,2021hb_cb6_21k/inputs/ptnonipm/nonegu_norailyard_2021_POINT_20240502_17may2024_v0.csv,y2024v0csv_4056511_135275213_140426712_201989414,4056511,BAYTOWN OLEFINS PLANT,48201,2,135275213,140426712,201989414,30190003,SO2,-95.005278,29.757071999999997,306106.0327814224,3293551.9295098023,0.0,0.028951080471960763,0.0008328252920685819,21.8378,0.6282001178073313,0.0013257324671881216,fixed benzene facility-z/h0 source geometry; facility-total point-ready SO2 allocated by existing geometry weights,230.0,70.104,9.83,2.996184,325.0,435.92777777777775,30.0,9.144,FAC011,11
Q0000383,nonegu,run1_top20_facility_srcgroup_members_2021.csv,ptnonipm/nonegu_norailyard_2021_POINT_20240502_17may2024_v0.csv,2021hb_cb6_21k/inputs/ptnonipm/nonegu_norailyard_2021_POINT_20240502_17may2024_v0.csv,y2024v0csv_4056511_135275413_140426912_201989614,4056511,BAYTOWN OLEFINS PLANT,48201,2,135275413,140426912,201989614,30190003,SO2,-95.005111,29.757056,306122.15286762826,3293549.8754341737,0.0,0.02931296897786027,0.0008432356082194391,21.8378,0.6282001178073313,0.001342304123027973,fixed benzene facility-z/h0 source geometry; facility-total point-ready SO2 allocated by existing geometry weights,230.0,70.104,9.83,2.996184,325.0,435.92777777777775,30.0,9.144,FAC011,11
Q0000449,nonegu,run1_top20_facility_srcgroup_members_2021.csv,ptnonipm/nonegu_norailyard_2021_POINT_20240502_17may2024_v0.csv,2021hb_cb6_21k/inputs/ptnonipm/nonegu_norailyard_2021_POINT_20240502_17may2024_v0.csv,y2024v0csv_4056511_136627413_141720612_214532914,4056511,BAYTOWN OLEFINS PLANT,48201,3,136627413,141720612,214532914,40301099,SO2,-95.014044,29.759196999999997,305262.3654178475,3293802.2272409075,0.0,0.7190724612223254,0.020685298191753403,21.8378,0.6282001178073313,0.032927880153784964,fixed benzene facility-z/h0 source geometry; facility-total point-ready SO2 allocated by existing geometry weights,1.0,0.3048,0.1,0.03048,30.0,272.0388888888889,0.1,0.03048,FAC011,11
Q0001830,nonegu,run1_top20_facility_srcgroup_members_2021.csv,ptnonipm/nonegu_norailyard_2021_POINT_20240502_17may2024_v0.csv,2021hb_cb6_21k/inputs/ptnonipm/nonegu_norailyard_2021_POINT_20240502_17may2024_v0.csv,y2024v0csv_4056511_33516313_31968412_6469514,4056511,BAYTOWN OLEFINS PLANT,48201,2,33516313,31968412,6469514,30190003,SO2,-95.015803,29.756606,305087.23512227647,3293518.013810679,0.0,0.016284982765477928,0.00046846422678857726,21.8378,0.6282001178073313,0.0007457245127933182,fixed benzene facility-z/h0 source geometry; facility-total point-ready SO2 allocated by existing geometry weights,143.0,43.586400000000005,8.0,2.4384,300.0,422.0388888888889,23.2,7.07136,FAC011,11
Q0001831,nonegu,run1_top20_facility_srcgroup_members_2021.csv,ptnonipm/nonegu_norailyard_2021_POINT_20240502_17may2024_v0.csv,2021hb_cb6_21k/inputs/ptnonipm/nonegu_norailyard_2021_POINT_20240502_17may2024_v0.csv,y2024v0csv_4056511_33516913_31962912_6468714,4056511,BAYTOWN OLEFINS PLANT,48201,2,33516913,31962912,6468714,30190003,SO2,-95.0161,29.756656,305058.6082584483,3293524.0575726028,0.0,0.017008759777276946,0.0004892848590902918,21.8378,0.6282001178073313,0.0007788678244730214,fixed benzene facility-z/h0 source geometry; facility-total point-ready SO2 allocated by existing geometry weights,143.0,43.586400000000005,8.0,2.4384,300.0,422.0388888888889,23.2,7.07136,FAC011,11
Q0001832,nonegu,run1_top20_facility_srcgroup_members_2021.csv,ptnonipm/nonegu_norailyard_2021_POINT_20240502_17may2024_v0.csv,2021hb_cb6_21k/inputs/ptnonipm/nonegu_norailyard_2021_POINT_20240502_17may2024_v0.csv,y2024v0csv_4056511_33517013_31970112_6468514,4056511,BAYTOWN OLEFINS PLANT,48201,2,33517013,31970112,6468514,30190003,SO2,-95.015953,29.756639,305072.79210906266,3293521.9249291825,0.0,0.018456313800874986,0.000530926123693721,21.8378,0.6282001178073313,0.0008451544478324275,fixed benzene facility-z/h0 source geometry; facility-total point-ready SO2 allocated by existing geometry weights,143.0,43.586400000000005,8.0,2.4384,300.0,422.0388888888889,23.2,7.07136,FAC011,11
Q0001833,nonegu,run1_top20_facility_srcgroup_members_2021.csv,ptnonipm/nonegu_norailyard_2021_POINT_20240502_17may2024_v0.csv,2021hb_cb6_21k/inputs/ptnonipm/nonegu_norailyard_2021_POINT_20240502_17may2024_v0.csv,y2024v0csv_4056511_33517513_31963112_6467814,4056511,BAYTOWN OLEFINS PLANT,48201,2,33517513,31963112,6467814,30190099,SO2,-95.009244,29.754306,305717.1347640739,3293252.021379988,0.0,4.594174582394274,0.1321589635351331,21.8378,0.6282001178073313,0.21037717088691504,fixed benzene facility-z/h0 source geometry; facility-total point-ready SO2 allocated by existing geometry weights,389.0,118.5672,4.0,1.2192,950.0,783.15,2.0683,0.63041784,FAC011,11
Q0001834,nonegu,run1_top20_facility_srcgroup_members_2021.csv,ptnonipm/nonegu_norailyard_2021_POINT_20240502_17may2024_v0.csv,2021hb_cb6_21k/inputs/ptnonipm/nonegu_norailyard_2021_POINT_20240502_17may2024_v0.csv,y2024v0csv_4056511_33517613_31962712_6467614,4056511,BAYTOWN OLEFINS PLANT,48201,2,33517613,31962712,6467614,30190003,SO2,-95.010464,29.755369,305601.1953707723,3293371.8980374667,0.0,0.009409101153387247,0.0002706682199222891,21.8378,0.6282001178073313,0.00043086305183613946,fixed benzene facility-z/h0 source geometry; facility-total point-ready SO2 allocated by existing geometry weights,150.0,45.72,6.0,1.8288,400.0,477.5944444444444,30.0,9.144,FAC011,11
Q0001835,nonegu,run1_top20_facility_srcgroup_members_2021.csv,ptnonipm/nonegu_norailyard_2021_POINT_20240502_17may2024_v0.csv,2021hb_cb6_21k/inputs/ptnonipm/nonegu_norailyard_2021_POINT_20240502_17may2024_v0.csv,y2024v0csv_4056511_33517713_31972212_6467414,4056511,BAYTOWN OLEFINS PLANT,48201,2,33517713,31972212,6467414,30187098,SO2,-95.016606,29.757871999999995,305012.0270699699,3293659.693022175,0.0,0.12702286557072784,0.0036540209689509035,21.8378,0.6282001178073313,0.005816651199787883,fixed benzene facility-z/h0 source geometry; facility-total point-ready SO2 allocated by existing geometry weights,32.0,9.7536,2.0,0.6096,90.0,305.3722222222222,0.1,0.03048,FAC011,11
Q0001836,nonegu,run1_top20_facility_srcgroup_members_2021.csv,ptnonipm/nonegu_norailyard_2021_POINT_20240502_17may2024_v0.csv,2021hb_cb6_21k/inputs/ptnonipm/nonegu_norailyard_2021_POINT_20240502_17may2024_v0.csv,y2024v0csv_4056511_33518413_31963612_6466614,4056511,BAYTOWN OLEFINS PLANT,48201,2,33518413,31963612,6466614,30190003,SO2,-95.011747,29.755425,305477.21976696973,3293380.2674866538,0.0,0.017370648283176453,0.000499695175241149,21.8378,0.6282001178073313,0.0007954394803128728,fixed benzene facility-z/h0 source geometry; facility-total point-ready SO2 allocated by existing geometry weights,130.0,39.624,8.0,2.4384,395.0,474.8166666666666,40.3,12.28344,FAC011,11
Q0001837,nonegu,run1_top20_facility_srcgroup_members_2021.csv,ptnonipm/nonegu_norailyard_2021_POINT_20240502_17may2024_v0.csv,2021hb_cb6_21k/inputs/ptnonipm/nonegu_norailyard_2021_POINT_20240502_17may2024_v0.csv,y2024v0csv_4056511_33518513_31964412_6466314,4056511,BAYTOWN OLEFINS PLANT,48201,2,33518513,31964412,6466314,30190003,SO2,-95.011892,29.755139,305462.6436048235,3293348.812040984,0.0,0.017370648283176453,0.000499695175241149,21.8378,0.6282001178073313,0.0007954394803128728,fixed benzene facility-z/h0 source geometry; facility-total point-ready SO2 allocated by existing geometry weights,130.0,39.624,8.0,2.4384,395.0,474.8166666666666,40.3,12.28344,FAC011,11
Q0001838,nonegu,run1_top20_facility_srcgroup_members_2021.csv,ptnonipm/nonegu_norailyard_2021_POINT_20240502_17may2024_v0.csv,2021hb_cb6_21k/inputs/ptnonipm/nonegu_norailyard_2021_POINT_20240502_17may2024_v0.csv,y2024v0csv_4056511_33518813_31967312_6466014,4056511,BAYTOWN OLEFINS PLANT,48201,2,33518813,31967312,6466014,40301099,SO2,-95.016717,29.757211,305000.0116160605,3293586.615987389,0.0,0.010132878165186267,0.00029148885222400367,21.8378,0.6282001178073313,0.0004640063635158425,fixed benzene facility-z/h0 source geometry; facility-total point-ready SO2 allocated by existing geometry weights,17.0,5.1816,1.0,0.3048,90.0,305.3722222222222,0.1,0.03048,FAC011,11
Q0001839,nonegu,run1_top20_facility_srcgroup_members_2021.csv,ptnonipm/nonegu_norailyard_2021_POINT_20240502_17may2024_v0.csv,2021hb_cb6_21k/inputs/ptnonipm/nonegu_norailyard_2021_POINT_20240502_17may2024_v0.csv,y2024v0csv_4056511_33519113_31964812_6465714,4056511,BAYTOWN OLEFINS PLANT,48201,2,33519113,31964812,6465714,10200604,SO2,-95.014147,29.756189000000003,305246.5846642271,3293468.9973429656,0.0,0.018094425294975475,0.0005205158075428637,21.8378,0.6282001178073313,0.0008285827919925759,fixed benzene facility-z/h0 source geometry; facility-total point-ready SO2 allocated by existing geometry weights,75.0,22.86,11.0,3.3528,310.0,427.5944444444444,60.0,18.288,FAC011,11
Q0001840,nonegu,run1_top20_facility_srcgroup_members_2021.csv,ptnonipm/nonegu_norailyard_2021_POINT_20240502_17may2024_v0.csv,2021hb_cb6_21k/inputs/ptnonipm/nonegu_norailyard_2021_POINT_20240502_17may2024_v0.csv,y2024v0csv_4056511_33519313_31968812_6465514,4056511,BAYTOWN OLEFINS PLANT,48201,2,33519313,31968812,6465514,30190003,SO2,-95.011411,29.755489,305509.8392362285,3293386.7947204057,0.0,0.01592309425957842,0.0004580539106377201,21.8378,0.6282001178073313,0.0007291528569534669,fixed benzene facility-z/h0 source geometry; facility-total point-ready SO2 allocated by existing geometry weights,160.0,48.768,8.0,2.4384,340.0,444.26111111111106,28.0,8.5344,FAC011,11
Q0001841,nonegu,run1_top20_facility_srcgroup_members_2021.csv,ptnonipm/nonegu_norailyard_2021_POINT_20240502_17may2024_v0.csv,2021hb_cb6_21k/inputs/ptnonipm/nonegu_norailyard_2021_POINT_20240502_17may2024_v0.csv,y2024v0csv_4056511_33519413_31972112_6465314,4056511,BAYTOWN OLEFINS PLANT,48201,2,33519413,31972112,6465314,40301198,SO2,-95.011117,29.753392,305534.2224955433,3293153.8700432675,0.0,0.0028951080471960764,8.32825292068582e-05,21.8378,0.6282001178073313,0.00013257324671881216,fixed benzene facility-z/h0 source geometry; facility-total point-ready SO2 allocated by existing geometry weights,40.0,12.192,2.0,0.6096,78.0,298.7055555555555,0.1,0.03048,FAC011,11
Q0001842,nonegu,run1_top20_facility_srcgroup_members_2021.csv,ptnonipm/nonegu_norailyard_2021_POINT_20240502_17may2024_v0.csv,2021hb_cb6_21k/inputs/ptnonipm/nonegu_norailyard_2021_POINT_20240502_17may2024_v0.csv,y2024v0csv_4056511_33519613_31962412_6465114,4056511,BAYTOWN OLEFINS PLANT,48201,2,33519613,31962412,6465114,40301198,SO2,-95.011397,29.753442,305507.23868715257,3293159.8839371284,0.0,0.0025332195412965668,7.287221305600092e-05,21.8378,0.6282001178073313,0.00011600159087896063,fixed benzene facility-z/h0 source geometry; facility-total point-ready SO2 allocated by existing geometry weights,40.0,12.192,2.0,0.6096,78.0,298.7055555555555,0.1,0.03048,FAC011,11
Q0001843,nonegu,run1_top20_facility_srcgroup_members_2021.csv,ptnonipm/nonegu_norailyard_2021_POINT_20240502_17may2024_v0.csv,2021hb_cb6_21k/inputs/ptnonipm/nonegu_norailyard_2021_POINT_20240502_17may2024_v0.csv,y2024v0csv_4056511_33519713_31965312_6465014,4056511,BAYTOWN OLEFINS PLANT,48201,2,33519713,31965312,6465014,40301198,SO2,-95.0113,29.753144,305516.0444574573,3293126.6904528253,0.0,1.142843901630651,0.03287577840440727,21.8378,0.6282001178073313,0.0523332891422511,fixed benzene facility-z/h0 source geometry; facility-total point-ready SO2 allocated by existing geometry weights,48.0,14.630400000000002,2.0,0.6096,78.0,298.7055555555555,0.1,0.03048,FAC011,11
Q0001844,nonegu,run1_top20_facility_srcgroup_members_2021.csv,ptnonipm/nonegu_norailyard_2021_POINT_20240502_17may2024_v0.csv,2021hb_cb6_21k/inputs/ptnonipm/nonegu_norailyard_2021_POINT_20240502_17may2024_v0.csv,y2024v0csv_4056511_33520213_31965112_6464514,4056511,BAYTOWN OLEFINS PLANT,48201,2,33520213,31965112,6464514,10200601,SO2,-95.013136,29.755581,305343.18595430296,3293399.90105505,0.0,0.019903867824473023,0.00057256738829715,21.8378,0.6282001178073313,0.0009114410711918335,fixed benzene facility-z/h0 source geometry; facility-total point-ready SO2 allocated by existing geometry weights,200.0,60.96,15.0,4.572,335.0,441.48333333333335,48.0,14.630400000000002,FAC011,11
Q0001845,nonegu,run1_top20_facility_srcgroup_members_2021.csv,ptnonipm/nonegu_norailyard_2021_POINT_20240502_17may2024_v0.csv,2021hb_cb6_21k/inputs/ptnonipm/nonegu_norailyard_2021_POINT_20240502_17may2024_v0.csv,y2024v0csv_4056511_33520413_31965112_6464314,4056511,BAYTOWN OLEFINS PLANT,48201,2,33520413,31965112,6464314,10200601,SO2,-95.013136,29.755581,305343.18595430296,3293399.90105505,0.0,0.02062764483627204,0.0005933880205988647,21.8378,0.6282001178073313,0.0009445843828715366,fixed benzene facility-z/h0 source geometry; facility-total point-ready SO2 allocated by existing geometry weights,200.0,60.96,15.0,4.572,335.0,441.48333333333335,48.0,14.630400000000002,FAC011,11
Q0001846,nonegu,run1_top20_facility_srcgroup_members_2021.csv,ptnonipm/nonegu_norailyard_2021_POINT_20240502_17may2024_v0.csv,2021hb_cb6_21k/inputs/ptnonipm/nonegu_norailyard_2021_POINT_20240502_17may2024_v0.csv,y2024v0csv_4056511_33520613_31965112_6464114,4056511,BAYTOWN OLEFINS PLANT,48201,2,33520613,31965112,6464114,10200601,SO2,-95.013136,29.755581,305343.18595430296,3293399.90105505,0.0,0.028589191966061252,0.0008224149759177247,21.8378,0.6282001178073313,0.00130916081134827,fixed benzene facility-z/h0 source geometry; facility-total point-ready SO2 allocated by existing geometry weights,200.0,60.96,15.0,4.572,335.0,441.48333333333335,48.0,14.630400000000002,FAC011,11
Q0001847,nonegu,run1_top20_facility_srcgroup_members_2021.csv,ptnonipm/nonegu_norailyard_2021_POINT_20240502_17may2024_v0.csv,2021hb_cb6_21k/inputs/ptnonipm/nonegu_norailyard_2021_POINT_20240502_17may2024_v0.csv,y2024v0csv_4056511_33520713_31961712_6464014,4056511,BAYTOWN OLEFINS PLANT,48201,2,33520713,31961712,6464014,30190003,SO2,-95.011264,29.755475,305524.0291042301,3293384.995181205,0.0,0.01556120575367891,0.0004476435944868628,21.8378,0.6282001178073313,0.0007125812011136153,fixed benzene facility-z/h0 source geometry; facility-total point-ready SO2 allocated by existing geometry weights,160.0,48.768,8.0,2.4384,335.0,441.48333333333335,28.0,8.5344,FAC011,11
Q0001848,nonegu,run1_top20_facility_srcgroup_members_2021.csv,ptnonipm/nonegu_norailyard_2021_POINT_20240502_17may2024_v0.csv,2021hb_cb6_21k/inputs/ptnonipm/nonegu_norailyard_2021_POINT_20240502_17may2024_v0.csv,y2024v0csv_4056511_33520813_31965112_6463814,4056511,BAYTOWN OLEFINS PLANT,48201,2,33520813,31965112,6463814,10200601,SO2,-95.013136,29.755581,305343.18595430296,3293399.90105505,0.0,0.019541979318573516,0.0005621570721462928,21.8378,0.6282001178073313,0.000894869415351982,fixed benzene facility-z/h0 source geometry; facility-total point-ready SO2 allocated by existing geometry weights,200.0,60.96,15.0,4.572,335.0,441.48333333333335,48.0,14.630400000000002,FAC011,11
Q0001849,nonegu,run1_top20_facility_srcgroup_members_2021.csv,ptnonipm/nonegu_norailyard_2021_POINT_20240502_17may2024_v0.csv,2021hb_cb6_21k/inputs/ptnonipm/nonegu_norailyard_2021_POINT_20240502_17may2024_v0.csv,y2024v0csv_4056511_33520913_31968712_6463614,4056511,BAYTOWN OLEFINS PLANT,48201,2,33520913,31968712,6463614,30190003,SO2,-95.011089,29.755458,305540.9211646792,3293382.8159501767,0.0,0.013751763224181361,0.0003955920137325764,21.8378,0.6282001178073313,0.0006297229219143577,fixed benzene facility-z/h0 source geometry; facility-total point-ready SO2 allocated by existing geometry weights,200.0,60.96,8.0,2.4384,335.0,441.48333333333335,28.0,8.5344,FAC011,11
Q0001850,nonegu,run1_top20_facility_srcgroup_members_2021.csv,ptnonipm/nonegu_norailyard_2021_POINT_20240502_17may2024_v0.csv,2021hb_cb6_21k/inputs/ptnonipm/nonegu_norailyard_2021_POINT_20240502_17may2024_v0.csv,y2024v0csv_4056511_33521013_31968612_6463414,4056511,BAYTOWN OLEFINS PLANT,48201,2,33521013,31968612,6463414,30190003,SO2,-95.010942,29.755453000000003,305555.1284234211,3293382.014000914,0.0,0.01411365173008087,0.0004060023298834337,21.8378,0.6282001178073313,0.0006462945777542092,fixed benzene facility-z/h0 source geometry; facility-total point-ready SO2 allocated by existing geometry weights,200.0,60.96,8.0,2.4384,330.0,438.7055555555555,28.0,8.5344,FAC011,11
Q0001851,nonegu,run1_top20_facility_srcgroup_members_2021.csv,ptnonipm/nonegu_norailyard_2021_POINT_20240502_17may2024_v0.csv,2021hb_cb6_21k/inputs/ptnonipm/nonegu_norailyard_2021_POINT_20240502_17may2024_v0.csv,y2024v0csv_4056511_33521113_31962512_6463314,4056511,BAYTOWN OLEFINS PLANT,48201,2,33521113,31962512,6463314,30190003,SO2,-95.010775,29.755425,305571.225536687,3293378.6290715453,0.0,0.011942320694683813,0.00034354043297829003,21.8378,0.6282001178073313,0.0005468646427151001,fixed benzene facility-z/h0 source geometry; facility-total point-ready SO2 allocated by existing geometry weights,200.0,60.96,8.0,2.4384,325.0,435.92777777777775,28.0,8.5344,FAC011,11
Q0001852,nonegu,run1_top20_facility_srcgroup_members_2021.csv,ptnonipm/nonegu_norailyard_2021_POINT_20240502_17may2024_v0.csv,2021hb_cb6_21k/inputs/ptnonipm/nonegu_norailyard_2021_POINT_20240502_17may2024_v0.csv,y2024v0csv_4056511_33521213_31962612_6463114,4056511,BAYTOWN OLEFINS PLANT,48201,2,33521213,31962612,6463114,30190003,SO2,-95.010611,29.755406,305587.04989739973,3293376.2467708928,0.0,0.013027986212382343,0.00037477138143086186,21.8378,0.6282001178073313,0.0005965796102346547,fixed benzene facility-z/h0 source geometry; facility-total point-ready SO2 allocated by existing geometry weights,200.0,60.96,8.0,2.4384,340.0,444.26111111111106,29.0,8.8392,FAC011,11
Q0001853,nonegu,run1_top20_facility_srcgroup_members_2021.csv,ptnonipm/nonegu_norailyard_2021_POINT_20240502_17may2024_v0.csv,2021hb_cb6_21k/inputs/ptnonipm/nonegu_norailyard_2021_POINT_20240502_17may2024_v0.csv,y2024v0csv_4056511_33521513_31965012_6462014,4056511,BAYTOWN OLEFINS PLANT,48201,2,33521513,31965012,6462014,30190003,SO2,-95.011578,29.755511,305493.7305546188,3293389.514706537,0.0,0.014475540235980381,0.00041641264603429096,21.8378,0.6282001178073313,0.0006628662335940608,fixed benzene facility-z/h0 source geometry; facility-total point-ready SO2 allocated by existing geometry weights,160.0,48.768,8.0,2.4384,325.0,435.92777777777775,29.0,8.8392,FAC011,11
Q0001854,nonegu,run1_top20_facility_srcgroup_members_2021.csv,ptnonipm/nonegu_norailyard_2021_POINT_20240502_17may2024_v0.csv,2021hb_cb6_21k/inputs/ptnonipm/nonegu_norailyard_2021_POINT_20240502_17may2024_v0.csv,y2024v0csv_4056511_33521613_31963312_6461814,4056511,BAYTOWN OLEFINS PLANT,48201,2,33521613,31963312,6461814,30190003,SO2,-95.016261,29.756669,305043.0626873976,3293525.770535867,0.0,0.018818202306774494,0.0005413364398445782,21.8378,0.6282001178073313,0.0008617261036722789,fixed benzene facility-z/h0 source geometry; facility-total point-ready SO2 allocated by existing geometry weights,143.0,43.586400000000005,8.0,2.4384,300.0,422.0388888888889,23.2,7.07136,FAC011,11
Q0001855,nonegu,run1_top20_facility_srcgroup_members_2021.csv,ptnonipm/nonegu_norailyard_2021_POINT_20240502_17may2024_v0.csv,2021hb_cb6_21k/inputs/ptnonipm/nonegu_norailyard_2021_POINT_20240502_17may2024_v0.csv,y2024v0csv_4056511_33521913_31961312_6461214,4056511,BAYTOWN OLEFINS PLANT,48201,2,33521913,31961312,6461214,30190003,SO2,-95.01565,29.756596999999996,305102.01474886434,3293516.7577807684,0.0,0.018818202306774494,0.0005413364398445782,21.8378,0.6282001178073313,0.0008617261036722789,fixed benzene facility-z/h0 source geometry; facility-total point-ready SO2 allocated by existing geometry weights,143.0,43.586400000000005,8.0,2.4384,300.0,422.0388888888889,23.2,7.07136,FAC011,11
Q0001856,nonegu,run1_top20_facility_srcgroup_members_2021.csv,ptnonipm/nonegu_norailyard_2021_POINT_20240502_17may2024_v0.csv,2021hb_cb6_21k/inputs/ptnonipm/nonegu_norailyard_2021_POINT_20240502_17may2024_v0.csv,y2024v0csv_4056511_33522013_31970812_6461114,4056511,BAYTOWN OLEFINS PLANT,48201,2,33522013,31970812,6461114,10200604,SO2,-95.014217,29.755764000000003,305238.99251037725,3293422.008935147,0.0,0.02062764483627204,0.0005933880205988647,21.8378,0.6282001178073313,0.0009445843828715366,fixed benzene facility-z/h0 source geometry; facility-total point-ready SO2 allocated by existing geometry weights,75.0,22.86,11.0,3.3528,310.0,427.5944444444444,60.0,18.288,FAC011,11
Q0001857,nonegu,run1_top20_facility_srcgroup_members_2021.csv,ptnonipm/nonegu_norailyard_2021_POINT_20240502_17may2024_v0.csv,2021hb_cb6_21k/inputs/ptnonipm/nonegu_norailyard_2021_POINT_20240502_17may2024_v0.csv,y2024v0csv_4056511_33522113_31964712_6461014,4056511,BAYTOWN OLEFINS PLANT,48201,2,33522113,31964712,6461014,10200604,SO2,-95.014119,29.755944,305248.8186579903,3293441.794523585,0.0,0.02207519885987008,0.0006350292852022937,21.8378,0.6282001178073313,0.0010108710062309426,fixed benzene facility-z/h0 source geometry; facility-total point-ready SO2 allocated by existing geometry weights,75.0,22.86,11.0,3.3528,310.0,427.5944444444444,60.0,18.288,FAC011,11
Q0001858,nonegu,run1_top20_facility_srcgroup_members_2021.csv,ptnonipm/nonegu_norailyard_2021_POINT_20240502_17may2024_v0.csv,2021hb_cb6_21k/inputs/ptnonipm/nonegu_norailyard_2021_POINT_20240502_17may2024_v0.csv,y2024v0csv_4056511_33522213_31967912_6460914,4056511,BAYTOWN OLEFINS PLANT,48201,2,33522213,31967912,6460914,10200604,SO2,-95.014389,29.756167,305223.1375246302,3293466.967420168,0.0,0.02822730346016174,0.0008120046597668674,21.8378,0.6282001178073313,0.0012925891555084184,fixed benzene facility-z/h0 source geometry; facility-total point-ready SO2 allocated by existing geometry weights,75.0,22.86,10.0,3.048,300.0,422.0388888888889,50.0,15.24,FAC011,11
Q0001859,nonegu,run1_top20_facility_srcgroup_members_2021.csv,ptnonipm/nonegu_norailyard_2021_POINT_20240502_17may2024_v0.csv,2021hb_cb6_21k/inputs/ptnonipm/nonegu_norailyard_2021_POINT_20240502_17may2024_v0.csv,y2024v0csv_4056511_33522713_31966912_6301614,4056511,BAYTOWN OLEFINS PLANT,48201,2,33522713,31966912,6301614,30119701,SO2,-95.016681,29.755425,305000.03365901974,3293388.596526411,0.0,12.533284624817714,0.36054047925264,21.8378,0.6282001178073313,0.5739261567015776,fixed benzene facility-z/h0 source geometry; facility-total point-ready SO2 allocated by existing geometry weights,400.0,121.92,5.0,1.524,950.0,783.15,0.5195,0.1583436,FAC011,11
Q0001860,nonegu,run1_top20_facility_srcgroup_members_2021.csv,ptnonipm/nonegu_norailyard_2021_POINT_20240502_17may2024_v0.csv,2021hb_cb6_21k/inputs/ptnonipm/nonegu_norailyard_2021_POINT_20240502_17may2024_v0.csv,y2024v0csv_4056511_33522813_31970912_6301114,4056511,BAYTOWN OLEFINS PLANT,48201,2,33522813,31970912,6301114,20200102,SO2,-95.013175,29.755372,305339.0099903863,3293376.801514671,0.0,0.00036188850589950956,1.0410316150857276e-05,21.8378,0.6282001178073313,1.657165583985152e-05,fixed benzene facility-z/h0 source geometry; facility-total point-ready SO2 allocated by existing geometry weights,10.0,3.048,0.33,0.100584,310.0,427.5944444444444,60.0,18.288,FAC011,11
Q0001861,nonegu,run1_top20_facility_srcgroup_members_2021.csv,ptnonipm/nonegu_norailyard_2021_POINT_20240502_17may2024_v0.csv,2021hb_cb6_21k/inputs/ptnonipm/nonegu_norailyard_2021_POINT_20240502_17may2024_v0.csv,y2024v0csv_4056511_33522913_31972312_6301014,4056511,BAYTOWN OLEFINS PLANT,48201,2,33522913,31972312,6301014,20200102,SO2,-95.013881,29.755903000000004,305271.7571243423,3293436.8483980373,0.0,0.00036188850589950956,1.0410316150857276e-05,21.8378,0.6282001178073313,1.657165583985152e-05,fixed benzene facility-z/h0 source geometry; facility-total point-ready SO2 allocated by existing geometry weights,10.0,3.048,0.33,0.100584,310.0,427.5944444444444,60.0,18.288,FAC011,11
Q0001862,nonegu,run1_top20_facility_srcgroup_members_2021.csv,ptnonipm/nonegu_norailyard_2021_POINT_20240502_17may2024_v0.csv,2021hb_cb6_21k/inputs/ptnonipm/nonegu_norailyard_2021_POINT_20240502_17may2024_v0.csv,y2024v0csv_4056511_33523213_31961612_6300714,4056511,BAYTOWN OLEFINS PLANT,48201,2,33523213,31961612,6300714,20100102,SO2,-95.014183,29.758166999999997,305246.92985290184,3293688.2976843365,0.0,0.00036188850589950956,1.0410316150857276e-05,21.8378,0.6282001178073313,1.657165583985152e-05,fixed benzene facility-z/h0 source geometry; facility-total point-ready SO2 allocated by existing geometry weights,10.0,3.048,1.0,0.3048,400.0,477.5944444444444,81.0,24.6888,FAC011,11
Q0001863,nonegu,run1_top20_facility_srcgroup_members_2021.csv,ptnonipm/nonegu_norailyard_2021_POINT_20240502_17may2024_v0.csv,2021hb_cb6_21k/inputs/ptnonipm/nonegu_norailyard_2021_POINT_20240502_17may2024_v0.csv,y2024v0csv_4056511_33523413_31967712_6300514,4056511,BAYTOWN OLEFINS PLANT,48201,2,33523413,31967712,6300514,40301099,SO2,-95.011058,29.753772,305540.662689497,3293195.889369082,0.0,0.028951080471960763,0.0008328252920685819,21.8378,0.6282001178073313,0.0013257324671881216,fixed benzene facility-z/h0 source geometry; facility-total point-ready SO2 allocated by existing geometry weights,42.0,12.8016,1.0,0.3048,80.0,299.81666666666666,0.1,0.03048,FAC011,11
Q0001864,nonegu,run1_top20_facility_srcgroup_members_2021.csv,ptnonipm/nonegu_norailyard_2021_POINT_20240502_17may2024_v0.csv,2021hb_cb6_21k/inputs/ptnonipm/nonegu_norailyard_2021_POINT_20240502_17may2024_v0.csv,y2024v0csv_4056511_33523513_31962012_6300414,4056511,BAYTOWN OLEFINS PLANT,48201,2,33523513,31962012,6300414,40301099,SO2,-95.010942,29.754342,305552.9825720516,3293258.8720180863,0.0,0.2692450483892351,0.007745275216237812,21.8378,0.6282001178073313,0.01232931194484953,fixed benzene facility-z/h0 source geometry; facility-total point-ready SO2 allocated by existing geometry weights,50.0,15.24,1.0,0.3048,80.0,299.81666666666666,0.1,0.03048,FAC011,11
Q0001865,nonegu,run1_top20_facility_srcgroup_members_2021.csv,ptnonipm/nonegu_norailyard_2021_POINT_20240502_17may2024_v0.csv,2021hb_cb6_21k/inputs/ptnonipm/nonegu_norailyard_2021_POINT_20240502_17may2024_v0.csv,y2024v0csv_4056511_33523613_31965712_6300314,4056511,BAYTOWN OLEFINS PLANT,48201,2,33523613,31965712,6300314,40301099,SO2,-95.011253,29.754383,305522.98347265995,3293263.9405828584,0.0,0.02207519885987008,0.0006350292852022937,21.8378,0.6282001178073313,0.0010108710062309426,fixed benzene facility-z/h0 source geometry; facility-total point-ready SO2 allocated by existing geometry weights,50.0,15.24,1.0,0.3048,100.0,310.92777777777775,0.1,0.03048,FAC011,11
Q0001866,nonegu,run1_top20_facility_srcgroup_members_2021.csv,ptnonipm/nonegu_norailyard_2021_POINT_20240502_17may2024_v0.csv,2021hb_cb6_21k/inputs/ptnonipm/nonegu_norailyard_2021_POINT_20240502_17may2024_v0.csv,y2024v0csv_4056511_33523813_116286012_159940114,4056511,BAYTOWN OLEFINS PLANT,48201,3,33523813,116286012,159940114,30119799,SO2,-95.011825,29.755994,305470.7756038868,3293443.466339144,0.0,0.6210006761235584,0.017864102514871083,21.8378,0.6282001178073313,0.028436961421185205,fixed benzene facility-z/h0 source geometry; facility-total point-ready SO2 allocated by existing geometry weights,1.0,0.3048,0.1,0.03048,30.0,272.0388888888889,0.1,0.03048,FAC011,11
Q0001867,nonegu,run1_top20_facility_srcgroup_members_2021.csv,ptnonipm/nonegu_norailyard_2021_POINT_20240502_17may2024_v0.csv,2021hb_cb6_21k/inputs/ptnonipm/nonegu_norailyard_2021_POINT_20240502_17may2024_v0.csv,y2024v0csv_4056511_33524813_31963212_6298914,4056511,BAYTOWN OLEFINS PLANT,48201,2,33524813,31963212,6298914,30190003,SO2,-95.016408,29.756691999999997,305028.890465659,3293528.5682521393,0.0,0.018818202306774494,0.0005413364398445782,21.8378,0.6282001178073313,0.0008617261036722789,fixed benzene facility-z/h0 source geometry; facility-total point-ready SO2 allocated by existing geometry weights,143.0,43.586400000000005,8.0,2.4384,300.0,422.0388888888889,23.2,7.07136,FAC011,11
Q0001868,nonegu,run1_top20_facility_srcgroup_members_2021.csv,ptnonipm/nonegu_norailyard_2021_POINT_20240502_17may2024_v0.csv,2021hb_cb6_21k/inputs/ptnonipm/nonegu_norailyard_2021_POINT_20240502_17may2024_v0.csv,y2024v0csv_4056511_33525813_31967912_6297814,4056511,BAYTOWN OLEFINS PLANT,48201,2,33525813,31967912,6297814,20200203,SO2,-95.014389,29.756167,305223.1375246302,3293466.967420168,0.0,0.1447554023598038,0.004164126460342909,21.8378,0.6282001178073313,0.006628662335940607,fixed benzene facility-z/h0 source geometry; facility-total point-ready SO2 allocated by existing geometry weights,75.0,22.86,10.0,3.048,300.0,422.0388888888889,50.0,15.24,FAC011,11
Q0001869,nonegu,run1_top20_facility_srcgroup_members_2021.csv,ptnonipm/nonegu_norailyard_2021_POINT_20240502_17may2024_v0.csv,2021hb_cb6_21k/inputs/ptnonipm/nonegu_norailyard_2021_POINT_20240502_17may2024_v0.csv,y2024v0csv_4056511_33525913_31965512_6297714,4056511,BAYTOWN OLEFINS PLANT,48201,2,33525913,31965512,6297714,40301099,SO2,-95.0112,29.754661,305528.64636324544,3293294.664455238,0.0,0.16212605064298027,0.004663821635584059,21.8378,0.6282001178073313,0.00742410181625348,fixed benzene facility-z/h0 source geometry; facility-total point-ready SO2 allocated by existing geometry weights,50.0,15.24,1.0,0.3048,80.0,299.81666666666666,0.1,0.03048,FAC011,11
Q0001870,nonegu,run1_top20_facility_srcgroup_members_2021.csv,ptnonipm/nonegu_norailyard_2021_POINT_20240502_17may2024_v0.csv,2021hb_cb6_21k/inputs/ptnonipm/nonegu_norailyard_2021_POINT_20240502_17may2024_v0.csv,y2024v0csv_4056511_33526213_31964712_6297414,4056511,BAYTOWN OLEFINS PLANT,48201,2,33526213,31964712,6297414,20200203,SO2,-95.014119,29.755944,305248.8186579903,3293441.794523585,0.0,0.07708225175659553,0.0022173973401325995,21.8378,0.6282001178073313,0.0035297626938883735,fixed benzene facility-z/h0 source geometry; facility-total point-ready SO2 allocated by existing geometry weights,75.0,22.86,11.0,3.3528,310.0,427.5944444444444,60.0,18.288,FAC011,11
Q0001871,nonegu,run1_top20_facility_srcgroup_members_2021.csv,ptnonipm/nonegu_norailyard_2021_POINT_20240502_17may2024_v0.csv,2021hb_cb6_21k/inputs/ptnonipm/nonegu_norailyard_2021_POINT_20240502_17may2024_v0.csv,y2024v0csv_4056511_33526313_31966612_6297314,4056511,BAYTOWN OLEFINS PLANT,48201,2,33526313,31966612,6297314,40301099,SO2,-95.013944,29.754225,305262.4183309482,3293250.9669326353,0.0,0.10711899774625482,0.0030814535806537534,21.8378,0.6282001178073313,0.00490521012859605,fixed benzene facility-z/h0 source geometry; facility-total point-ready SO2 allocated by existing geometry weights,24.0,7.315200000000001,1.0,0.3048,90.0,305.3722222222222,0.1,0.03048,FAC011,11
Q0001872,nonegu,run1_top20_facility_srcgroup_members_2021.csv,ptnonipm/nonegu_norailyard_2021_POINT_20240502_17may2024_v0.csv,2021hb_cb6_21k/inputs/ptnonipm/nonegu_norailyard_2021_POINT_20240502_17may2024_v0.csv,y2024v0csv_4056511_33526613_116285812_159939914,4056511,BAYTOWN OLEFINS PLANT,48201,3,33526613,116285812,159939914,30190003,SO2,-95.010319,29.7553,305615.08563808596,3293364.0058489176,0.0,0.012666097706482835,0.0003643610652800046,21.8378,0.6282001178073313,0.0005800079543948032,fixed benzene facility-z/h0 source geometry; facility-total point-ready SO2 allocated by existing geometry weights,1.0,0.3048,0.1,0.03048,30.0,272.0388888888889,28.8,8.77824,FAC011,11
Q0001873,nonegu,run1_top20_facility_srcgroup_members_2021.csv,ptnonipm/nonegu_norailyard_2021_POINT_20240502_17may2024_v0.csv,2021hb_cb6_21k/inputs/ptnonipm/nonegu_norailyard_2021_POINT_20240502_17may2024_v0.csv,y2024v0csv_4056511_33526713_31971712_6296814,4056511,BAYTOWN OLEFINS PLANT,48201,2,33526713,31971712,6296814,30190003,SO2,-95.010161,29.755283,305630.33360303205,3293361.855397861,0.0,0.017008759777276946,0.0004892848590902918,21.8378,0.6282001178073313,0.0007788678244730214,fixed benzene facility-z/h0 source geometry; facility-total point-ready SO2 allocated by existing geometry weights,144.0,43.891200000000005,9.0,2.7432000000000003,425.0,491.48333333333335,30.0,9.144,FAC011,11
Q0001874,nonegu,run1_top20_facility_srcgroup_members_2021.csv,ptnonipm/nonegu_norailyard_2021_POINT_20240502_17may2024_v0.csv,2021hb_cb6_21k/inputs/ptnonipm/nonegu_norailyard_2021_POINT_20240502_17may2024_v0.csv,y2024v0csv_4056511_33527413_31964812_6295714,4056511,BAYTOWN OLEFINS PLANT,48201,2,33527413,31964812,6295714,20200203,SO2,-95.014147,29.756189000000003,305246.5846642271,3293468.9973429656,0.0,0.06658748508550974,0.0019154981717577383,21.8378,0.6282001178073313,0.003049184674532679,fixed benzene facility-z/h0 source geometry; facility-total point-ready SO2 allocated by existing geometry weights,75.0,22.86,11.0,3.3528,310.0,427.5944444444444,60.0,18.288,FAC011,11
Q0001875,nonegu,run1_top20_facility_srcgroup_members_2021.csv,ptnonipm/nonegu_norailyard_2021_POINT_20240502_17may2024_v0.csv,2021hb_cb6_21k/inputs/ptnonipm/nonegu_norailyard_2021_POINT_20240502_17may2024_v0.csv,y2024v0csv_4056511_33527513_31970812_6295614,4056511,BAYTOWN OLEFINS PLANT,48201,2,33527513,31970812,6295614,20200203,SO2,-95.014217,29.755764000000003,305238.99251037725,3293422.008935147,0.0,0.06948259313270581,0.001998780700964596,21.8378,0.6282001178073313,0.0031817579212514912,fixed benzene facility-z/h0 source geometry; facility-total point-ready SO2 allocated by existing geometry weights,75.0,22.86,11.0,3.3528,310.0,427.5944444444444,60.0,18.288,FAC011,11
Q0002252,nonegu,run1_top20_facility_srcgroup_members_2021.csv,ptnonipm/nonegu_norailyard_2021_POINT_20240502_17may2024_v0.csv,2021hb_cb6_21k/inputs/ptnonipm/nonegu_norailyard_2021_POINT_20240502_17may2024_v0.csv,y2024v0csv_4056511_70549413_64861312_97766114,4056511,BAYTOWN OLEFINS PLANT,48201,2,70549413,64861312,97766114,20200203,SO2,-95.014206,29.754817,305238.2242717847,3293317.025844848,0.0,0.284082477131115,0.00817209817842296,21.8378,0.6282001178073313,0.013008749834283443,fixed benzene facility-z/h0 source geometry; facility-total point-ready SO2 allocated by existing geometry weights,125.0,38.1,10.0,3.048,408.0,482.0388888888889,81.0,24.6888,FAC011,11
Q0002253,nonegu,run1_top20_facility_srcgroup_members_2021.csv,ptnonipm/nonegu_norailyard_2021_POINT_20240502_17may2024_v0.csv,2021hb_cb6_21k/inputs/ptnonipm/nonegu_norailyard_2021_POINT_20240502_17may2024_v0.csv,y2024v0csv_4056511_70549513_64861412_97766314,4056511,BAYTOWN OLEFINS PLANT,48201,2,70549513,64861412,97766314,30190003,SO2,-95.015508,29.756569,305115.69375391013,3293513.4144099606,0.0,0.027503526448362722,0.0007911840274651528,21.8378,0.6282001178073313,0.0012594458438287153,fixed benzene facility-z/h0 source geometry; facility-total point-ready SO2 allocated by existing geometry weights,197.0,60.0456,10.3,3.1394400000000005,305.0,424.8166666666666,23.0,7.010400000000001,FAC011,11
Q0002254,nonegu,run1_top20_facility_srcgroup_members_2021.csv,ptnonipm/nonegu_norailyard_2021_POINT_20240502_17may2024_v0.csv,2021hb_cb6_21k/inputs/ptnonipm/nonegu_norailyard_2021_POINT_20240502_17may2024_v0.csv,y2024v0csv_4056511_70549713_64861612_97766514,4056511,BAYTOWN OLEFINS PLANT,48201,3,70549713,64861612,97766514,20100102,SO2,-95.010833,29.756389,305567.47802310926,3293485.575494638,0.0,0.005428327588492643,0.0001561547422628591,21.8378,0.6282001178073313,0.00024857483759777277,fixed benzene facility-z/h0 source geometry; facility-total point-ready SO2 allocated by existing geometry weights,1.0,0.3048,0.1,0.03048,30.0,272.0388888888889,0.1,0.03048,FAC011,11
Q0002255,nonegu,run1_top20_facility_srcgroup_members_2021.csv,ptnonipm/nonegu_norailyard_2021_POINT_20240502_17may2024_v0.csv,2021hb_cb6_21k/inputs/ptnonipm/nonegu_norailyard_2021_POINT_20240502_17may2024_v0.csv,y2024v0csv_4056511_70549813_64862012_97766614,4056511,BAYTOWN OLEFINS PLANT,48201,3,70549813,64862012,97766614,20100102,SO2,-95.010942,29.756389,305556.93632613646,3293485.7591958493,0.0,0.01592309425957842,0.0004580539106377201,21.8378,0.6282001178073313,0.0007291528569534669,fixed benzene facility-z/h0 source geometry; facility-total point-ready SO2 allocated by existing geometry weights,25.0,7.62,1.0,0.3048,500.0,533.15,70.0,21.336,FAC011,11
Q0002256,nonegu,run1_top20_facility_srcgroup_members_2021.csv,ptnonipm/nonegu_norailyard_2021_POINT_20240502_17may2024_v0.csv,2021hb_cb6_21k/inputs/ptnonipm/nonegu_norailyard_2021_POINT_20240502_17may2024_v0.csv,y2024v0csv_4056511_70549913_64862112_97766714,4056511,BAYTOWN OLEFINS PLANT,48201,3,70549913,64862112,97766714,20100102,SO2,-95.010942,29.756389,305556.93632613646,3293485.7591958493,0.0,0.018456313800874986,0.000530926123693721,21.8378,0.6282001178073313,0.0008451544478324275,fixed benzene facility-z/h0 source geometry; facility-total point-ready SO2 allocated by existing geometry weights,25.0,7.62,1.0,0.3048,500.0,533.15,70.0,21.336,FAC011,11
Q0002577,nonegu,run1_top20_facility_srcgroup_members_2021.csv,ptnonipm/nonegu_norailyard_2021_POINT_20240502_17may2024_v0.csv,2021hb_cb6_21k/inputs/ptnonipm/nonegu_norailyard_2021_POINT_20240502_17may2024_v0.csv,y2024v0csv_4056511_99274113_96193412_138935314,4056511,BAYTOWN OLEFINS PLANT,48201,2,99274113,96193412,138935314,20100102,SO2,-95.005503,29.758069,306086.19318944763,3293662.813879933,0.0,0.0007237770117990191,2.082063230171455e-05,21.8378,0.6282001178073313,3.314331167970304e-05,fixed benzene facility-z/h0 source geometry; facility-total point-ready SO2 allocated by existing geometry weights,18.0,5.486400000000001,1.0,0.3048,400.0,477.5944444444444,81.0,24.6888,FAC011,11
Q0002578,nonegu,run1_top20_facility_srcgroup_members_2021.csv,ptnonipm/nonegu_norailyard_2021_POINT_20240502_17may2024_v0.csv,2021hb_cb6_21k/inputs/ptnonipm/nonegu_norailyard_2021_POINT_20240502_17may2024_v0.csv,y2024v0csv_4056511_99274213_96193512_138935414,4056511,BAYTOWN OLEFINS PLANT,48201,2,99274213,96193512,138935414,20100102,SO2,-95.013811,29.755121999999997,305277.0164069393,3293350.165011048,0.0,0.008685324141588227,0.0002498475876205745,21.8378,0.6282001178073313,0.0003977197401564364,fixed benzene facility-z/h0 source geometry; facility-total point-ready SO2 allocated by existing geometry weights,18.0,5.486400000000001,1.0,0.3048,400.0,477.5944444444444,81.0,24.6888,FAC011,11
Q0002579,nonegu,run1_top20_facility_srcgroup_members_2021.csv,ptnonipm/nonegu_norailyard_2021_POINT_20240502_17may2024_v0.csv,2021hb_cb6_21k/inputs/ptnonipm/nonegu_norailyard_2021_POINT_20240502_17may2024_v0.csv,y2024v0csv_4056511_99274313_96193612_138935514,4056511,BAYTOWN OLEFINS PLANT,48201,2,99274313,96193612,138935514,20100102,SO2,-95.013811,29.755121999999997,305277.0164069393,3293350.165011048,0.0,0.008323435635688717,0.0002394372714697173,21.8378,0.6282001178073313,0.0003811480843165849,fixed benzene facility-z/h0 source geometry; facility-total point-ready SO2 allocated by existing geometry weights,18.0,5.486400000000001,1.0,0.3048,400.0,477.5944444444444,81.0,24.6888,FAC011,11
Q0002580,nonegu,run1_top20_facility_srcgroup_members_2021.csv,ptnonipm/nonegu_norailyard_2021_POINT_20240502_17may2024_v0.csv,2021hb_cb6_21k/inputs/ptnonipm/nonegu_norailyard_2021_POINT_20240502_17may2024_v0.csv,y2024v0csv_4056511_99274413_96193712_138935614,4056511,BAYTOWN OLEFINS PLANT,48201,2,99274413,96193712,138935614,20100102,SO2,-95.013811,29.755121999999997,305277.0164069393,3293350.165011048,0.0,0.007237770117990191,0.00020820632301714548,21.8378,0.6282001178073313,0.0003314331167970304,fixed benzene facility-z/h0 source geometry; facility-total point-ready SO2 allocated by existing geometry weights,18.0,5.486400000000001,1.0,0.3048,400.0,477.5944444444444,81.0,24.6888,FAC011,11
Q0000297,nonegu,run1_top20_facility_srcgroup_members_2021.csv,ptnonipm/nonegu_norailyard_2021_POINT_20240502_17may2024_v0.csv,2021hb_cb6_21k/inputs/ptnonipm/nonegu_norailyard_2021_POINT_20240502_17may2024_v0.csv,y2024v0csv_4056411_127789013_129767112_183887614,4056411,CEDAR BAYOU PLANT,48201,2,127789013,129767112,183887614,10200701,SO2,-94.9244,29.823844,314051.3518745797,3300819.519160056,0.0,0.011555430574830178,0.0003324109044144903,20.4136,0.5872306699791984,0.0005660652983711927,fixed benzene facility-z/h0 source geometry; facility-total point-ready SO2 allocated by existing geometry weights,200.0,60.96,7.5,2.286,259.0,399.26111111111106,19.7,6.00456,FAC012,12
Q0000427,nonegu,run1_top20_facility_srcgroup_members_2021.csv,ptnonipm/nonegu_norailyard_2021_POINT_20240502_17may2024_v0.csv,2021hb_cb6_21k/inputs/ptnonipm/nonegu_norailyard_2021_POINT_20240502_17may2024_v0.csv,y2024v0csv_4056411_136537213_141648412_214426714,4056411,CEDAR BAYOU PLANT,48201,2,136537213,141648412,214426714,30182002,SO2,-94.928031,29.823619,313700.01503654895,3300800.450358886,0.0,0.6925803228398217,0.019923208400068487,20.4136,0.5872306699791984,0.033927397560441164,fixed benzene facility-z/h0 source geometry; facility-total point-ready SO2 allocated by existing geometry weights,10.0,3.048,1.0,0.3048,70.0,294.26111111111106,0.1,0.03048,FAC012,12
Q0001876,nonegu,run1_top20_facility_srcgroup_members_2021.csv,ptnonipm/nonegu_norailyard_2021_POINT_20240502_17may2024_v0.csv,2021hb_cb6_21k/inputs/ptnonipm/nonegu_norailyard_2021_POINT_20240502_17may2024_v0.csv,y2024v0csv_4056411_33529113_31985812_9223414,4056411,CEDAR BAYOU PLANT,48201,2,33529113,31985812,9223414,30190099,SO2,-94.918731,29.829344,314609.39121661166,3301419.9797871863,0.0,12.97227546563436,0.3731687704686671,20.4136,0.5872306699791984,0.6354722080198671,fixed benzene facility-z/h0 source geometry; facility-total point-ready SO2 allocated by existing geometry weights,350.0,106.68,5.0,1.524,650.0,616.4833333333333,0.1272,0.03877056,FAC012,12
Q0001877,nonegu,run1_top20_facility_srcgroup_members_2021.csv,ptnonipm/nonegu_norailyard_2021_POINT_20240502_17may2024_v0.csv,2021hb_cb6_21k/inputs/ptnonipm/nonegu_norailyard_2021_POINT_20240502_17may2024_v0.csv,y2024v0csv_4056411_33530113_31984812_9221714,4056411,CEDAR BAYOU PLANT,48201,2,33530113,31984812,9221714,10200701,SO2,-94.918214,29.823466999999997,314648.5032298685,3300767.7595022153,0.0,0.009318895624863047,0.0002680733100116858,20.4136,0.5872306699791984,0.00045650427287999415,fixed benzene facility-z/h0 source geometry; facility-total point-ready SO2 allocated by existing geometry weights,199.0,60.6552,13.5,4.1148,300.0,422.0388888888889,9.7,2.95656,FAC012,12
Q0001878,nonegu,run1_top20_facility_srcgroup_members_2021.csv,ptnonipm/nonegu_norailyard_2021_POINT_20240502_17may2024_v0.csv,2021hb_cb6_21k/inputs/ptnonipm/nonegu_norailyard_2021_POINT_20240502_17may2024_v0.csv,y2024v0csv_4056411_33530213_31979912_9221614,4056411,CEDAR BAYOU PLANT,48201,2,33530213,31979912,9221614,10200701,SO2,-94.9182,29.824197,314651.2039598531,3300848.647794555,0.0,0.008573383974874005,0.00024662744521075094,20.4136,0.5872306699791984,0.00041998393104959465,fixed benzene facility-z/h0 source geometry; facility-total point-ready SO2 allocated by existing geometry weights,199.0,60.6552,13.5,4.1148,300.0,422.0388888888889,20.5,6.2484,FAC012,12
Q0001879,nonegu,run1_top20_facility_srcgroup_members_2021.csv,ptnonipm/nonegu_norailyard_2021_POINT_20240502_17may2024_v0.csv,2021hb_cb6_21k/inputs/ptnonipm/nonegu_norailyard_2021_POINT_20240502_17may2024_v0.csv,y2024v0csv_4056411_33530413_31980012_9221414,4056411,CEDAR BAYOU PLANT,48201,2,33530413,31980012,9221414,10200701,SO2,-94.917936,29.824561,314677.39010361454,3300888.5674184323,0.0,0.0011182674749835658,3.216879720140229e-05,20.4136,0.5872306699791984,5.4780512745599296e-05,fixed benzene facility-z/h0 source geometry; facility-total point-ready SO2 allocated by existing geometry weights,199.0,60.6552,13.5,4.1148,300.0,422.0388888888889,9.7,2.95656,FAC012,12
Q0001880,nonegu,run1_top20_facility_srcgroup_members_2021.csv,ptnonipm/nonegu_norailyard_2021_POINT_20240502_17may2024_v0.csv,2021hb_cb6_21k/inputs/ptnonipm/nonegu_norailyard_2021_POINT_20240502_17may2024_v0.csv,y2024v0csv_4056411_33531313_31979912_9220414,4056411,CEDAR BAYOU PLANT,48201,2,33531313,31979912,9220414,10200701,SO2,-94.9182,29.824197,314651.2039598531,3300848.647794555,0.0,0.010437163099846613,0.00030024210721308806,20.4136,0.5872306699791984,0.0005112847856255934,fixed benzene facility-z/h0 source geometry; facility-total point-ready SO2 allocated by existing geometry weights,199.0,60.6552,13.5,4.1148,300.0,422.0388888888889,20.5,6.2484,FAC012,12
Q0001881,nonegu,run1_top20_facility_srcgroup_members_2021.csv,ptnonipm/nonegu_norailyard_2021_POINT_20240502_17may2024_v0.csv,2021hb_cb6_21k/inputs/ptnonipm/nonegu_norailyard_2021_POINT_20240502_17may2024_v0.csv,y2024v0csv_4056411_33532313_108722812_149415214,4056411,CEDAR BAYOU PLANT,48201,2,33532313,108722812,149415214,30182002,SO2,-94.923389,29.827803000000003,314156.38944277994,3301256.6903394465,0.0,0.04100314074939741,0.0011795225640514172,20.4136,0.5872306699791984,0.0020086188006719742,fixed benzene facility-z/h0 source geometry; facility-total point-ready SO2 allocated by existing geometry weights,1.0,0.3048,0.5,0.1524,100.0,310.92777777777775,0.1,0.03048,FAC012,12
Q0001882,nonegu,run1_top20_facility_srcgroup_members_2021.csv,ptnonipm/nonegu_norailyard_2021_POINT_20240502_17may2024_v0.csv,2021hb_cb6_21k/inputs/ptnonipm/nonegu_norailyard_2021_POINT_20240502_17may2024_v0.csv,y2024v0csv_4056411_33533613_31996612_9217914,4056411,CEDAR BAYOU PLANT,48201,2,33533613,31996612,9217914,40701613,SO2,-94.919253,29.823017,314547.25733003946,3300719.555958501,0.0,0.3533725220948068,0.010165339915643124,20.4136,0.5872306699791984,0.017310642027609378,fixed benzene facility-z/h0 source geometry; facility-total point-ready SO2 allocated by existing geometry weights,32.0,9.7536,3.0,0.9144,80.0,299.81666666666666,0.1,0.03048,FAC012,12
Q0001883,nonegu,run1_top20_facility_srcgroup_members_2021.csv,ptnonipm/nonegu_norailyard_2021_POINT_20240502_17may2024_v0.csv,2021hb_cb6_21k/inputs/ptnonipm/nonegu_norailyard_2021_POINT_20240502_17may2024_v0.csv,y2024v0csv_4056411_33539713_31985312_9176714,4056411,CEDAR BAYOU PLANT,48201,2,33539713,31985312,9176714,40701613,SO2,-94.916142,29.828069,314857.2400207744,3301274.496413214,0.0,0.2665204148710832,0.007666896666334212,20.4136,0.5872306699791984,0.013056022204367832,fixed benzene facility-z/h0 source geometry; facility-total point-ready SO2 allocated by existing geometry weights,20.0,6.096,3.0,0.9144,150.0,338.7055555555555,0.1,0.03048,FAC012,12
Q0001884,nonegu,run1_top20_facility_srcgroup_members_2021.csv,ptnonipm/nonegu_norailyard_2021_POINT_20240502_17may2024_v0.csv,2021hb_cb6_21k/inputs/ptnonipm/nonegu_norailyard_2021_POINT_20240502_17may2024_v0.csv,y2024v0csv_4056411_33541013_31982612_9173514,4056411,CEDAR BAYOU PLANT,48201,2,33541013,31982612,9173514,10200701,SO2,-94.917917,29.824483,314679.0823660571,3300879.8915699334,0.0,0.004100314074939741,0.00011795225640514175,20.4136,0.5872306699791984,0.00020086188006719744,fixed benzene facility-z/h0 source geometry; facility-total point-ready SO2 allocated by existing geometry weights,130.0,39.624,5.5,1.6764,274.0,407.5944444444444,43.0,13.1064,FAC012,12
Q0001885,nonegu,run1_top20_facility_srcgroup_members_2021.csv,ptnonipm/nonegu_norailyard_2021_POINT_20240502_17may2024_v0.csv,2021hb_cb6_21k/inputs/ptnonipm/nonegu_norailyard_2021_POINT_20240502_17may2024_v0.csv,y2024v0csv_4056411_33541713_31973212_9172814,4056411,CEDAR BAYOU PLANT,48201,2,33541713,31973212,9172814,40718097,SO2,-94.914847,29.825933000000003,314978.45323058113,3301035.6673543695,0.0,0.8152169892630194,0.023451053159822273,20.4136,0.5872306699791984,0.03993499379154189,fixed benzene facility-z/h0 source geometry; facility-total point-ready SO2 allocated by existing geometry weights,48.0,14.630400000000002,3.0,0.9144,80.0,299.81666666666666,0.1,0.03048,FAC012,12
Q0001886,nonegu,run1_top20_facility_srcgroup_members_2021.csv,ptnonipm/nonegu_norailyard_2021_POINT_20240502_17may2024_v0.csv,2021hb_cb6_21k/inputs/ptnonipm/nonegu_norailyard_2021_POINT_20240502_17may2024_v0.csv,y2024v0csv_4056411_33544013_64834412_97718714,4056411,CEDAR BAYOU PLANT,48201,2,33544013,64834412,97718714,10200701,SO2,-94.917758,29.823844,314693.2694102363,3300808.810982739,0.0,0.003354802424950697,9.650639160420687e-05,20.4136,0.5872306699791984,0.00016434153823679788,fixed benzene facility-z/h0 source geometry; facility-total point-ready SO2 allocated by existing geometry weights,143.0,43.586400000000005,5.58,1.700784,340.0,444.26111111111106,45.2,13.77696,FAC012,12
Q0001887,nonegu,run1_top20_facility_srcgroup_members_2021.csv,ptnonipm/nonegu_norailyard_2021_POINT_20240502_17may2024_v0.csv,2021hb_cb6_21k/inputs/ptnonipm/nonegu_norailyard_2021_POINT_20240502_17may2024_v0.csv,y2024v0csv_4056411_33544213_64836612_97718114,4056411,CEDAR BAYOU PLANT,48201,2,33544213,64836612,97718114,10200701,SO2,-94.917644,29.823275,314703.23680552654,3300745.561417256,0.0,0.004845825724928785,0.0001393981212060766,20.4136,0.5872306699791984,0.00023738222189759696,fixed benzene facility-z/h0 source geometry; facility-total point-ready SO2 allocated by existing geometry weights,143.0,43.586400000000005,5.58,1.700784,340.0,444.26111111111106,45.2,13.77696,FAC012,12
Q0001888,nonegu,run1_top20_facility_srcgroup_members_2021.csv,ptnonipm/nonegu_norailyard_2021_POINT_20240502_17may2024_v0.csv,2021hb_cb6_21k/inputs/ptnonipm/nonegu_norailyard_2021_POINT_20240502_17may2024_v0.csv,y2024v0csv_4056411_33544313_64832612_97718214,4056411,CEDAR BAYOU PLANT,48201,2,33544313,64832612,97718214,10200701,SO2,-94.917644,29.823275,314703.23680552654,3300745.561417256,0.0,0.004473069899934263,0.00012867518880560916,20.4136,0.5872306699791984,0.00021912205098239718,fixed benzene facility-z/h0 source geometry; facility-total point-ready SO2 allocated by existing geometry weights,143.0,43.586400000000005,5.58,1.700784,340.0,444.26111111111106,45.2,13.77696,FAC012,12
Q0001889,nonegu,run1_top20_facility_srcgroup_members_2021.csv,ptnonipm/nonegu_norailyard_2021_POINT_20240502_17may2024_v0.csv,2021hb_cb6_21k/inputs/ptnonipm/nonegu_norailyard_2021_POINT_20240502_17may2024_v0.csv,y2024v0csv_4056411_33544413_64836712_97718314,4056411,CEDAR BAYOU PLANT,48201,2,33544413,64836712,97718314,10200701,SO2,-94.917689,29.823475,314699.2568777837,3300767.801181694,0.0,0.004473069899934263,0.00012867518880560916,20.4136,0.5872306699791984,0.00021912205098239718,fixed benzene facility-z/h0 source geometry; facility-total point-ready SO2 allocated by existing geometry weights,143.0,43.586400000000005,5.58,1.700784,340.0,444.26111111111106,45.2,13.77696,FAC012,12
Q0001890,nonegu,run1_top20_facility_srcgroup_members_2021.csv,ptnonipm/nonegu_norailyard_2021_POINT_20240502_17may2024_v0.csv,2021hb_cb6_21k/inputs/ptnonipm/nonegu_norailyard_2021_POINT_20240502_17may2024_v0.csv,y2024v0csv_4056411_33544513_64834512_97718414,4056411,CEDAR BAYOU PLANT,48201,2,33544513,64834512,97718414,10200701,SO2,-94.917689,29.823475,314699.2568777837,3300767.801181694,0.0,0.004100314074939741,0.00011795225640514175,20.4136,0.5872306699791984,0.00020086188006719744,fixed benzene facility-z/h0 source geometry; facility-total point-ready SO2 allocated by existing geometry weights,143.0,43.586400000000005,5.58,1.700784,340.0,444.26111111111106,45.2,13.77696,FAC012,12
Q0001891,nonegu,run1_top20_facility_srcgroup_members_2021.csv,ptnonipm/nonegu_norailyard_2021_POINT_20240502_17may2024_v0.csv,2021hb_cb6_21k/inputs/ptnonipm/nonegu_norailyard_2021_POINT_20240502_17may2024_v0.csv,y2024v0csv_4056411_33544713_64835912_97718614,4056411,CEDAR BAYOU PLANT,48201,2,33544713,64835912,97718614,10200701,SO2,-94.917725,29.823647,314696.0950978962,3300786.92303613,0.0,0.004473069899934263,0.00012867518880560916,20.4136,0.5872306699791984,0.00021912205098239718,fixed benzene facility-z/h0 source geometry; facility-total point-ready SO2 allocated by existing geometry weights,143.0,43.586400000000005,5.58,1.700784,340.0,444.26111111111106,45.2,13.77696,FAC012,12
Q0001892,nonegu,run1_top20_facility_srcgroup_members_2021.csv,ptnonipm/nonegu_norailyard_2021_POINT_20240502_17may2024_v0.csv,2021hb_cb6_21k/inputs/ptnonipm/nonegu_norailyard_2021_POINT_20240502_17may2024_v0.csv,y2024v0csv_4056411_33544913_64835012_97718814,4056411,CEDAR BAYOU PLANT,48201,2,33544913,64835012,97718814,10200701,SO2,-94.917758,29.823844,314693.2694102363,3300808.810982739,0.0,0.003727558249945219,0.0001072293240046743,20.4136,0.5872306699791984,0.00018260170915199766,fixed benzene facility-z/h0 source geometry; facility-total point-ready SO2 allocated by existing geometry weights,143.0,43.586400000000005,5.58,1.700784,340.0,444.26111111111106,45.2,13.77696,FAC012,12
Q0001893,nonegu,run1_top20_facility_srcgroup_members_2021.csv,ptnonipm/nonegu_norailyard_2021_POINT_20240502_17may2024_v0.csv,2021hb_cb6_21k/inputs/ptnonipm/nonegu_norailyard_2021_POINT_20240502_17may2024_v0.csv,y2024v0csv_4056411_33545013_64830412_97718914,4056411,CEDAR BAYOU PLANT,48201,2,33545013,64830412,97718914,10200701,SO2,-94.917794,29.824033,314690.1390362663,3300829.817065644,0.0,0.004473069899934263,0.00012867518880560916,20.4136,0.5872306699791984,0.00021912205098239718,fixed benzene facility-z/h0 source geometry; facility-total point-ready SO2 allocated by existing geometry weights,143.0,43.586400000000005,5.58,1.700784,340.0,444.26111111111106,45.2,13.77696,FAC012,12
Q0001894,nonegu,run1_top20_facility_srcgroup_members_2021.csv,ptnonipm/nonegu_norailyard_2021_POINT_20240502_17may2024_v0.csv,2021hb_cb6_21k/inputs/ptnonipm/nonegu_norailyard_2021_POINT_20240502_17may2024_v0.csv,y2024v0csv_4056411_33545113_64835112_97719014,4056411,CEDAR BAYOU PLANT,48201,2,33545113,64835112,97719014,10200701,SO2,-94.917794,29.824033,314690.1390362663,3300829.817065644,0.0,0.004100314074939741,0.00011795225640514175,20.4136,0.5872306699791984,0.00020086188006719744,fixed benzene facility-z/h0 source geometry; facility-total point-ready SO2 allocated by existing geometry weights,143.0,43.586400000000005,5.58,1.700784,340.0,444.26111111111106,45.2,13.77696,FAC012,12
Q0001895,nonegu,run1_top20_facility_srcgroup_members_2021.csv,ptnonipm/nonegu_norailyard_2021_POINT_20240502_17may2024_v0.csv,2021hb_cb6_21k/inputs/ptnonipm/nonegu_norailyard_2021_POINT_20240502_17may2024_v0.csv,y2024v0csv_4056411_33545213_31995012_6409014,4056411,CEDAR BAYOU PLANT,48201,2,33545213,31995012,6409014,40799999,SO2,-94.914664,29.828028000000003,314999.99983061885,3301267.5761333294,0.0,1.0556444963844862,0.030367344558123767,20.4136,0.5872306699791984,0.05171280403184574,fixed benzene facility-z/h0 source geometry; facility-total point-ready SO2 allocated by existing geometry weights,48.0,14.630400000000002,3.0,0.9144,100.0,310.92777777777775,0.1,0.03048,FAC012,12
Q0001896,nonegu,run1_top20_facility_srcgroup_members_2021.csv,ptnonipm/nonegu_norailyard_2021_POINT_20240502_17may2024_v0.csv,2021hb_cb6_21k/inputs/ptnonipm/nonegu_norailyard_2021_POINT_20240502_17may2024_v0.csv,y2024v0csv_4056411_33545313_64830512_97719214,4056411,CEDAR BAYOU PLANT,48201,2,33545313,64830512,97719214,10200701,SO2,-94.91785,29.824222,314685.0757821844,3300850.8553402675,0.0,0.004100314074939741,0.00011795225640514175,20.4136,0.5872306699791984,0.00020086188006719744,fixed benzene facility-z/h0 source geometry; facility-total point-ready SO2 allocated by existing geometry weights,143.0,43.586400000000005,5.58,1.700784,340.0,444.26111111111106,45.2,13.77696,FAC012,12
Q0001897,nonegu,run1_top20_facility_srcgroup_members_2021.csv,ptnonipm/nonegu_norailyard_2021_POINT_20240502_17may2024_v0.csv,2021hb_cb6_21k/inputs/ptnonipm/nonegu_norailyard_2021_POINT_20240502_17may2024_v0.csv,y2024v0csv_4056411_33545413_31993512_6408814,4056411,CEDAR BAYOU PLANT,48201,2,33545413,31993512,6408814,30182002,SO2,-94.918408,29.827416999999997,314637.0474649432,3301205.877106593,0.0,0.005964093199912351,0.0001715669184074789,20.4136,0.5872306699791984,0.00029216273464319626,fixed benzene facility-z/h0 source geometry; facility-total point-ready SO2 allocated by existing geometry weights,1.0,0.3048,0.5,0.1524,115.0,319.26111111111106,0.1,0.03048,FAC012,12
Q0001898,nonegu,run1_top20_facility_srcgroup_members_2021.csv,ptnonipm/nonegu_norailyard_2021_POINT_20240502_17may2024_v0.csv,2021hb_cb6_21k/inputs/ptnonipm/nonegu_norailyard_2021_POINT_20240502_17may2024_v0.csv,y2024v0csv_4056411_33545513_64837412_97718514,4056411,CEDAR BAYOU PLANT,48201,2,33545513,64837412,97718514,10200701,SO2,-94.917725,29.823647,314696.0950978962,3300786.92303613,0.0,0.004473069899934263,0.00012867518880560916,20.4136,0.5872306699791984,0.00021912205098239718,fixed benzene facility-z/h0 source geometry; facility-total point-ready SO2 allocated by existing geometry weights,143.0,43.586400000000005,5.58,1.700784,340.0,444.26111111111106,45.2,13.77696,FAC012,12
Q0001899,nonegu,run1_top20_facility_srcgroup_members_2021.csv,ptnonipm/nonegu_norailyard_2021_POINT_20240502_17may2024_v0.csv,2021hb_cb6_21k/inputs/ptnonipm/nonegu_norailyard_2021_POINT_20240502_17may2024_v0.csv,y2024v0csv_4056411_33547313_64832512_97719114,4056411,CEDAR BAYOU PLANT,48201,2,33547313,64832512,97719114,10200701,SO2,-94.91785,29.824222,314685.0757821844,3300850.8553402675,0.0,0.004473069899934263,0.00012867518880560916,20.4136,0.5872306699791984,0.00021912205098239718,fixed benzene facility-z/h0 source geometry; facility-total point-ready SO2 allocated by existing geometry weights,143.0,43.586400000000005,5.58,1.700784,340.0,444.26111111111106,45.2,13.77696,FAC012,12
Q0001900,nonegu,run1_top20_facility_srcgroup_members_2021.csv,ptnonipm/nonegu_norailyard_2021_POINT_20240502_17may2024_v0.csv,2021hb_cb6_21k/inputs/ptnonipm/nonegu_norailyard_2021_POINT_20240502_17may2024_v0.csv,y2024v0csv_4056411_33549113_31988412_6405114,4056411,CEDAR BAYOU PLANT,48201,2,33549113,31988412,6405114,40301199,SO2,-94.91495,29.826447,314969.44638081465,3301092.8029359197,0.0,1.2073561171572567,0.03473157804511401,20.4136,0.5872306699791984,0.05914469359433205,fixed benzene facility-z/h0 source geometry; facility-total point-ready SO2 allocated by existing geometry weights,48.0,14.630400000000002,3.0,0.9144,78.0,298.7055555555555,0.1,0.03048,FAC012,12
Q0001901,nonegu,run1_top20_facility_srcgroup_members_2021.csv,ptnonipm/nonegu_norailyard_2021_POINT_20240502_17may2024_v0.csv,2021hb_cb6_21k/inputs/ptnonipm/nonegu_norailyard_2021_POINT_20240502_17may2024_v0.csv,y2024v0csv_4056411_33549213_31994512_6405014,4056411,CEDAR BAYOU PLANT,48201,2,33549213,31994512,6405014,40301199,SO2,-94.915581,29.826344,314908.2750280038,3301082.401019833,0.0,1.051916938134541,0.030260115234119093,20.4136,0.5872306699791984,0.051530202322693744,fixed benzene facility-z/h0 source geometry; facility-total point-ready SO2 allocated by existing geometry weights,48.0,14.630400000000002,3.0,0.9144,78.0,298.7055555555555,0.1,0.03048,FAC012,12
Q0001902,nonegu,run1_top20_facility_srcgroup_members_2021.csv,ptnonipm/nonegu_norailyard_2021_POINT_20240502_17may2024_v0.csv,2021hb_cb6_21k/inputs/ptnonipm/nonegu_norailyard_2021_POINT_20240502_17may2024_v0.csv,y2024v0csv_4056411_33549613_31992612_6404514,4056411,CEDAR BAYOU PLANT,48201,2,33549613,31992612,6404514,40301199,SO2,-94.921339,29.827761,314354.42671779357,3301248.7277143667,0.0,1.8458868453728725,0.05309996124711472,20.4136,0.5872306699791984,0.09042436637206924,fixed benzene facility-z/h0 source geometry; facility-total point-ready SO2 allocated by existing geometry weights,47.0,14.3256,3.0,0.9144,77.0,298.15,0.1,0.03048,FAC012,12
Q0001903,nonegu,run1_top20_facility_srcgroup_members_2021.csv,ptnonipm/nonegu_norailyard_2021_POINT_20240502_17may2024_v0.csv,2021hb_cb6_21k/inputs/ptnonipm/nonegu_norailyard_2021_POINT_20240502_17may2024_v0.csv,y2024v0csv_4056411_33550513_31987512_6349214,4056411,CEDAR BAYOU PLANT,48201,2,33550513,31987512,6349214,10200701,SO2,-94.917883,29.824383,314682.18369108776,3300868.7531704605,0.0,0.003727558249945219,0.0001072293240046743,20.4136,0.5872306699791984,0.00018260170915199766,fixed benzene facility-z/h0 source geometry; facility-total point-ready SO2 allocated by existing geometry weights,130.0,39.624,7.83,2.386584,350.0,449.8166666666666,10.0,3.048,FAC012,12
Q0001904,nonegu,run1_top20_facility_srcgroup_members_2021.csv,ptnonipm/nonegu_norailyard_2021_POINT_20240502_17may2024_v0.csv,2021hb_cb6_21k/inputs/ptnonipm/nonegu_norailyard_2021_POINT_20240502_17may2024_v0.csv,y2024v0csv_4056411_33550913_31993612_6348814,4056411,CEDAR BAYOU PLANT,48201,2,33550913,31993612,6348814,30182002,SO2,-94.918408,29.827416999999997,314637.0474649432,3301205.877106593,0.0,0.005964093199912351,0.0001715669184074789,20.4136,0.5872306699791984,0.00029216273464319626,fixed benzene facility-z/h0 source geometry; facility-total point-ready SO2 allocated by existing geometry weights,1.0,0.3048,0.5,0.1524,115.0,319.26111111111106,0.1,0.03048,FAC012,12
Q0000055,nonegu,run1_top20_facility_srcgroup_members_2021.csv,ptnonipm/nonegu_norailyard_2021_POINT_20240502_17may2024_v0.csv,2021hb_cb6_21k/inputs/ptnonipm/nonegu_norailyard_2021_POINT_20240502_17may2024_v0.csv,y2024v0csv_4925111_106731613_110289912_151150114,4925111,CHANNELVIEW COMPLEX,48201,2,106731613,110289912,151150114,30125899,SO2,-95.119489,29.831569,295212.10944107524,3302006.846406108,0.0,0.7009260186702511,0.020163286022533197,18.9393,0.5448200135173136,0.037009077350812915,fixed benzene facility-z/h0 source geometry; facility-total point-ready SO2 allocated by existing geometry weights,10.0,3.048,0.13,0.039624,90.0,305.3722222222222,0.1,0.03048,FAC013,13
Q0001122,nonegu,run1_top20_facility_srcgroup_members_2021.csv,ptnonipm/nonegu_norailyard_2021_POINT_20240502_17may2024_v0.csv,2021hb_cb6_21k/inputs/ptnonipm/nonegu_norailyard_2021_POINT_20240502_17may2024_v0.csv,y2024v0csv_4925111_31326013_29948712_6939114,4925111,CHANNELVIEW COMPLEX,48201,2,31326013,29948712,6939114,30182007,SO2,-95.118611,29.832222,295298.29467720154,3302077.6655731546,0.0,0.014297495903224027,0.0004112909089173438,18.9393,0.5448200135173136,0.0007549115280514078,fixed benzene facility-z/h0 source geometry; facility-total point-ready SO2 allocated by existing geometry weights,5.0,1.524,1.0,0.3048,68.0,293.15,0.1,0.03048,FAC013,13
Q0001123,nonegu,run1_top20_facility_srcgroup_members_2021.csv,ptnonipm/nonegu_norailyard_2021_POINT_20240502_17may2024_v0.csv,2021hb_cb6_21k/inputs/ptnonipm/nonegu_norailyard_2021_POINT_20240502_17may2024_v0.csv,y2024v0csv_4925111_31329513_29960912_6935614,4925111,CHANNELVIEW COMPLEX,48201,2,31329513,29960912,6935614,30181003,SO2,-95.094722,29.816389,297575.06846039265,3300280.443589376,0.0,0.05021559536742097,0.001444533924002378,18.9393,0.5448200135173136,0.0026513965863268953,fixed benzene facility-z/h0 source geometry; facility-total point-ready SO2 allocated by existing geometry weights,40.0,12.192,2.0,0.6096,650.0,616.4833333333333,3.8712,1.17994176,FAC013,13
Q0001124,nonegu,run1_top20_facility_srcgroup_members_2021.csv,ptnonipm/nonegu_norailyard_2021_POINT_20240502_17may2024_v0.csv,2021hb_cb6_21k/inputs/ptnonipm/nonegu_norailyard_2021_POINT_20240502_17may2024_v0.csv,y2024v0csv_4925111_31330313_29970712_6934714,4925111,CHANNELVIEW COMPLEX,48201,2,31330313,29970712,6934714,40301001,SO2,-95.121111,29.828056,295048.17923122086,3301620.3388857916,0.0,0.26677035038942387,0.007674086471262634,18.9393,0.5448200135173136,0.01408554436486163,fixed benzene facility-z/h0 source geometry; facility-total point-ready SO2 allocated by existing geometry weights,35.0,10.668,3.0,0.9144,70.0,294.26111111111106,0.1,0.03048,FAC013,13
Q0001125,nonegu,run1_top20_facility_srcgroup_members_2021.csv,ptnonipm/nonegu_norailyard_2021_POINT_20240502_17may2024_v0.csv,2021hb_cb6_21k/inputs/ptnonipm/nonegu_norailyard_2021_POINT_20240502_17may2024_v0.csv,y2024v0csv_4925111_31330513_29979012_6934514,4925111,CHANNELVIEW COMPLEX,48201,2,31330513,29979012,6934514,40301001,SO2,-95.121111,29.833056,295058.3900618984,3302174.558339612,0.0,0.26711906980169764,0.007684117956845983,18.9393,0.5448200135173136,0.014103956841155568,fixed benzene facility-z/h0 source geometry; facility-total point-ready SO2 allocated by existing geometry weights,32.0,9.7536,3.0,0.9144,70.0,294.26111111111106,0.1,0.03048,FAC013,13
Q0001126,nonegu,run1_top20_facility_srcgroup_members_2021.csv,ptnonipm/nonegu_norailyard_2021_POINT_20240502_17may2024_v0.csv,2021hb_cb6_21k/inputs/ptnonipm/nonegu_norailyard_2021_POINT_20240502_17may2024_v0.csv,y2024v0csv_4925111_31334113_29983912_6930914,4925111,CHANNELVIEW COMPLEX,48201,2,31334113,29983912,6930914,40799999,SO2,-95.118889,29.832222,295271.4278896018,3302078.160035182,0.0,0.004533352359558837,0.000130409312583548,18.9393,0.5448200135173136,0.00023936219182117802,fixed benzene facility-z/h0 source geometry; facility-total point-ready SO2 allocated by existing geometry weights,25.0,7.62,3.0,0.9144,70.0,294.26111111111106,0.1,0.03048,FAC013,13
Q0001127,nonegu,run1_top20_facility_srcgroup_members_2021.csv,ptnonipm/nonegu_norailyard_2021_POINT_20240502_17may2024_v0.csv,2021hb_cb6_21k/inputs/ptnonipm/nonegu_norailyard_2021_POINT_20240502_17may2024_v0.csv,y2024v0csv_4925111_31334213_29984012_6930814,4925111,CHANNELVIEW COMPLEX,48201,2,31334213,29984012,6930814,40799999,SO2,-95.119444,29.8325,295218.35825677187,3302109.961966991,0.0,0.002441035885916297,7.022039908344895e-05,18.9393,0.5448200135173136,0.00012888733405755741,fixed benzene facility-z/h0 source geometry; facility-total point-ready SO2 allocated by existing geometry weights,24.0,7.315200000000001,3.0,0.9144,183.0,357.0388888888889,0.1,0.03048,FAC013,13
Q0001128,nonegu,run1_top20_facility_srcgroup_members_2021.csv,ptnonipm/nonegu_norailyard_2021_POINT_20240502_17may2024_v0.csv,2021hb_cb6_21k/inputs/ptnonipm/nonegu_norailyard_2021_POINT_20240502_17may2024_v0.csv,y2024v0csv_4925111_31334313_29950812_6930714,4925111,CHANNELVIEW COMPLEX,48201,2,31334313,29950812,6930714,40799999,SO2,-95.118889,29.8325,295271.9950473902,3302108.9746215977,0.0,0.004533352359558837,0.000130409312583548,18.9393,0.5448200135173136,0.00023936219182117802,fixed benzene facility-z/h0 source geometry; facility-total point-ready SO2 allocated by existing geometry weights,25.0,7.62,3.0,0.9144,70.0,294.26111111111106,0.1,0.03048,FAC013,13
Q0001129,nonegu,run1_top20_facility_srcgroup_members_2021.csv,ptnonipm/nonegu_norailyard_2021_POINT_20240502_17may2024_v0.csv,2021hb_cb6_21k/inputs/ptnonipm/nonegu_norailyard_2021_POINT_20240502_17may2024_v0.csv,y2024v0csv_4925111_31334513_29950712_6930514,4925111,CHANNELVIEW COMPLEX,48201,2,31334513,29950712,6930514,40301199,SO2,-95.125,29.824167,294664.36249048274,3301196.197314271,0.0,0.7748545340722874,0.02228996096620336,18.9393,0.5448200135173136,0.04091252232512751,fixed benzene facility-z/h0 source geometry; facility-total point-ready SO2 allocated by existing geometry weights,45.0,13.716,3.0,0.9144,70.0,294.26111111111106,0.1,0.03048,FAC013,13
Q0001130,nonegu,run1_top20_facility_srcgroup_members_2021.csv,ptnonipm/nonegu_norailyard_2021_POINT_20240502_17may2024_v0.csv,2021hb_cb6_21k/inputs/ptnonipm/nonegu_norailyard_2021_POINT_20240502_17may2024_v0.csv,y2024v0csv_4925111_31335513_29965512_7038414,4925111,CHANNELVIEW COMPLEX,48201,2,31335513,29965512,7038414,38500101,SO2,-95.124444,29.831944,294734.00619651936,3302057.2393635106,0.0,0.20190853970650513,0.005808230152759562,18.9393,0.5448200135173136,0.010660823774189391,fixed benzene facility-z/h0 source geometry; facility-total point-ready SO2 allocated by existing geometry weights,50.0,15.24,12.0,3.6576,70.0,294.26111111111106,15.0,4.572,FAC013,13
Q0001131,nonegu,run1_top20_facility_srcgroup_members_2021.csv,ptnonipm/nonegu_norailyard_2021_POINT_20240502_17may2024_v0.csv,2021hb_cb6_21k/inputs/ptnonipm/nonegu_norailyard_2021_POINT_20240502_17may2024_v0.csv,y2024v0csv_4925111_31335713_29956212_7038214,4925111,CHANNELVIEW COMPLEX,48201,2,31335713,29956212,7038214,40301097,SO2,-95.120833,29.826944,295072.77677674615,3301496.5856005363,0.0,0.1429749590322399,0.004112909089173427,18.9393,0.5448200135173136,0.007549115280514058,fixed benzene facility-z/h0 source geometry; facility-total point-ready SO2 allocated by existing geometry weights,30.0,9.144,3.0,0.9144,70.0,294.26111111111106,0.1,0.03048,FAC013,13
Q0001132,nonegu,run1_top20_facility_srcgroup_members_2021.csv,ptnonipm/nonegu_norailyard_2021_POINT_20240502_17may2024_v0.csv,2021hb_cb6_21k/inputs/ptnonipm/nonegu_norailyard_2021_POINT_20240502_17may2024_v0.csv,y2024v0csv_4925111_31335813_29947712_7038114,4925111,CHANNELVIEW COMPLEX,48201,2,31335813,29947712,7038114,40301198,SO2,-95.125278,29.823333,294635.7873242578,3301104.249338594,0.0,0.0017435970613687835,5.0157427916749237e-05,18.9393,0.5448200135173136,9.206238146968386e-05,fixed benzene facility-z/h0 source geometry; facility-total point-ready SO2 allocated by existing geometry weights,48.0,14.630400000000002,3.0,0.9144,140.0,333.15,0.5,0.1524,FAC013,13
Q0001133,nonegu,run1_top20_facility_srcgroup_members_2021.csv,ptnonipm/nonegu_norailyard_2021_POINT_20240502_17may2024_v0.csv,2021hb_cb6_21k/inputs/ptnonipm/nonegu_norailyard_2021_POINT_20240502_17may2024_v0.csv,y2024v0csv_4925111_31336613_29978712_7037314,4925111,CHANNELVIEW COMPLEX,48201,2,31336613,29978712,7037314,40717611,SO2,-95.120278,29.824722,295121.8813120299,3301249.3028134885,0.0,0.036266818876470694,0.001043274500668384,18.9393,0.5448200135173136,0.0019148975345694241,fixed benzene facility-z/h0 source geometry; facility-total point-ready SO2 allocated by existing geometry weights,48.0,14.630400000000002,3.0,0.9144,70.0,294.26111111111106,0.1,0.03048,FAC013,13
Q0001134,nonegu,run1_top20_facility_srcgroup_members_2021.csv,ptnonipm/nonegu_norailyard_2021_POINT_20240502_17may2024_v0.csv,2021hb_cb6_21k/inputs/ptnonipm/nonegu_norailyard_2021_POINT_20240502_17may2024_v0.csv,y2024v0csv_4925111_31336713_29956112_7037214,4925111,CHANNELVIEW COMPLEX,48201,2,31336713,29956112,7037214,40717611,SO2,-95.1225,29.824722,294907.12404156436,3301253.2592757354,0.0,0.08369265894570162,0.002407556540003964,18.9393,0.5448200135173136,0.004418994310544826,fixed benzene facility-z/h0 source geometry; facility-total point-ready SO2 allocated by existing geometry weights,40.0,12.192,3.0,0.9144,68.0,293.15,0.1,0.03048,FAC013,13
Q0001135,nonegu,run1_top20_facility_srcgroup_members_2021.csv,ptnonipm/nonegu_norailyard_2021_POINT_20240502_17may2024_v0.csv,2021hb_cb6_21k/inputs/ptnonipm/nonegu_norailyard_2021_POINT_20240502_17may2024_v0.csv,y2024v0csv_4925111_31337913_29961112_7035914,4925111,CHANNELVIEW COMPLEX,48201,2,31337913,29961112,7035914,40301102,SO2,-95.117778,29.8325,295379.3652421335,3302106.9989299756,0.0,0.9900144114451952,0.028479387571130218,18.9393,0.5448200135173136,0.052273020198486495,fixed benzene facility-z/h0 source geometry; facility-total point-ready SO2 allocated by existing geometry weights,40.0,12.192,3.0,0.9144,100.0,310.92777777777775,0.1,0.03048,FAC013,13
Q0001136,nonegu,run1_top20_facility_srcgroup_members_2021.csv,ptnonipm/nonegu_norailyard_2021_POINT_20240502_17may2024_v0.csv,2021hb_cb6_21k/inputs/ptnonipm/nonegu_norailyard_2021_POINT_20240502_17may2024_v0.csv,y2024v0csv_4925111_31338613_29960212_7035214,4925111,CHANNELVIEW COMPLEX,48201,2,31338613,29960212,7035214,40301108,SO2,-95.117778,29.8325,295379.3652421335,3302106.9989299756,0.0,1.292702861298816,0.037186717057477885,18.9393,0.5448200135173136,0.06825504962162361,fixed benzene facility-z/h0 source geometry; facility-total point-ready SO2 allocated by existing geometry weights,45.0,13.716,3.0,0.9144,100.0,310.92777777777775,0.1,0.03048,FAC013,13
Q0001137,nonegu,run1_top20_facility_srcgroup_members_2021.csv,ptnonipm/nonegu_norailyard_2021_POINT_20240502_17may2024_v0.csv,2021hb_cb6_21k/inputs/ptnonipm/nonegu_norailyard_2021_POINT_20240502_17may2024_v0.csv,y2024v0csv_4925111_31338813_29973712_7034914,4925111,CHANNELVIEW COMPLEX,48201,2,31338813,29973712,7034914,40301108,SO2,-95.117778,29.832222,295378.79838220455,3302076.1843547947,0.0,1.1514714993279445,0.03312396539622119,18.9393,0.5448200135173136,0.06079799672257922,fixed benzene facility-z/h0 source geometry; facility-total point-ready SO2 allocated by existing geometry weights,34.0,10.3632,3.0,0.9144,100.0,310.92777777777775,0.67,0.204216,FAC013,13
Q0001138,nonegu,run1_top20_facility_srcgroup_members_2021.csv,ptnonipm/nonegu_norailyard_2021_POINT_20240502_17may2024_v0.csv,2021hb_cb6_21k/inputs/ptnonipm/nonegu_norailyard_2021_POINT_20240502_17may2024_v0.csv,y2024v0csv_4925111_31338913_29964112_7034814,4925111,CHANNELVIEW COMPLEX,48201,2,31338913,29964112,7034814,40301198,SO2,-95.117778,29.8325,295379.3652421335,3302106.9989299756,0.0,1.1797177717221188,0.03393651572847253,18.9393,0.5448200135173136,0.0622894073023881,fixed benzene facility-z/h0 source geometry; facility-total point-ready SO2 allocated by existing geometry weights,40.0,12.192,3.0,0.9144,100.0,310.92777777777775,0.1,0.03048,FAC013,13
Q0001139,nonegu,run1_top20_facility_srcgroup_members_2021.csv,ptnonipm/nonegu_norailyard_2021_POINT_20240502_17may2024_v0.csv,2021hb_cb6_21k/inputs/ptnonipm/nonegu_norailyard_2021_POINT_20240502_17may2024_v0.csv,y2024v0csv_4925111_31339113_29949012_7034614,4925111,CHANNELVIEW COMPLEX,48201,2,31339113,29949012,7034614,40301198,SO2,-95.117778,29.832222,295378.79838220455,3302076.1843547947,0.0,0.18970336027692364,0.0054571281573423175,18.9393,0.5448200135173136,0.010016387103901604,fixed benzene facility-z/h0 source geometry; facility-total point-ready SO2 allocated by existing geometry weights,22.0,6.7056,3.0,0.9144,100.0,310.92777777777775,0.1,0.03048,FAC013,13
Q0001140,nonegu,run1_top20_facility_srcgroup_members_2021.csv,ptnonipm/nonegu_norailyard_2021_POINT_20240502_17may2024_v0.csv,2021hb_cb6_21k/inputs/ptnonipm/nonegu_norailyard_2021_POINT_20240502_17may2024_v0.csv,y2024v0csv_4925111_31339313_29949112_7034414,4925111,CHANNELVIEW COMPLEX,48201,2,31339313,29949112,7034414,38500101,SO2,-95.124167,29.8275,294751.68821288337,3301564.1546970303,0.0,0.4299710353335421,0.012368821724270364,18.9393,0.5448200135173136,0.022702583270424043,fixed benzene facility-z/h0 source geometry; facility-total point-ready SO2 allocated by existing geometry weights,50.0,15.24,12.0,3.6576,117.0,320.3722222222222,15.0,4.572,FAC013,13
Q0001141,nonegu,run1_top20_facility_srcgroup_members_2021.csv,ptnonipm/nonegu_norailyard_2021_POINT_20240502_17may2024_v0.csv,2021hb_cb6_21k/inputs/ptnonipm/nonegu_norailyard_2021_POINT_20240502_17may2024_v0.csv,y2024v0csv_4925111_31341313_29973312_7032414,4925111,CHANNELVIEW COMPLEX,48201,2,31341313,29973312,7032414,40717611,SO2,-95.123889,29.824444,294772.30814204505,3301224.9200124275,0.0,0.08996960836662922,0.0025881232805042608,18.9393,0.5448200135173136,0.004750418883835687,fixed benzene facility-z/h0 source geometry; facility-total point-ready SO2 allocated by existing geometry weights,48.0,14.630400000000002,3.0,0.9144,70.0,294.26111111111106,0.1,0.03048,FAC013,13
Q0001142,nonegu,run1_top20_facility_srcgroup_members_2021.csv,ptnonipm/nonegu_norailyard_2021_POINT_20240502_17may2024_v0.csv,2021hb_cb6_21k/inputs/ptnonipm/nonegu_norailyard_2021_POINT_20240502_17may2024_v0.csv,y2024v0csv_4925111_31347013_29971112_6886614,4925111,CHANNELVIEW COMPLEX,48201,2,31347013,29971112,6886614,40301108,SO2,-95.117778,29.8325,295379.3652421335,3302106.9989299756,0.0,1.2920054224742685,0.03716665408631119,18.9393,0.5448200135173136,0.06821822466903574,fixed benzene facility-z/h0 source geometry; facility-total point-ready SO2 allocated by existing geometry weights,45.0,13.716,3.0,0.9144,100.0,310.92777777777775,0.1,0.03048,FAC013,13
Q0001143,nonegu,run1_top20_facility_srcgroup_members_2021.csv,ptnonipm/nonegu_norailyard_2021_POINT_20240502_17may2024_v0.csv,2021hb_cb6_21k/inputs/ptnonipm/nonegu_norailyard_2021_POINT_20240502_17may2024_v0.csv,y2024v0csv_4925111_31349813_29968112_6883714,4925111,CHANNELVIEW COMPLEX,48201,2,31349813,29968112,6883714,40301108,SO2,-95.125556,29.8325,294627.6764128102,3302120.8523509866,0.0,0.3480219734492092,0.010011422612183149,18.9393,0.5448200135173136,0.0183756513413489,fixed benzene facility-z/h0 source geometry; facility-total point-ready SO2 allocated by existing geometry weights,40.0,12.192,3.0,0.9144,70.0,294.26111111111106,0.1,0.03048,FAC013,13
Q0001144,nonegu,run1_top20_facility_srcgroup_members_2021.csv,ptnonipm/nonegu_norailyard_2021_POINT_20240502_17may2024_v0.csv,2021hb_cb6_21k/inputs/ptnonipm/nonegu_norailyard_2021_POINT_20240502_17may2024_v0.csv,y2024v0csv_4925111_31349913_29984512_6883614,4925111,CHANNELVIEW COMPLEX,48201,2,31349913,29984512,6883614,40301108,SO2,-95.125833,29.8325,294600.9062814734,3302121.3466546484,0.0,0.25944724273167497,0.007463425274012286,18.9393,0.5448200135173136,0.013698882362688958,fixed benzene facility-z/h0 source geometry; facility-total point-ready SO2 allocated by existing geometry weights,40.0,12.192,3.0,0.9144,70.0,294.26111111111106,0.1,0.03048,FAC013,13
Q0001145,nonegu,run1_top20_facility_srcgroup_members_2021.csv,ptnonipm/nonegu_norailyard_2021_POINT_20240502_17may2024_v0.csv,2021hb_cb6_21k/inputs/ptnonipm/nonegu_norailyard_2021_POINT_20240502_17may2024_v0.csv,y2024v0csv_4925111_31350013_29985712_6883514,4925111,CHANNELVIEW COMPLEX,48201,2,31350013,29985712,6883514,40301108,SO2,-95.125556,29.831944,294626.53852718533,3302059.2230441812,0.0,0.04358992653421959,0.0012539356979187311,18.9393,0.5448200135173136,0.002301559536742097,fixed benzene facility-z/h0 source geometry; facility-total point-ready SO2 allocated by existing geometry weights,15.0,4.572,3.0,0.9144,70.0,294.26111111111106,0.1,0.03048,FAC013,13
Q0001146,nonegu,run1_top20_facility_srcgroup_members_2021.csv,ptnonipm/nonegu_norailyard_2021_POINT_20240502_17may2024_v0.csv,2021hb_cb6_21k/inputs/ptnonipm/nonegu_norailyard_2021_POINT_20240502_17may2024_v0.csv,y2024v0csv_4925111_31350113_29986912_6883414,4925111,CHANNELVIEW COMPLEX,48201,2,31350113,29986912,6883414,40301108,SO2,-95.125556,29.832222,294627.1074675806,3302090.037697025,0.0,0.15622629669864302,0.004494105541340733,18.9393,0.5448200135173136,0.008248789379683675,fixed benzene facility-z/h0 source geometry; facility-total point-ready SO2 allocated by existing geometry weights,8.0,2.4384,3.0,0.9144,70.0,294.26111111111106,0.1,0.03048,FAC013,13
Q0001147,nonegu,run1_top20_facility_srcgroup_members_2021.csv,ptnonipm/nonegu_norailyard_2021_POINT_20240502_17may2024_v0.csv,2021hb_cb6_21k/inputs/ptnonipm/nonegu_norailyard_2021_POINT_20240502_17may2024_v0.csv,y2024v0csv_4925111_31356413_88436912_124639614,4925111,CHANNELVIEW COMPLEX,48201,2,31356413,88436912,124639614,30181003,SO2,-95.095278,29.817221999999997,297523.006481676,3300373.7531089066,0.0,0.0027897552981900535,8.025188466679878e-05,18.9393,0.5448200135173136,0.00014729981035149417,fixed benzene facility-z/h0 source geometry; facility-total point-ready SO2 allocated by existing geometry weights,24.0,7.315200000000001,2.0,0.6096,85.0,302.59444444444443,0.1,0.03048,FAC013,13
Q0001148,nonegu,run1_top20_facility_srcgroup_members_2021.csv,ptnonipm/nonegu_norailyard_2021_POINT_20240502_17may2024_v0.csv,2021hb_cb6_21k/inputs/ptnonipm/nonegu_norailyard_2021_POINT_20240502_17may2024_v0.csv,y2024v0csv_4925111_31358813_29975012_6987014,4925111,CHANNELVIEW COMPLEX,48201,2,31358813,29975012,6987014,40729697,SO2,-95.120556,29.83,295105.7871747967,3301834.8312935964,0.0,0.028943711218721805,0.0008326133034180374,18.9393,0.5448200135173136,0.001528235532396752,fixed benzene facility-z/h0 source geometry; facility-total point-ready SO2 allocated by existing geometry weights,40.0,12.192,3.0,0.9144,70.0,294.26111111111106,0.1,0.03048,FAC013,13
Q0001149,nonegu,run1_top20_facility_srcgroup_members_2021.csv,ptnonipm/nonegu_norailyard_2021_POINT_20240502_17may2024_v0.csv,2021hb_cb6_21k/inputs/ptnonipm/nonegu_norailyard_2021_POINT_20240502_17may2024_v0.csv,y2024v0csv_4925111_31359013_29957012_6986814,4925111,CHANNELVIEW COMPLEX,48201,2,31359013,29957012,6986814,40729697,SO2,-95.120833,29.83,295079.0164196644,3301835.324407464,0.0,0.02754883356962678,0.000792487361084638,18.9393,0.5448200135173136,0.0014545856272210052,fixed benzene facility-z/h0 source geometry; facility-total point-ready SO2 allocated by existing geometry weights,48.0,14.630400000000002,3.0,0.9144,68.0,293.15,0.1,0.03048,FAC013,13
Q0001150,nonegu,run1_top20_facility_srcgroup_members_2021.csv,ptnonipm/nonegu_norailyard_2021_POINT_20240502_17may2024_v0.csv,2021hb_cb6_21k/inputs/ptnonipm/nonegu_norailyard_2021_POINT_20240502_17may2024_v0.csv,y2024v0csv_4925111_31359213_29973812_6986614,4925111,CHANNELVIEW COMPLEX,48201,2,31359213,29973812,6986614,40729697,SO2,-95.123333,29.83,294837.4029959243,3301839.777812261,0.0,0.010810301780486456,0.0003109760530838453,18.9393,0.5448200135173136,0.0005707867651120399,fixed benzene facility-z/h0 source geometry; facility-total point-ready SO2 allocated by existing geometry weights,40.0,12.192,3.0,0.9144,70.0,294.26111111111106,0.1,0.03048,FAC013,13
Q0001151,nonegu,run1_top20_facility_srcgroup_members_2021.csv,ptnonipm/nonegu_norailyard_2021_POINT_20240502_17may2024_v0.csv,2021hb_cb6_21k/inputs/ptnonipm/nonegu_norailyard_2021_POINT_20240502_17may2024_v0.csv,y2024v0csv_4925111_31359313_29956912_6986514,4925111,CHANNELVIEW COMPLEX,48201,2,31359313,29956912,6986514,40729697,SO2,-95.121389,29.83,295025.281611398,3301836.3143902943,0.0,0.05440022831470604,0.001564911751002576,18.9393,0.5448200135173136,0.0028723463018541363,fixed benzene facility-z/h0 source geometry; facility-total point-ready SO2 allocated by existing geometry weights,40.0,12.192,3.0,0.9144,70.0,294.26111111111106,0.1,0.03048,FAC013,13
Q0001152,nonegu,run1_top20_facility_srcgroup_members_2021.csv,ptnonipm/nonegu_norailyard_2021_POINT_20240502_17may2024_v0.csv,2021hb_cb6_21k/inputs/ptnonipm/nonegu_norailyard_2021_POINT_20240502_17may2024_v0.csv,y2024v0csv_4925111_31359413_29957212_6986414,4925111,CHANNELVIEW COMPLEX,48201,2,31359413,29957212,6986414,40729697,SO2,-95.123889,29.829721999999997,294783.0996886217,3301809.9543368225,0.0,0.08822601130526045,0.0025379658525875115,18.9393,0.5448200135173136,0.004658356502366004,fixed benzene facility-z/h0 source geometry; facility-total point-ready SO2 allocated by existing geometry weights,48.0,14.630400000000002,3.0,0.9144,70.0,294.26111111111106,0.1,0.03048,FAC013,13
Q0001153,nonegu,run1_top20_facility_srcgroup_members_2021.csv,ptnonipm/nonegu_norailyard_2021_POINT_20240502_17may2024_v0.csv,2021hb_cb6_21k/inputs/ptnonipm/nonegu_norailyard_2021_POINT_20240502_17may2024_v0.csv,y2024v0csv_4925111_31359613_29971012_6986214,4925111,CHANNELVIEW COMPLEX,48201,2,31359613,29971012,6986214,40301102,SO2,-95.125,29.829721999999997,294675.726301855,3301811.935624603,0.0,1.3136260260352415,0.037788606192478875,18.9393,0.5448200135173136,0.06935979819925982,fixed benzene facility-z/h0 source geometry; facility-total point-ready SO2 allocated by existing geometry weights,48.0,14.630400000000002,3.0,0.9144,100.0,310.92777777777775,0.25,0.0762,FAC013,13
Q0001154,nonegu,run1_top20_facility_srcgroup_members_2021.csv,ptnonipm/nonegu_norailyard_2021_POINT_20240502_17may2024_v0.csv,2021hb_cb6_21k/inputs/ptnonipm/nonegu_norailyard_2021_POINT_20240502_17may2024_v0.csv,y2024v0csv_4925111_31359913_29982712_6985914,4925111,CHANNELVIEW COMPLEX,48201,2,31359913,29982712,6985914,40301199,SO2,-95.125556,29.824167,294610.6244813455,3301197.1891267225,0.0,0.004533352359558837,0.000130409312583548,18.9393,0.5448200135173136,0.00023936219182117802,fixed benzene facility-z/h0 source geometry; facility-total point-ready SO2 allocated by existing geometry weights,48.0,14.630400000000002,3.0,0.9144,70.0,294.26111111111106,0.1,0.03048,FAC013,13
Q0001155,nonegu,run1_top20_facility_srcgroup_members_2021.csv,ptnonipm/nonegu_norailyard_2021_POINT_20240502_17may2024_v0.csv,2021hb_cb6_21k/inputs/ptnonipm/nonegu_norailyard_2021_POINT_20240502_17may2024_v0.csv,y2024v0csv_4925111_31360013_29960712_6985814,4925111,CHANNELVIEW COMPLEX,48201,2,31360013,29960712,6985814,40799999,SO2,-95.120833,29.831389,295081.85262806166,3301989.2865604577,0.0,0.0038359135350113237,0.00011034634141684833,18.9393,0.5448200135173136,0.0002025372392333045,fixed benzene facility-z/h0 source geometry; facility-total point-ready SO2 allocated by existing geometry weights,24.0,7.315200000000001,3.0,0.9144,130.0,327.59444444444443,0.1,0.03048,FAC013,13
Q0001156,nonegu,run1_top20_facility_srcgroup_members_2021.csv,ptnonipm/nonegu_norailyard_2021_POINT_20240502_17may2024_v0.csv,2021hb_cb6_21k/inputs/ptnonipm/nonegu_norailyard_2021_POINT_20240502_17may2024_v0.csv,y2024v0csv_4925111_31360613_29973212_6985214,4925111,CHANNELVIEW COMPLEX,48201,2,31360613,29973212,6985214,40717611,SO2,-95.120833,29.824722,295068.2403343307,3301250.2906498513,0.0,0.036266818876470694,0.001043274500668384,18.9393,0.5448200135173136,0.0019148975345694241,fixed benzene facility-z/h0 source geometry; facility-total point-ready SO2 allocated by existing geometry weights,48.0,14.630400000000002,3.0,0.9144,70.0,294.26111111111106,0.1,0.03048,FAC013,13
Q0001157,nonegu,run1_top20_facility_srcgroup_members_2021.csv,ptnonipm/nonegu_norailyard_2021_POINT_20240502_17may2024_v0.csv,2021hb_cb6_21k/inputs/ptnonipm/nonegu_norailyard_2021_POINT_20240502_17may2024_v0.csv,y2024v0csv_4925111_31361413_29957112_6984414,4925111,CHANNELVIEW COMPLEX,48201,2,31361413,29957112,6984414,40729697,SO2,-95.123889,29.83,294783.6681434795,3301840.768963808,0.0,0.08822601130526045,0.0025379658525875115,18.9393,0.5448200135173136,0.004658356502366004,fixed benzene facility-z/h0 source geometry; facility-total point-ready SO2 allocated by existing geometry weights,48.0,14.630400000000002,3.0,0.9144,70.0,294.26111111111106,0.1,0.03048,FAC013,13
Q0001158,nonegu,run1_top20_facility_srcgroup_members_2021.csv,ptnonipm/nonegu_norailyard_2021_POINT_20240502_17may2024_v0.csv,2021hb_cb6_21k/inputs/ptnonipm/nonegu_norailyard_2021_POINT_20240502_17may2024_v0.csv,y2024v0csv_4925111_31361513_29970412_6984314,4925111,CHANNELVIEW COMPLEX,48201,2,31361513,29970412,6984314,40717611,SO2,-95.123333,29.824722,294826.6141872993,3301254.7435736596,0.0,0.08508753659479665,0.0024476824823373633,18.9393,0.5448200135173136,0.004492644215720573,fixed benzene facility-z/h0 source geometry; facility-total point-ready SO2 allocated by existing geometry weights,40.0,12.192,3.0,0.9144,68.0,293.15,0.1,0.03048,FAC013,13
Q0001159,nonegu,run1_top20_facility_srcgroup_members_2021.csv,ptnonipm/nonegu_norailyard_2021_POINT_20240502_17may2024_v0.csv,2021hb_cb6_21k/inputs/ptnonipm/nonegu_norailyard_2021_POINT_20240502_17may2024_v0.csv,y2024v0csv_4925111_31361613_29963112_6984214,4925111,CHANNELVIEW COMPLEX,48201,2,31361613,29963112,6984214,40301102,SO2,-95.125,29.823333,294662.6565511353,3301103.7534733205,0.0,0.042543768297398324,0.0012238412411686816,18.9393,0.5448200135173136,0.0022463221078602865,fixed benzene facility-z/h0 source geometry; facility-total point-ready SO2 allocated by existing geometry weights,48.0,14.630400000000002,3.0,0.9144,70.0,294.26111111111106,0.1,0.03048,FAC013,13
Q0001160,nonegu,run1_top20_facility_srcgroup_members_2021.csv,ptnonipm/nonegu_norailyard_2021_POINT_20240502_17may2024_v0.csv,2021hb_cb6_21k/inputs/ptnonipm/nonegu_norailyard_2021_POINT_20240502_17may2024_v0.csv,y2024v0csv_4925111_31361713_29970312_6984114,4925111,CHANNELVIEW COMPLEX,48201,2,31361713,29970312,6984114,40717611,SO2,-95.123889,29.824722,294772.87650518457,3301255.734618158,0.0,0.038707854762386994,0.0011134948997518332,18.9393,0.5448200135173136,0.002043784868626982,fixed benzene facility-z/h0 source geometry; facility-total point-ready SO2 allocated by existing geometry weights,48.0,14.630400000000002,3.0,0.9144,70.0,294.26111111111106,0.1,0.03048,FAC013,13
Q0001161,nonegu,run1_top20_facility_srcgroup_members_2021.csv,ptnonipm/nonegu_norailyard_2021_POINT_20240502_17may2024_v0.csv,2021hb_cb6_21k/inputs/ptnonipm/nonegu_norailyard_2021_POINT_20240502_17may2024_v0.csv,y2024v0csv_4925111_31361813_29970212_6984014,4925111,CHANNELVIEW COMPLEX,48201,2,31361813,29970212,6984014,40301116,SO2,-95.125,29.823889,294663.79383920005,3301165.382699502,0.0,0.0027897552981900535,8.025188466679878e-05,18.9393,0.5448200135173136,0.00014729981035149417,fixed benzene facility-z/h0 source geometry; facility-total point-ready SO2 allocated by existing geometry weights,48.0,14.630400000000002,3.0,0.9144,70.0,294.26111111111106,0.1,0.03048,FAC013,13
Q0001162,nonegu,run1_top20_facility_srcgroup_members_2021.csv,ptnonipm/nonegu_norailyard_2021_POINT_20240502_17may2024_v0.csv,2021hb_cb6_21k/inputs/ptnonipm/nonegu_norailyard_2021_POINT_20240502_17may2024_v0.csv,y2024v0csv_4925111_31362113_29961312_6983714,4925111,CHANNELVIEW COMPLEX,48201,2,31362113,29961312,6983714,40301099,SO2,-95.120833,29.826944,295072.77677674615,3301496.5856005363,0.0,0.005928230008653864,0.00017053525491694742,18.9393,0.5448200135173136,0.00031301209699692513,fixed benzene facility-z/h0 source geometry; facility-total point-ready SO2 allocated by existing geometry weights,24.0,7.315200000000001,3.0,0.9144,130.0,327.59444444444443,0.1,0.03048,FAC013,13
Q0001163,nonegu,run1_top20_facility_srcgroup_members_2021.csv,ptnonipm/nonegu_norailyard_2021_POINT_20240502_17may2024_v0.csv,2021hb_cb6_21k/inputs/ptnonipm/nonegu_norailyard_2021_POINT_20240502_17may2024_v0.csv,y2024v0csv_4925111_31362213_29974112_6983614,4925111,CHANNELVIEW COMPLEX,48201,2,31362213,29974112,6983614,40717611,SO2,-95.121389,29.824722,295014.5026964107,3301251.280525758,0.0,0.04742584006923091,0.0013642820393355794,18.9393,0.5448200135173136,0.002504096775975401,fixed benzene facility-z/h0 source geometry; facility-total point-ready SO2 allocated by existing geometry weights,40.0,12.192,3.0,0.9144,70.0,294.26111111111106,0.1,0.03048,FAC013,13
Q0001164,nonegu,run1_top20_facility_srcgroup_members_2021.csv,ptnonipm/nonegu_norailyard_2021_POINT_20240502_17may2024_v0.csv,2021hb_cb6_21k/inputs/ptnonipm/nonegu_norailyard_2021_POINT_20240502_17may2024_v0.csv,y2024v0csv_4925111_31362413_29970612_6983414,4925111,CHANNELVIEW COMPLEX,48201,2,31362413,29970612,6983414,40301102,SO2,-95.125833,29.83,294595.78937345603,3301844.2364720926,0.0,0.07113876010384637,0.0020464230590033694,18.9393,0.5448200135173136,0.003756145163963102,fixed benzene facility-z/h0 source geometry; facility-total point-ready SO2 allocated by existing geometry weights,48.0,14.630400000000002,3.0,0.9144,70.0,294.26111111111106,0.1,0.03048,FAC013,13
Q0001165,nonegu,run1_top20_facility_srcgroup_members_2021.csv,ptnonipm/nonegu_norailyard_2021_POINT_20240502_17may2024_v0.csv,2021hb_cb6_21k/inputs/ptnonipm/nonegu_norailyard_2021_POINT_20240502_17may2024_v0.csv,y2024v0csv_4925111_31362613_29974312_6983214,4925111,CHANNELVIEW COMPLEX,48201,2,31362613,29974312,6983214,40301108,SO2,-95.125556,29.823889,294610.05568103446,3301166.3745063096,0.0,2.00966997293366,0.057811451416845176,18.9393,0.5448200135173136,0.10611110088195762,fixed benzene facility-z/h0 source geometry; facility-total point-ready SO2 allocated by existing geometry weights,48.0,14.630400000000002,3.0,0.9144,100.0,310.92777777777775,0.25,0.0762,FAC013,13
Q0001166,nonegu,run1_top20_facility_srcgroup_members_2021.csv,ptnonipm/nonegu_norailyard_2021_POINT_20240502_17may2024_v0.csv,2021hb_cb6_21k/inputs/ptnonipm/nonegu_norailyard_2021_POINT_20240502_17may2024_v0.csv,y2024v0csv_4925111_31363113_29952412_6982714,4925111,CHANNELVIEW COMPLEX,48201,2,31363113,29952412,6982714,40301108,SO2,-95.125556,29.827778,294618.0131865203,3301597.446761901,0.0,0.09694399661210434,0.0027887529921712573,18.9393,0.5448200135173136,0.005118668409714422,fixed benzene facility-z/h0 source geometry; facility-total point-ready SO2 allocated by existing geometry weights,8.0,2.4384,3.0,0.9144,70.0,294.26111111111106,0.1,0.03048,FAC013,13
Q0001167,nonegu,run1_top20_facility_srcgroup_members_2021.csv,ptnonipm/nonegu_norailyard_2021_POINT_20240502_17may2024_v0.csv,2021hb_cb6_21k/inputs/ptnonipm/nonegu_norailyard_2021_POINT_20240502_17may2024_v0.csv,y2024v0csv_4925111_31363213_29958312_6982614,4925111,CHANNELVIEW COMPLEX,48201,2,31363213,29958312,6982614,40301108,SO2,-95.125556,29.8275,294617.44432340923,3301566.6321269507,0.0,0.012553898841855243,0.0003611334810005945,18.9393,0.5448200135173136,0.0006628491465817238,fixed benzene facility-z/h0 source geometry; facility-total point-ready SO2 allocated by existing geometry weights,15.0,4.572,3.0,0.9144,70.0,294.26111111111106,0.1,0.03048,FAC013,13
Q0001168,nonegu,run1_top20_facility_srcgroup_members_2021.csv,ptnonipm/nonegu_norailyard_2021_POINT_20240502_17may2024_v0.csv,2021hb_cb6_21k/inputs/ptnonipm/nonegu_norailyard_2021_POINT_20240502_17may2024_v0.csv,y2024v0csv_4925111_31363313_29968412_6982514,4925111,CHANNELVIEW COMPLEX,48201,2,31363313,29968412,6982514,40301108,SO2,-95.125833,29.827778,294591.24179383146,3301597.9410178107,0.0,0.16773403730367697,0.004825144565591277,18.9393,0.5448200135173136,0.008856401097383587,fixed benzene facility-z/h0 source geometry; facility-total point-ready SO2 allocated by existing geometry weights,40.0,12.192,3.0,0.9144,70.0,294.26111111111106,0.1,0.03048,FAC013,13
Q0001169,nonegu,run1_top20_facility_srcgroup_members_2021.csv,ptnonipm/nonegu_norailyard_2021_POINT_20240502_17may2024_v0.csv,2021hb_cb6_21k/inputs/ptnonipm/nonegu_norailyard_2021_POINT_20240502_17may2024_v0.csv,y2024v0csv_4925111_31363413_29968512_6982414,4925111,CHANNELVIEW COMPLEX,48201,2,31363413,29968512,6982414,40301108,SO2,-95.125278,29.827778,294644.8812243831,3301596.9507865347,0.0,0.37870928172929974,0.010894193343517935,18.9393,0.5448200135173136,0.019995949255215334,fixed benzene facility-z/h0 source geometry; facility-total point-ready SO2 allocated by existing geometry weights,40.0,12.192,3.0,0.9144,70.0,294.26111111111106,0.1,0.03048,FAC013,13
Q0001170,nonegu,run1_top20_facility_srcgroup_members_2021.csv,ptnonipm/nonegu_norailyard_2021_POINT_20240502_17may2024_v0.csv,2021hb_cb6_21k/inputs/ptnonipm/nonegu_norailyard_2021_POINT_20240502_17may2024_v0.csv,y2024v0csv_4925111_31365913_29948012_6838714,4925111,CHANNELVIEW COMPLEX,48201,2,31365913,29948012,6838714,30199998,SO2,-95.108611,29.831389,296263.0331102871,3301967.5897815474,0.0,0.23294456739886948,0.006701032369677698,18.9393,0.5448200135173136,0.012299534164349764,fixed benzene facility-z/h0 source geometry; facility-total point-ready SO2 allocated by existing geometry weights,325.0,99.06,4.0,1.2192,650.0,616.4833333333333,1.5246,0.46469808,FAC013,13
Q0001171,nonegu,run1_top20_facility_srcgroup_members_2021.csv,ptnonipm/nonegu_norailyard_2021_POINT_20240502_17may2024_v0.csv,2021hb_cb6_21k/inputs/ptnonipm/nonegu_norailyard_2021_POINT_20240502_17may2024_v0.csv,y2024v0csv_4925111_31366113_29975712_6838514,4925111,CHANNELVIEW COMPLEX,48201,2,31366113,29975712,6838514,30199998,SO2,-95.118056,29.827778,295342.86946194293,3301584.0889015896,0.0,2.6324828432545893,0.075727684668708,18.9393,0.5448200135173136,0.13899578354292869,fixed benzene facility-z/h0 source geometry; facility-total point-ready SO2 allocated by existing geometry weights,550.0,167.64,5.0,1.524,650.0,616.4833333333333,2.0024,0.6103315200000001,FAC013,13
Q0001172,nonegu,run1_top20_facility_srcgroup_members_2021.csv,ptnonipm/nonegu_norailyard_2021_POINT_20240502_17may2024_v0.csv,2021hb_cb6_21k/inputs/ptnonipm/nonegu_norailyard_2021_POINT_20240502_17may2024_v0.csv,y2024v0csv_4925111_31366413_29961512_6838214,4925111,CHANNELVIEW COMPLEX,48201,2,31366413,29961512,6838214,30199998,SO2,-95.118056,29.825,295337.20523016504,3301276.165049823,0.0,1.2201692235458748,0.03510016805614112,18.9393,0.5448200135173136,0.06442525455248477,fixed benzene facility-z/h0 source geometry; facility-total point-ready SO2 allocated by existing geometry weights,550.0,167.64,5.0,1.524,650.0,616.4833333333333,2.7745,0.8456676000000001,FAC013,13
Q0001173,nonegu,run1_top20_facility_srcgroup_members_2021.csv,ptnonipm/nonegu_norailyard_2021_POINT_20240502_17may2024_v0.csv,2021hb_cb6_21k/inputs/ptnonipm/nonegu_norailyard_2021_POINT_20240502_17may2024_v0.csv,y2024v0csv_4925111_31370513_29985812_6834014,4925111,CHANNELVIEW COMPLEX,48201,2,31370513,29985812,6834014,38500101,SO2,-95.117222,29.831667,295431.4005665659,3302013.6777231256,0.0,0.2601446815562225,0.0074834882451789864,18.9393,0.5448200135173136,0.013735707315276832,fixed benzene facility-z/h0 source geometry; facility-total point-ready SO2 allocated by existing geometry weights,45.0,13.716,12.0,3.6576,100.0,310.92777777777775,15.0,4.572,FAC013,13
Q0000111,nonegu,run1_top20_facility_srcgroup_members_2021.csv,ptnonipm/nonegu_norailyard_2021_POINT_20240502_17may2024_v0.csv,2021hb_cb6_21k/inputs/ptnonipm/nonegu_norailyard_2021_POINT_20240502_17may2024_v0.csv,y2024v0csv_6421811_112951613_116178512_159802314,6421811,BAYTOWN CHEMICAL PLANT,48201,3,112951613,116178512,159802314,30108001,SO2,-95.026597,29.750386,304031.2090374504,3292846.877772476,0.0,0.000363555257593729,1.045826299580797e-05,7.0497,0.20279617775171233,5.157031612603785e-05,fixed benzene facility-z/h0 source geometry; facility-total point-ready SO2 allocated by existing geometry weights,1.0,0.3048,0.1,0.03048,30.0,272.0388888888889,0.1,0.03048,FAC014,14
Q0000221,nonegu,run1_top20_facility_srcgroup_members_2021.csv,ptnonipm/nonegu_norailyard_2021_POINT_20240502_17may2024_v0.csv,2021hb_cb6_21k/inputs/ptnonipm/nonegu_norailyard_2021_POINT_20240502_17may2024_v0.csv,y2024v0csv_6421811_126438213_128076812_181660914,6421811,BAYTOWN CHEMICAL PLANT,48201,2,126438213,128076812,181660914,30190014,SO2,-95.020825,29.742217,304573.6194188111,3291931.6446260437,0.0,0.009997769583827547,0.00028760223238471914,7.0497,0.20279617775171233,0.0014181836934660408,fixed benzene facility-z/h0 source geometry; facility-total point-ready SO2 allocated by existing geometry weights,35.5,10.8204,2.5,0.762,1400.0,1033.15,8.33,2.538984,FAC014,14
Q0000626,nonegu,run1_top20_facility_srcgroup_members_2021.csv,ptnonipm/nonegu_norailyard_2021_POINT_20240502_17may2024_v0.csv,2021hb_cb6_21k/inputs/ptnonipm/nonegu_norailyard_2021_POINT_20240502_17may2024_v0.csv,y2024v0csv_6421811_16845113_16418312_8799714,6421811,BAYTOWN CHEMICAL PLANT,48201,2,16845113,16418312,8799714,20200253,SO2,-95.015114,29.751119,305143.25060455233,3292908.676385538,0.0,0.0023631091743592384,6.79787094727518e-05,7.0497,0.20279617775171233,0.000335207054819246,fixed benzene facility-z/h0 source geometry; facility-total point-ready SO2 allocated by existing geometry weights,15.0,4.572,0.67,0.204216,700.0,644.2611111111111,70.0,21.336,FAC014,14
Q0000627,nonegu,run1_top20_facility_srcgroup_members_2021.csv,ptnonipm/nonegu_norailyard_2021_POINT_20240502_17may2024_v0.csv,2021hb_cb6_21k/inputs/ptnonipm/nonegu_norailyard_2021_POINT_20240502_17may2024_v0.csv,y2024v0csv_6421811_16850413_16409412_8792314,6421811,BAYTOWN CHEMICAL PLANT,48201,2,16850413,16409412,8792314,10200601,SO2,-95.019003,29.745128,304755.4986085688,3292251.2133288216,0.0,0.00363555257593729,0.00010458262995807967,7.0497,0.20279617775171233,0.0005157031612603785,fixed benzene facility-z/h0 source geometry; facility-total point-ready SO2 allocated by existing geometry weights,150.0,45.72,7.0,2.1336,450.0,505.3722222222222,18.0,5.486400000000001,FAC014,14
Q0000628,nonegu,run1_top20_facility_srcgroup_members_2021.csv,ptnonipm/nonegu_norailyard_2021_POINT_20240502_17may2024_v0.csv,2021hb_cb6_21k/inputs/ptnonipm/nonegu_norailyard_2021_POINT_20240502_17may2024_v0.csv,y2024v0csv_6421811_16851513_16409712_8791014,6421811,BAYTOWN CHEMICAL PLANT,48201,2,16851513,16409712,8791014,10200602,SO2,-95.025572,29.749903000000003,304129.40651086887,3292791.6020618817,0.0,0.002726664431952968,7.843697246855977e-05,7.0497,0.20279617775171233,0.0003867773709452839,fixed benzene facility-z/h0 source geometry; facility-total point-ready SO2 allocated by existing geometry weights,150.0,45.72,6.25,1.905,500.0,533.15,25.0,7.62,FAC014,14
Q0000629,nonegu,run1_top20_facility_srcgroup_members_2021.csv,ptnonipm/nonegu_norailyard_2021_POINT_20240502_17may2024_v0.csv,2021hb_cb6_21k/inputs/ptnonipm/nonegu_norailyard_2021_POINT_20240502_17may2024_v0.csv,y2024v0csv_6421811_16851613_16419612_8790914,6421811,BAYTOWN CHEMICAL PLANT,48201,2,16851613,16419612,8790914,10200602,SO2,-95.025419,29.749886,304144.1715276927,3292789.4580967017,0.0,0.002726664431952968,7.843697246855977e-05,7.0497,0.20279617775171233,0.0003867773709452839,fixed benzene facility-z/h0 source geometry; facility-total point-ready SO2 allocated by existing geometry weights,150.0,45.72,6.25,1.905,500.0,533.15,25.0,7.62,FAC014,14
Q0000630,nonegu,run1_top20_facility_srcgroup_members_2021.csv,ptnonipm/nonegu_norailyard_2021_POINT_20240502_17may2024_v0.csv,2021hb_cb6_21k/inputs/ptnonipm/nonegu_norailyard_2021_POINT_20240502_17may2024_v0.csv,y2024v0csv_6421811_16851913_16404312_8790514,6421811,BAYTOWN CHEMICAL PLANT,48201,3,16851913,16404312,8790514,40703698,SO2,-95.020092,29.750736,304661.0449287656,3292874.6417286727,0.0,1.1437448403898716,0.03290169538481187,7.0497,0.20279617775171233,0.16224021453251508,fixed benzene facility-z/h0 source geometry; facility-total point-ready SO2 allocated by existing geometry weights,42.0,12.8016,3.0,0.9144,91.0,305.92777777777775,0.1,0.03048,FAC014,14
Q0000631,nonegu,run1_top20_facility_srcgroup_members_2021.csv,ptnonipm/nonegu_norailyard_2021_POINT_20240502_17may2024_v0.csv,2021hb_cb6_21k/inputs/ptnonipm/nonegu_norailyard_2021_POINT_20240502_17may2024_v0.csv,y2024v0csv_6421811_16852013_16404612_8790414,6421811,BAYTOWN CHEMICAL PLANT,48201,2,16852013,16404612,8790414,10200601,SO2,-95.019047,29.745053,304751.097356829,3292242.974841236,0.0,0.003999107833531019,0.00011504089295388767,7.0497,0.20279617775171233,0.0005672734773864164,fixed benzene facility-z/h0 source geometry; facility-total point-ready SO2 allocated by existing geometry weights,150.0,45.72,7.0,2.1336,450.0,505.3722222222222,18.0,5.486400000000001,FAC014,14
Q0000632,nonegu,run1_top20_facility_srcgroup_members_2021.csv,ptnonipm/nonegu_norailyard_2021_POINT_20240502_17may2024_v0.csv,2021hb_cb6_21k/inputs/ptnonipm/nonegu_norailyard_2021_POINT_20240502_17may2024_v0.csv,y2024v0csv_6421811_16852113_16413012_8790314,6421811,BAYTOWN CHEMICAL PLANT,48201,2,16852113,16413012,8790314,10200601,SO2,-95.017208,29.745633,304930.0960925466,3292304.151654676,0.0,0.0010906657727811871,3.1374788987423905e-05,7.0497,0.20279617775171233,0.00015471094837811355,fixed benzene facility-z/h0 source geometry; facility-total point-ready SO2 allocated by existing geometry weights,130.0,39.624,6.0,1.8288,500.0,533.15,21.0,6.4008,FAC014,14
Q0000633,nonegu,run1_top20_facility_srcgroup_members_2021.csv,ptnonipm/nonegu_norailyard_2021_POINT_20240502_17may2024_v0.csv,2021hb_cb6_21k/inputs/ptnonipm/nonegu_norailyard_2021_POINT_20240502_17may2024_v0.csv,y2024v0csv_6421811_16852213_16418512_8790214,6421811,BAYTOWN CHEMICAL PLANT,48201,2,16852213,16418512,8790214,10200602,SO2,-95.0148,29.748861,305169.25110220606,3292657.871871624,0.0,0.001454221030374916,4.183305198323188e-05,7.0497,0.20279617775171233,0.0002062812645041514,fixed benzene facility-z/h0 source geometry; facility-total point-ready SO2 allocated by existing geometry weights,153.0,46.6344,3.5,1.0668,447.0,503.7055555555555,37.0,11.2776,FAC014,14
Q0000634,nonegu,run1_top20_facility_srcgroup_members_2021.csv,ptnonipm/nonegu_norailyard_2021_POINT_20240502_17may2024_v0.csv,2021hb_cb6_21k/inputs/ptnonipm/nonegu_norailyard_2021_POINT_20240502_17may2024_v0.csv,y2024v0csv_6421811_16852313_16404512_8790114,6421811,BAYTOWN CHEMICAL PLANT,48201,2,16852313,16404512,8790114,10200602,SO2,-95.018103,29.744433,304841.203366345,3292172.6580090593,0.0,0.0012724434015780517,3.660392048532789e-05,7.0497,0.20279617775171233,0.00018049610644113248,fixed benzene facility-z/h0 source geometry; facility-total point-ready SO2 allocated by existing geometry weights,100.0,30.48,5.0,1.524,447.0,503.7055555555555,24.0,7.315200000000001,FAC014,14
Q0000635,nonegu,run1_top20_facility_srcgroup_members_2021.csv,ptnonipm/nonegu_norailyard_2021_POINT_20240502_17may2024_v0.csv,2021hb_cb6_21k/inputs/ptnonipm/nonegu_norailyard_2021_POINT_20240502_17may2024_v0.csv,y2024v0csv_6421811_16852413_16405412_8790014,6421811,BAYTOWN CHEMICAL PLANT,48201,2,16852413,16405412,8790014,10200602,SO2,-95.018044,29.744469,304846.9798699012,3292176.548445795,0.0,0.000727110515187458,2.091652599161594e-05,7.0497,0.20279617775171233,0.0001031406322520757,fixed benzene facility-z/h0 source geometry; facility-total point-ready SO2 allocated by existing geometry weights,81.0,24.6888,4.3,1.31064,447.0,503.7055555555555,42.0,12.8016,FAC014,14
Q0000636,nonegu,run1_top20_facility_srcgroup_members_2021.csv,ptnonipm/nonegu_norailyard_2021_POINT_20240502_17may2024_v0.csv,2021hb_cb6_21k/inputs/ptnonipm/nonegu_norailyard_2021_POINT_20240502_17may2024_v0.csv,y2024v0csv_6421811_16852513_16418412_8789914,6421811,BAYTOWN CHEMICAL PLANT,48201,2,16852513,16418412,8789914,10200602,SO2,-95.018022,29.744428000000003,304849.0283652502,3292171.966848271,0.0,0.000727110515187458,2.091652599161594e-05,7.0497,0.20279617775171233,0.0001031406322520757,fixed benzene facility-z/h0 source geometry; facility-total point-ready SO2 allocated by existing geometry weights,77.0,23.4696,3.8,1.15824,447.0,503.7055555555555,32.0,9.7536,FAC014,14
Q0000637,nonegu,run1_top20_facility_srcgroup_members_2021.csv,ptnonipm/nonegu_norailyard_2021_POINT_20240502_17may2024_v0.csv,2021hb_cb6_21k/inputs/ptnonipm/nonegu_norailyard_2021_POINT_20240502_17may2024_v0.csv,y2024v0csv_6421811_16852913_16391912_8789514,6421811,BAYTOWN CHEMICAL PLANT,48201,2,16852913,16391912,8789514,10200603,SO2,-95.014081,29.750281,305241.539411578,3292814.049398521,0.0,0.0001817776287968645,5.229131497903985e-06,7.0497,0.20279617775171233,2.5785158063018926e-05,fixed benzene facility-z/h0 source geometry; facility-total point-ready SO2 allocated by existing geometry weights,50.0,15.24,4.0,1.2192,550.0,560.9277777777777,18.0,5.486400000000001,FAC014,14
Q0000638,nonegu,run1_top20_facility_srcgroup_members_2021.csv,ptnonipm/nonegu_norailyard_2021_POINT_20240502_17may2024_v0.csv,2021hb_cb6_21k/inputs/ptnonipm/nonegu_norailyard_2021_POINT_20240502_17may2024_v0.csv,y2024v0csv_6421811_16853213_16409612_8789214,6421811,BAYTOWN CHEMICAL PLANT,48201,2,16853213,16409612,8789214,10200602,SO2,-95.017203,29.745839,304930.97871842067,3292326.976027365,0.0,0.0001817776287968645,5.229131497903985e-06,7.0497,0.20279617775171233,2.5785158063018926e-05,fixed benzene facility-z/h0 source geometry; facility-total point-ready SO2 allocated by existing geometry weights,190.0,57.912000000000006,4.0,1.2192,447.0,503.7055555555555,25.0,7.62,FAC014,14
Q0000639,nonegu,run1_top20_facility_srcgroup_members_2021.csv,ptnonipm/nonegu_norailyard_2021_POINT_20240502_17may2024_v0.csv,2021hb_cb6_21k/inputs/ptnonipm/nonegu_norailyard_2021_POINT_20240502_17may2024_v0.csv,y2024v0csv_6421811_16862613_16405012_8958614,6421811,BAYTOWN CHEMICAL PLANT,48201,2,16862613,16405012,8958614,40301150,SO2,-95.014906,29.731308,305125.0443599592,3290712.497587937,0.0,0.0001817776287968645,5.229131497903985e-06,7.0497,0.20279617775171233,2.5785158063018926e-05,fixed benzene facility-z/h0 source geometry; facility-total point-ready SO2 allocated by existing geometry weights,40.0,12.192,3.0,0.9144,70.0,294.26111111111106,0.1,0.03048,FAC014,14
Q0000640,nonegu,run1_top20_facility_srcgroup_members_2021.csv,ptnonipm/nonegu_norailyard_2021_POINT_20240502_17may2024_v0.csv,2021hb_cb6_21k/inputs/ptnonipm/nonegu_norailyard_2021_POINT_20240502_17may2024_v0.csv,y2024v0csv_6421811_16863913_16397812_9079314,6421811,BAYTOWN CHEMICAL PLANT,48201,2,16863913,16397812,9079314,10200602,SO2,-95.016644,29.746425,304986.18170115375,3292390.982917434,0.0,0.0009088881439843225,2.614565748951992e-05,7.0497,0.20279617775171233,0.00012892579031509462,fixed benzene facility-z/h0 source geometry; facility-total point-ready SO2 allocated by existing geometry weights,109.0,33.2232,4.0,1.2192,447.0,503.7055555555555,18.0,5.486400000000001,FAC014,14
Q0000641,nonegu,run1_top20_facility_srcgroup_members_2021.csv,ptnonipm/nonegu_norailyard_2021_POINT_20240502_17may2024_v0.csv,2021hb_cb6_21k/inputs/ptnonipm/nonegu_norailyard_2021_POINT_20240502_17may2024_v0.csv,y2024v0csv_6421811_16864713_16430412_9078514,6421811,BAYTOWN CHEMICAL PLANT,48201,2,16864713,16430412,9078514,20200102,SO2,-95.013892,29.748444,305256.26656158426,3292610.1193792075,0.0,0.000363555257593729,1.045826299580797e-05,7.0497,0.20279617775171233,5.157031612603785e-05,fixed benzene facility-z/h0 source geometry; facility-total point-ready SO2 allocated by existing geometry weights,30.0,9.144,1.0,0.3048,650.0,616.4833333333333,67.0,20.4216,FAC014,14
Q0000642,nonegu,run1_top20_facility_srcgroup_members_2021.csv,ptnonipm/nonegu_norailyard_2021_POINT_20240502_17may2024_v0.csv,2021hb_cb6_21k/inputs/ptnonipm/nonegu_norailyard_2021_POINT_20240502_17may2024_v0.csv,y2024v0csv_6421811_16865413_16400512_9077814,6421811,BAYTOWN CHEMICAL PLANT,48201,3,16865413,16400512,9077814,40799999,SO2,-95.018281,29.739833,304815.072703421,3291663.0999094993,0.0,0.8570815197772161,0.024655355012617283,7.0497,0.20279617775171233,0.12157702026713423,fixed benzene facility-z/h0 source geometry; facility-total point-ready SO2 allocated by existing geometry weights,56.0,17.0688,3.0,0.9144,87.0,303.7055555555555,0.1,0.03048,FAC014,14
Q0000643,nonegu,run1_top20_facility_srcgroup_members_2021.csv,ptnonipm/nonegu_norailyard_2021_POINT_20240502_17may2024_v0.csv,2021hb_cb6_21k/inputs/ptnonipm/nonegu_norailyard_2021_POINT_20240502_17may2024_v0.csv,y2024v0csv_6421811_16867913_16419312_8913714,6421811,BAYTOWN CHEMICAL PLANT,48201,2,16867913,16419312,8913714,10200601,SO2,-95.017128,29.745735999999997,304938.0334574804,3292315.4328479855,0.0,0.001817776287968645,5.229131497903984e-05,7.0497,0.20279617775171233,0.00025785158063018924,fixed benzene facility-z/h0 source geometry; facility-total point-ready SO2 allocated by existing geometry weights,130.0,39.624,6.0,1.8288,500.0,533.15,21.0,6.4008,FAC014,14
Q0000644,nonegu,run1_top20_facility_srcgroup_members_2021.csv,ptnonipm/nonegu_norailyard_2021_POINT_20240502_17may2024_v0.csv,2021hb_cb6_21k/inputs/ptnonipm/nonegu_norailyard_2021_POINT_20240502_17may2024_v0.csv,y2024v0csv_6421811_16869513_16403912_9372914,6421811,BAYTOWN CHEMICAL PLANT,48201,3,16869513,16403912,9372914,40301150,SO2,-95.014356,29.731014,305177.6813351092,3290678.9828472147,0.0,0.0001817776287968645,5.229131497903985e-06,7.0497,0.20279617775171233,2.5785158063018926e-05,fixed benzene facility-z/h0 source geometry; facility-total point-ready SO2 allocated by existing geometry weights,40.0,12.192,3.0,0.9144,100.0,310.92777777777775,0.1,0.03048,FAC014,14
Q0000645,nonegu,run1_top20_facility_srcgroup_members_2021.csv,ptnonipm/nonegu_norailyard_2021_POINT_20240502_17may2024_v0.csv,2021hb_cb6_21k/inputs/ptnonipm/nonegu_norailyard_2021_POINT_20240502_17may2024_v0.csv,y2024v0csv_6421811_16869613_16407712_9372814,6421811,BAYTOWN CHEMICAL PLANT,48201,2,16869613,16407712,9372814,40799999,SO2,-95.019111,29.746692,304748.0846838759,3292424.748270847,0.0,0.33937883296374605,0.009762788506586738,7.0497,0.20279617775171233,0.04814089010365633,fixed benzene facility-z/h0 source geometry; facility-total point-ready SO2 allocated by existing geometry weights,40.0,12.192,3.0,0.9144,70.0,294.26111111111106,0.1,0.03048,FAC014,14
Q0000646,nonegu,run1_top20_facility_srcgroup_members_2021.csv,ptnonipm/nonegu_norailyard_2021_POINT_20240502_17may2024_v0.csv,2021hb_cb6_21k/inputs/ptnonipm/nonegu_norailyard_2021_POINT_20240502_17may2024_v0.csv,y2024v0csv_6421811_16873213_16422012_9369014,6421811,BAYTOWN CHEMICAL PLANT,48201,2,16873213,16422012,9369014,40799999,SO2,-95.016292,29.735992,305000.03192205104,3291234.0063982615,0.0,1.6307271079366714,0.04691053866769664,7.0497,0.20279617775171233,0.23131865298334278,fixed benzene facility-z/h0 source geometry; facility-total point-ready SO2 allocated by existing geometry weights,48.0,14.630400000000002,3.0,0.9144,73.0,295.92777777777775,0.1,0.03048,FAC014,14
Q0000647,nonegu,run1_top20_facility_srcgroup_members_2021.csv,ptnonipm/nonegu_norailyard_2021_POINT_20240502_17may2024_v0.csv,2021hb_cb6_21k/inputs/ptnonipm/nonegu_norailyard_2021_POINT_20240502_17may2024_v0.csv,y2024v0csv_6421811_16873313_16423012_9368914,6421811,BAYTOWN CHEMICAL PLANT,48201,2,16873313,16423012,9368914,40301150,SO2,-95.019878,29.744047,304668.7686544107,3292132.876943607,0.0,0.0001817776287968645,5.229131497903985e-06,7.0497,0.20279617775171233,2.5785158063018926e-05,fixed benzene facility-z/h0 source geometry; facility-total point-ready SO2 allocated by existing geometry weights,40.0,12.192,3.0,0.9144,70.0,294.26111111111106,0.1,0.03048,FAC014,14
Q0000648,nonegu,run1_top20_facility_srcgroup_members_2021.csv,ptnonipm/nonegu_norailyard_2021_POINT_20240502_17may2024_v0.csv,2021hb_cb6_21k/inputs/ptnonipm/nonegu_norailyard_2021_POINT_20240502_17may2024_v0.csv,y2024v0csv_6421811_16874813_16401012_9367414,6421811,BAYTOWN CHEMICAL PLANT,48201,2,16874813,16401012,9367414,40799999,SO2,-95.016775,29.735317,304952.00332466594,3291160.0061774715,0.0,1.666719078438451,0.047945906704281636,7.0497,0.20279617775171233,0.23642411427982055,fixed benzene facility-z/h0 source geometry; facility-total point-ready SO2 allocated by existing geometry weights,46.0,14.0208,3.0,0.9144,73.0,295.92777777777775,0.1,0.03048,FAC014,14
Q0000649,nonegu,run1_top20_facility_srcgroup_members_2021.csv,ptnonipm/nonegu_norailyard_2021_POINT_20240502_17may2024_v0.csv,2021hb_cb6_21k/inputs/ptnonipm/nonegu_norailyard_2021_POINT_20240502_17may2024_v0.csv,y2024v0csv_6421811_16878213_16395812_8667314,6421811,BAYTOWN CHEMICAL PLANT,48201,2,16878213,16395812,8667314,10200602,SO2,-95.014603,29.747161,305185.01620339433,3292469.113161663,0.0,0.0021813315455623743,6.274957797484781e-05,7.0497,0.20279617775171233,0.0003094218967562271,fixed benzene facility-z/h0 source geometry; facility-total point-ready SO2 allocated by existing geometry weights,110.0,33.528,4.7,1.43256,447.0,503.7055555555555,41.6,12.67968,FAC014,14
Q0000650,nonegu,run1_top20_facility_srcgroup_members_2021.csv,ptnonipm/nonegu_norailyard_2021_POINT_20240502_17may2024_v0.csv,2021hb_cb6_21k/inputs/ptnonipm/nonegu_norailyard_2021_POINT_20240502_17may2024_v0.csv,y2024v0csv_6421811_16880113_16410312_8639014,6421811,BAYTOWN CHEMICAL PLANT,48201,2,16880113,16410312,8639014,20200253,SO2,-95.017789,29.743653,304870.0636962271,3292085.6727065677,0.0,0.002908442060749832,8.366610396646376e-05,7.0497,0.20279617775171233,0.0004125625290083028,fixed benzene facility-z/h0 source geometry; facility-total point-ready SO2 allocated by existing geometry weights,20.0,6.096,0.83,0.252984,650.0,616.4833333333333,67.0,20.4216,FAC014,14
Q0000651,nonegu,run1_top20_facility_srcgroup_members_2021.csv,ptnonipm/nonegu_norailyard_2021_POINT_20240502_17may2024_v0.csv,2021hb_cb6_21k/inputs/ptnonipm/nonegu_norailyard_2021_POINT_20240502_17may2024_v0.csv,y2024v0csv_6421811_16880313_16392012_8638814,6421811,BAYTOWN CHEMICAL PLANT,48201,2,16880313,16392012,8638814,20200253,SO2,-95.017792,29.743789000000003,304870.03700463666,3292100.7518747738,0.0,0.005816884121499664,0.0001673322079329275,7.0497,0.20279617775171233,0.0008251250580166056,fixed benzene facility-z/h0 source geometry; facility-total point-ready SO2 allocated by existing geometry weights,20.0,6.096,0.67,0.204216,700.0,644.2611111111111,67.0,20.4216,FAC014,14
Q0000652,nonegu,run1_top20_facility_srcgroup_members_2021.csv,ptnonipm/nonegu_norailyard_2021_POINT_20240502_17may2024_v0.csv,2021hb_cb6_21k/inputs/ptnonipm/nonegu_norailyard_2021_POINT_20240502_17may2024_v0.csv,y2024v0csv_6421811_16884613_16423412_8634314,6421811,BAYTOWN CHEMICAL PLANT,48201,3,16884613,16423412,8634314,40799999,SO2,-95.019064,29.752089,304763.0951188811,3293022.8672129214,0.0,1.353879779279047,0.03894657139638887,7.0497,0.20279617775171233,0.19204785725336496,fixed benzene facility-z/h0 source geometry; facility-total point-ready SO2 allocated by existing geometry weights,48.0,14.630400000000002,3.0,0.9144,100.0,310.92777777777775,0.1,0.03048,FAC014,14
Q0000653,nonegu,run1_top20_facility_srcgroup_members_2021.csv,ptnonipm/nonegu_norailyard_2021_POINT_20240502_17may2024_v0.csv,2021hb_cb6_21k/inputs/ptnonipm/nonegu_norailyard_2021_POINT_20240502_17may2024_v0.csv,y2024v0csv_6421811_16884813_16418612_8634114,6421811,BAYTOWN CHEMICAL PLANT,48201,3,16884813,16418612,8634114,40703698,SO2,-95.013833,29.749053000000004,305263.15080407297,3292677.520690542,0.0,0.00927065906864009,0.0002666857063931032,7.0497,0.20279617775171233,0.0013150430612139652,fixed benzene facility-z/h0 source geometry; facility-total point-ready SO2 allocated by existing geometry weights,36.0,10.9728,3.0,0.9144,73.0,295.92777777777775,0.1,0.03048,FAC014,14
Q0000654,nonegu,run1_top20_facility_srcgroup_members_2021.csv,ptnonipm/nonegu_norailyard_2021_POINT_20240502_17may2024_v0.csv,2021hb_cb6_21k/inputs/ptnonipm/nonegu_norailyard_2021_POINT_20240502_17may2024_v0.csv,y2024v0csv_6421811_16885013_16406112_8633914,6421811,BAYTOWN CHEMICAL PLANT,48201,3,16885013,16406112,8633914,40703698,SO2,-95.013975,29.748856,305249.0355664734,3292655.9250704185,0.0,0.002726664431952968,7.843697246855977e-05,7.0497,0.20279617775171233,0.0003867773709452839,fixed benzene facility-z/h0 source geometry; facility-total point-ready SO2 allocated by existing geometry weights,18.0,5.486400000000001,3.0,0.9144,73.0,295.92777777777775,0.1,0.03048,FAC014,14
Q0002179,nonegu,run1_top20_facility_srcgroup_members_2021.csv,ptnonipm/nonegu_norailyard_2021_POINT_20240502_17may2024_v0.csv,2021hb_cb6_21k/inputs/ptnonipm/nonegu_norailyard_2021_POINT_20240502_17may2024_v0.csv,y2024v0csv_6421811_70222313_64551312_97339014,6421811,BAYTOWN CHEMICAL PLANT,48201,2,70222313,64551312,97339014,20100101,SO2,-95.021875,29.746425,304480.2255006386,3292399.833831939,0.0,0.0001817776287968645,5.229131497903985e-06,7.0497,0.20279617775171233,2.5785158063018926e-05,fixed benzene facility-z/h0 source geometry; facility-total point-ready SO2 allocated by existing geometry weights,8.0,2.4384,0.1,0.03048,500.0,533.15,10.0,3.048,FAC014,14
Q0002144,nonegu,run1_top20_facility_srcgroup_members_2021.csv,ptnonipm/nonegu_norailyard_2021_POINT_20240502_17may2024_v0.csv,2021hb_cb6_21k/inputs/ptnonipm/nonegu_norailyard_2021_POINT_20240502_17may2024_v0.csv,y2024v0csv_5019011_69954513_28610612_96926314,5019011,SWEENY OLD OCEAN FACILITIES,48039,2,69954513,28610612,96926314,30119799,SO2,-95.758008,29.076241999999997,231512.4667677746,3219574.532785388,0.0,0.001546464830057383,4.448659610523691e-05,19.853,0.5711040919336631,7.789577545244462e-05,fixed benzene facility-z/h0 source geometry; facility-total point-ready SO2 allocated by existing geometry weights,100.0,30.48,3.0,0.9144,931.1900000000002,772.7,0.2356,0.07181088,FAC015,15
Q0002145,nonegu,run1_top20_facility_srcgroup_members_2021.csv,ptnonipm/nonegu_norailyard_2021_POINT_20240502_17may2024_v0.csv,2021hb_cb6_21k/inputs/ptnonipm/nonegu_norailyard_2021_POINT_20240502_17may2024_v0.csv,y2024v0csv_5019011_69954613_28612012_96926714,5019011,SWEENY OLD OCEAN FACILITIES,48039,2,69954613,28612012,96926714,30119741,SO2,-95.741867,29.071146999999996,233071.2609363491,3218973.0074318233,0.0,1.6222416067301948,0.046666439314393515,19.853,0.5711040919336631,0.0817126684496144,fixed benzene facility-z/h0 source geometry; facility-total point-ready SO2 allocated by existing geometry weights,250.0,76.2,7.0,2.1336,193.91000000000008,363.1,0.1298,0.03956304,FAC015,15
Q0002146,nonegu,run1_top20_facility_srcgroup_members_2021.csv,ptnonipm/nonegu_norailyard_2021_POINT_20240502_17may2024_v0.csv,2021hb_cb6_21k/inputs/ptnonipm/nonegu_norailyard_2021_POINT_20240502_17may2024_v0.csv,y2024v0csv_5019011_69954613_28614412_96926514,5019011,SWEENY OLD OCEAN FACILITIES,48039,2,69954613,28614412,96926514,30119741,SO2,-95.741406,29.070767,233115.17870287347,3218929.8359204824,0.0,16.359020460623686,0.47059404246656444,19.853,0.5711040919336631,0.8240074779944434,fixed benzene facility-z/h0 source geometry; facility-total point-ready SO2 allocated by existing geometry weights,100.0,30.48,4.0,1.2192,931.1900000000002,772.7,0.1325,0.040386,FAC015,15
Q0002147,nonegu,run1_top20_facility_srcgroup_members_2021.csv,ptnonipm/nonegu_norailyard_2021_POINT_20240502_17may2024_v0.csv,2021hb_cb6_21k/inputs/ptnonipm/nonegu_norailyard_2021_POINT_20240502_17may2024_v0.csv,y2024v0csv_5019011_69954713_28611312_96926814,5019011,SWEENY OLD OCEAN FACILITIES,48039,2,69954713,28611312,96926814,30119701,SO2,-95.727794,29.080181,234465.0489308413,3219942.699169413,0.0,0.03659966764469141,0.0010528494411572735,19.853,0.5711040919336631,0.0018435333523745229,fixed benzene facility-z/h0 source geometry; facility-total point-ready SO2 allocated by existing geometry weights,250.0,76.2,4.0,1.2192,931.1900000000002,772.7,0.1325,0.040386,FAC015,15
Q0002148,nonegu,run1_top20_facility_srcgroup_members_2021.csv,ptnonipm/nonegu_norailyard_2021_POINT_20240502_17may2024_v0.csv,2021hb_cb6_21k/inputs/ptnonipm/nonegu_norailyard_2021_POINT_20240502_17may2024_v0.csv,y2024v0csv_5019011_69956613_64325512_96928814,5019011,SWEENY OLD OCEAN FACILITIES,48039,2,69956613,64325512,96928814,50300710,SO2,-95.749053,29.073092,232376.42886483824,3219204.938352802,0.0,0.0010309765533715889,2.9657730736824607e-05,19.853,0.5711040919336631,5.193051696829642e-05,fixed benzene facility-z/h0 source geometry; facility-total point-ready SO2 allocated by existing geometry weights,45.0,13.716,0.5,0.1524,80.0,299.81666666666666,0.1,0.03048,FAC015,15
Q0002149,nonegu,run1_top20_facility_srcgroup_members_2021.csv,ptnonipm/nonegu_norailyard_2021_POINT_20240502_17may2024_v0.csv,2021hb_cb6_21k/inputs/ptnonipm/nonegu_norailyard_2021_POINT_20240502_17may2024_v0.csv,y2024v0csv_5019011_69956713_64326212_96928914,5019011,SWEENY OLD OCEAN FACILITIES,48039,2,69956713,64326212,96928914,50300710,SO2,-95.75085,29.073881,232203.45961975475,3219296.49215648,0.0,0.0010309765533715889,2.9657730736824607e-05,19.853,0.5711040919336631,5.193051696829642e-05,fixed benzene facility-z/h0 source geometry; facility-total point-ready SO2 allocated by existing geometry weights,44.0,13.4112,0.5,0.1524,80.0,299.81666666666666,0.1,0.03048,FAC015,15
Q0002150,nonegu,run1_top20_facility_srcgroup_members_2021.csv,ptnonipm/nonegu_norailyard_2021_POINT_20240502_17may2024_v0.csv,2021hb_cb6_21k/inputs/ptnonipm/nonegu_norailyard_2021_POINT_20240502_17may2024_v0.csv,y2024v0csv_5019011_69956813_64326312_96929014,5019011,SWEENY OLD OCEAN FACILITIES,48039,2,69956813,64326312,96929014,50300710,SO2,-95.75345,29.075753,231955.09519236727,3219509.938361087,0.0,0.0005154882766857944,1.4828865368412304e-05,19.853,0.5711040919336631,2.596525848414821e-05,fixed benzene facility-z/h0 source geometry; facility-total point-ready SO2 allocated by existing geometry weights,17.0,5.1816,0.33,0.100584,80.0,299.81666666666666,0.1,0.03048,FAC015,15
Q0002151,nonegu,run1_top20_facility_srcgroup_members_2021.csv,ptnonipm/nonegu_norailyard_2021_POINT_20240502_17may2024_v0.csv,2021hb_cb6_21k/inputs/ptnonipm/nonegu_norailyard_2021_POINT_20240502_17may2024_v0.csv,y2024v0csv_5019011_69956913_64325612_96929114,5019011,SWEENY OLD OCEAN FACILITIES,48039,2,69956913,64325612,96929114,50300710,SO2,-95.747214,29.076531,232564.42076885304,3219582.0096007036,0.0,0.0005154882766857944,1.4828865368412304e-05,19.853,0.5711040919336631,2.596525848414821e-05,fixed benzene facility-z/h0 source geometry; facility-total point-ready SO2 allocated by existing geometry weights,3.0,0.9144,0.13,0.039624,80.0,299.81666666666666,0.1,0.03048,FAC015,15
Q0002152,nonegu,run1_top20_facility_srcgroup_members_2021.csv,ptnonipm/nonegu_norailyard_2021_POINT_20240502_17may2024_v0.csv,2021hb_cb6_21k/inputs/ptnonipm/nonegu_norailyard_2021_POINT_20240502_17may2024_v0.csv,y2024v0csv_5019011_69957013_64326412_96929214,5019011,SWEENY OLD OCEAN FACILITIES,48039,2,69957013,64326412,96929214,50300710,SO2,-95.7465,29.075092,232630.2363880489,3219420.8602500423,0.0,0.021135019344117573,0.0006079834801049045,19.853,0.5711040919336631,0.0010645755978500766,fixed benzene facility-z/h0 source geometry; facility-total point-ready SO2 allocated by existing geometry weights,42.0,12.8016,0.33,0.100584,80.0,299.81666666666666,0.1,0.03048,FAC015,15
Q0002153,nonegu,run1_top20_facility_srcgroup_members_2021.csv,ptnonipm/nonegu_norailyard_2021_POINT_20240502_17may2024_v0.csv,2021hb_cb6_21k/inputs/ptnonipm/nonegu_norailyard_2021_POINT_20240502_17may2024_v0.csv,y2024v0csv_5019011_69957113_64326612_96929314,5019011,SWEENY OLD OCEAN FACILITIES,48039,2,69957113,64326612,96929314,50300710,SO2,-95.744175,29.076864,232861.2413181484,3219612.028171938,0.0,0.0010309765533715889,2.9657730736824607e-05,19.853,0.5711040919336631,5.193051696829642e-05,fixed benzene facility-z/h0 source geometry; facility-total point-ready SO2 allocated by existing geometry weights,10.0,3.048,0.13,0.039624,80.0,299.81666666666666,0.1,0.03048,FAC015,15
Q0002154,nonegu,run1_top20_facility_srcgroup_members_2021.csv,ptnonipm/nonegu_norailyard_2021_POINT_20240502_17may2024_v0.csv,2021hb_cb6_21k/inputs/ptnonipm/nonegu_norailyard_2021_POINT_20240502_17may2024_v0.csv,y2024v0csv_5019011_69957213_64324012_96929414,5019011,SWEENY OLD OCEAN FACILITIES,48039,2,69957213,64324012,96929414,50300710,SO2,-95.742725,29.078011,233005.41308470577,3219735.896275899,0.0,0.014949160023888037,0.0004300370956839568,19.853,0.5711040919336631,0.000752992496040298,fixed benzene facility-z/h0 source geometry; facility-total point-ready SO2 allocated by existing geometry weights,10.0,3.048,0.33,0.100584,80.0,299.81666666666666,0.1,0.03048,FAC015,15
Q0002155,nonegu,run1_top20_facility_srcgroup_members_2021.csv,ptnonipm/nonegu_norailyard_2021_POINT_20240502_17may2024_v0.csv,2021hb_cb6_21k/inputs/ptnonipm/nonegu_norailyard_2021_POINT_20240502_17may2024_v0.csv,y2024v0csv_5019011_69957313_64326712_96929514,5019011,SWEENY OLD OCEAN FACILITIES,48039,2,69957313,64326712,96929514,50300710,SO2,-95.744433,29.076592,232835.41296599415,3219582.45949559,0.0,0.01649562485394542,0.0004745236917891937,19.853,0.5711040919336631,0.0008308882714927427,fixed benzene facility-z/h0 source geometry; facility-total point-ready SO2 allocated by existing geometry weights,10.0,3.048,0.33,0.100584,80.0,299.81666666666666,0.1,0.03048,FAC015,15
Q0002156,nonegu,run1_top20_facility_srcgroup_members_2021.csv,ptnonipm/nonegu_norailyard_2021_POINT_20240502_17may2024_v0.csv,2021hb_cb6_21k/inputs/ptnonipm/nonegu_norailyard_2021_POINT_20240502_17may2024_v0.csv,y2024v0csv_5019011_69957413_64327712_96929614,5019011,SWEENY OLD OCEAN FACILITIES,48039,2,69957413,64327712,96929614,50300710,SO2,-95.742442,29.078844,233035.1231888869,3219827.601161773,0.0,0.0005154882766857944,1.4828865368412304e-05,19.853,0.5711040919336631,2.596525848414821e-05,fixed benzene facility-z/h0 source geometry; facility-total point-ready SO2 allocated by existing geometry weights,10.0,3.048,0.33,0.100584,80.0,299.81666666666666,0.1,0.03048,FAC015,15
Q0002157,nonegu,run1_top20_facility_srcgroup_members_2021.csv,ptnonipm/nonegu_norailyard_2021_POINT_20240502_17may2024_v0.csv,2021hb_cb6_21k/inputs/ptnonipm/nonegu_norailyard_2021_POINT_20240502_17may2024_v0.csv,y2024v0csv_5019011_69959913_28610612_96932414,5019011,SWEENY OLD OCEAN FACILITIES,48039,2,69959913,28610612,96932414,30119799,SO2,-95.758008,29.076241999999997,231512.4667677746,3219574.532785388,0.0,0.6531236465609015,0.01878817242177839,19.853,0.5711040919336631,0.03289798249941578,fixed benzene facility-z/h0 source geometry; facility-total point-ready SO2 allocated by existing geometry weights,100.0,30.48,3.0,0.9144,931.1900000000002,772.7,0.2356,0.07181088,FAC015,15
Q0002158,nonegu,run1_top20_facility_srcgroup_members_2021.csv,ptnonipm/nonegu_norailyard_2021_POINT_20240502_17may2024_v0.csv,2021hb_cb6_21k/inputs/ptnonipm/nonegu_norailyard_2021_POINT_20240502_17may2024_v0.csv,y2024v0csv_5019011_69959913_28616012_96932514,5019011,SWEENY OLD OCEAN FACILITIES,48039,2,69959913,28616012,96932514,30119799,SO2,-95.756808,29.075783,231628.14194966183,3219520.9122715066,0.0,0.22320642380494898,0.0064208987045225275,19.853,0.5711040919336631,0.011242956923636175,fixed benzene facility-z/h0 source geometry; facility-total point-ready SO2 allocated by existing geometry weights,200.0,60.96,3.0,0.9144,931.1900000000002,772.7,42.4242,12.93089616,FAC015,15
Q0002159,nonegu,run1_top20_facility_srcgroup_members_2021.csv,ptnonipm/nonegu_norailyard_2021_POINT_20240502_17may2024_v0.csv,2021hb_cb6_21k/inputs/ptnonipm/nonegu_norailyard_2021_POINT_20240502_17may2024_v0.csv,y2024v0csv_5019011_69960013_28614412_96932714,5019011,SWEENY OLD OCEAN FACILITIES,48039,2,69960013,28614412,96932714,30119799,SO2,-95.741406,29.070767,233115.17870287347,3218929.8359204824,0.0,0.900042531093397,0.025891198933247882,19.853,0.5711040919336631,0.04533534131332277,fixed benzene facility-z/h0 source geometry; facility-total point-ready SO2 allocated by existing geometry weights,100.0,30.48,4.0,1.2192,931.1900000000002,772.7,0.1325,0.040386,FAC015,15
Q0000146,nonegu,run1_top20_facility_srcgroup_members_2021.csv,ptnonipm/nonegu_norailyard_2021_POINT_20240502_17may2024_v0.csv,2021hb_cb6_21k/inputs/ptnonipm/nonegu_norailyard_2021_POINT_20240502_17may2024_v0.csv,y2024v0csv_3737711_113309313_116391312_160070414,3737711,GALENA PARK TERMINAL,48201,3,113309313,116391312,160070414,40722807,SO2,-95.219564,29.726531,285316.1971049769,3290545.985519013,0.0,0.0007509296639563314,2.160172285497564e-05,0.19140000000000001,0.0055059347804414,0.003923352476260874,fixed benzene facility-z/h0 source geometry; facility-total point-ready SO2 allocated by existing geometry weights,55.0,16.764,3.0,0.9144,68.0,293.15,0.1,0.03048,FAC016,16
Q0000147,nonegu,run1_top20_facility_srcgroup_members_2021.csv,ptnonipm/nonegu_norailyard_2021_POINT_20240502_17may2024_v0.csv,2021hb_cb6_21k/inputs/ptnonipm/nonegu_norailyard_2021_POINT_20240502_17may2024_v0.csv,y2024v0csv_3737711_113309413_116391412_160070514,3737711,GALENA PARK TERMINAL,48201,3,113309413,116391412,160070514,40722807,SO2,-95.219981,29.726589,285275.9766922867,3290553.1900256835,0.0,0.0004842952180587935,1.3931545899223423e-05,0.19140000000000001,0.0055059347804414,0.0025302780462841874,fixed benzene facility-z/h0 source geometry; facility-total point-ready SO2 allocated by existing geometry weights,55.0,16.764,3.0,0.9144,68.0,293.15,0.1,0.03048,FAC016,16
Q0000148,nonegu,run1_top20_facility_srcgroup_members_2021.csv,ptnonipm/nonegu_norailyard_2021_POINT_20240502_17may2024_v0.csv,2021hb_cb6_21k/inputs/ptnonipm/nonegu_norailyard_2021_POINT_20240502_17may2024_v0.csv,y2024v0csv_3737711_113309813_116391812_160070914,3737711,GALENA PARK TERMINAL,48201,3,113309813,116391812,160070914,40722807,SO2,-95.218303,29.726971999999996,285439.1354785758,3290592.524611745,0.0,0.00028295900380963213,8.13977962651256e-06,0.19140000000000001,0.0055059347804414,0.0014783647011997498,fixed benzene facility-z/h0 source geometry; facility-total point-ready SO2 allocated by existing geometry weights,61.0,18.5928,3.0,0.9144,68.0,293.15,0.1,0.03048,FAC016,16
Q0000149,nonegu,run1_top20_facility_srcgroup_members_2021.csv,ptnonipm/nonegu_norailyard_2021_POINT_20240502_17may2024_v0.csv,2021hb_cb6_21k/inputs/ptnonipm/nonegu_norailyard_2021_POINT_20240502_17may2024_v0.csv,y2024v0csv_3737711_113309913_116391912_160071014,3737711,GALENA PARK TERMINAL,48201,3,113309913,116391912,160071014,40722807,SO2,-95.218375,29.726478000000004,285431.11782299145,3290537.900473122,0.0,0.0005441519304031387,1.5653422358678004e-05,0.19140000000000001,0.0055059347804414,0.00284300904076875,fixed benzene facility-z/h0 source geometry; facility-total point-ready SO2 allocated by existing geometry weights,61.0,18.5928,3.0,0.9144,68.0,293.15,0.1,0.03048,FAC016,16
Q0000150,nonegu,run1_top20_facility_srcgroup_members_2021.csv,ptnonipm/nonegu_norailyard_2021_POINT_20240502_17may2024_v0.csv,2021hb_cb6_21k/inputs/ptnonipm/nonegu_norailyard_2021_POINT_20240502_17may2024_v0.csv,y2024v0csv_3737711_113310013_116392012_160071114,3737711,GALENA PARK TERMINAL,48201,3,113310013,116392012,160071114,40722807,SO2,-95.218983,29.726511,285372.3651976421,3290542.6884414298,0.0,0.0001251549439927219,3.6002871424959406e-06,0.19140000000000001,0.0055059347804414,0.0006538920793768124,fixed benzene facility-z/h0 source geometry; facility-total point-ready SO2 allocated by existing geometry weights,61.0,18.5928,3.0,0.9144,68.0,293.15,0.1,0.03048,FAC016,16
Q0000151,nonegu,run1_top20_facility_srcgroup_members_2021.csv,ptnonipm/nonegu_norailyard_2021_POINT_20240502_17may2024_v0.csv,2021hb_cb6_21k/inputs/ptnonipm/nonegu_norailyard_2021_POINT_20240502_17may2024_v0.csv,y2024v0csv_3737711_113310113_116392112_160071214,3737711,GALENA PARK TERMINAL,48201,3,113310113,116392112,160071214,40722807,SO2,-95.218861,29.727053,285385.32275194,3290602.5402244087,0.0,0.0005604764883152329,1.6123025029438342e-05,0.19140000000000001,0.0055059347804414,0.0029282993119918123,fixed benzene facility-z/h0 source geometry; facility-total point-ready SO2 allocated by existing geometry weights,61.0,18.5928,3.0,0.9144,68.0,293.15,0.1,0.03048,FAC016,16
Q0000209,nonegu,run1_top20_facility_srcgroup_members_2021.csv,ptnonipm/nonegu_norailyard_2021_POINT_20240502_17may2024_v0.csv,2021hb_cb6_21k/inputs/ptnonipm/nonegu_norailyard_2021_POINT_20240502_17may2024_v0.csv,y2024v0csv_3737711_123245813_125329012_175405514,3737711,GALENA PARK TERMINAL,48201,3,123245813,125329012,175405514,40722807,SO2,-95.227778,29.728889,284526.54851217574,3290822.662587802,0.0,0.00045164610223460516,1.2992340557702742e-05,0.19140000000000001,0.0055059347804414,0.0023596975038380624,fixed benzene facility-z/h0 source geometry; facility-total point-ready SO2 allocated by existing geometry weights,55.0,16.764,3.0,0.9144,68.0,293.15,0.1,0.03048,FAC016,16
Q0000210,nonegu,run1_top20_facility_srcgroup_members_2021.csv,ptnonipm/nonegu_norailyard_2021_POINT_20240502_17may2024_v0.csv,2021hb_cb6_21k/inputs/ptnonipm/nonegu_norailyard_2021_POINT_20240502_17may2024_v0.csv,y2024v0csv_3737711_123245913_125329112_175405714,3737711,GALENA PARK TERMINAL,48201,3,123245913,125329112,175405714,40722807,SO2,-95.22655,29.7315,284650.93324132985,3291109.791273297,0.0,0.0005169443338829818,1.4870751240744103e-05,0.19140000000000001,0.0055059347804414,0.0027008585887303123,fixed benzene facility-z/h0 source geometry; facility-total point-ready SO2 allocated by existing geometry weights,55.0,16.764,3.0,0.9144,68.0,293.15,0.1,0.03048,FAC016,16
Q0000211,nonegu,run1_top20_facility_srcgroup_members_2021.csv,ptnonipm/nonegu_norailyard_2021_POINT_20240502_17may2024_v0.csv,2021hb_cb6_21k/inputs/ptnonipm/nonegu_norailyard_2021_POINT_20240502_17may2024_v0.csv,y2024v0csv_3737711_123246013_125329212_175406014,3737711,GALENA PARK TERMINAL,48201,3,123246013,125329212,175406014,40722807,SO2,-95.218319,29.726958000000003,285437.55770699633,3290591.0025007273,0.0,0.0005441519304031387,1.5653422358678004e-05,0.19140000000000001,0.0055059347804414,0.00284300904076875,fixed benzene facility-z/h0 source geometry; facility-total point-ready SO2 allocated by existing geometry weights,55.0,16.764,3.0,0.9144,68.0,293.15,0.1,0.03048,FAC016,16
Q0000212,nonegu,run1_top20_facility_srcgroup_members_2021.csv,ptnonipm/nonegu_norailyard_2021_POINT_20240502_17may2024_v0.csv,2021hb_cb6_21k/inputs/ptnonipm/nonegu_norailyard_2021_POINT_20240502_17may2024_v0.csv,y2024v0csv_3737711_123246113_125329312_175406314,3737711,GALENA PARK TERMINAL,48201,3,123246113,125329312,175406314,40722807,SO2,-95.227778,29.728889,284526.54851217574,3290822.662587802,0.0,0.0005223858531870131,1.5027285464330881e-05,0.19140000000000001,0.0055059347804414,0.0027292886791379996,fixed benzene facility-z/h0 source geometry; facility-total point-ready SO2 allocated by existing geometry weights,55.0,16.764,3.0,0.9144,68.0,293.15,0.1,0.03048,FAC016,16
Q0000331,nonegu,run1_top20_facility_srcgroup_members_2021.csv,ptnonipm/nonegu_norailyard_2021_POINT_20240502_17may2024_v0.csv,2021hb_cb6_21k/inputs/ptnonipm/nonegu_norailyard_2021_POINT_20240502_17may2024_v0.csv,y2024v0csv_3737711_128011613_129961112_184149714,3737711,GALENA PARK TERMINAL,48201,2,128011613,129961112,184149714,40400332,SO2,-95.226411,29.723083000000003,284646.39386365464,3290176.5382498074,0.0,5.985671234434527e-05,1.7218764594545806e-06,0.19140000000000001,0.0055059347804414,0.0003127309944845625,fixed benzene facility-z/h0 source geometry; facility-total point-ready SO2 allocated by existing geometry weights,41.2,12.557760000000002,0.1,0.03048,68.0,293.15,0.1,0.03048,FAC016,16
Q0000332,nonegu,run1_top20_facility_srcgroup_members_2021.csv,ptnonipm/nonegu_norailyard_2021_POINT_20240502_17may2024_v0.csv,2021hb_cb6_21k/inputs/ptnonipm/nonegu_norailyard_2021_POINT_20240502_17may2024_v0.csv,y2024v0csv_3737711_128011913_129961412_184150014,3737711,GALENA PARK TERMINAL,48201,3,128011913,129961412,184150014,40400148,SO2,-95.225681,29.722769,284716.3519216338,3290140.3713043355,0.0,0.0001795701370330358,5.165629378363741e-06,0.19140000000000001,0.0055059347804414,0.0009381929834536874,fixed benzene facility-z/h0 source geometry; facility-total point-ready SO2 allocated by existing geometry weights,58.8,17.92224,3.0,0.9144,68.0,293.15,0.1,0.03048,FAC016,16
Q0000333,nonegu,run1_top20_facility_srcgroup_members_2021.csv,ptnonipm/nonegu_norailyard_2021_POINT_20240502_17may2024_v0.csv,2021hb_cb6_21k/inputs/ptnonipm/nonegu_norailyard_2021_POINT_20240502_17may2024_v0.csv,y2024v0csv_3737711_128012113_129961612_184150214,3737711,GALENA PARK TERMINAL,48201,3,128012113,129961612,184150214,40400148,SO2,-95.225639,29.721639,284718.0019633351,3290015.036740392,0.0,0.0001795701370330358,5.165629378363741e-06,0.19140000000000001,0.0055059347804414,0.0009381929834536874,fixed benzene facility-z/h0 source geometry; facility-total point-ready SO2 allocated by existing geometry weights,58.8,17.92224,3.0,0.9144,68.0,293.15,0.1,0.03048,FAC016,16
Q0000334,nonegu,run1_top20_facility_srcgroup_members_2021.csv,ptnonipm/nonegu_norailyard_2021_POINT_20240502_17may2024_v0.csv,2021hb_cb6_21k/inputs/ptnonipm/nonegu_norailyard_2021_POINT_20240502_17may2024_v0.csv,y2024v0csv_3737711_128012213_129961712_184150314,3737711,GALENA PARK TERMINAL,48201,2,128012213,129961712,184150314,40400332,SO2,-95.227133,29.723433,284577.2871927718,3290216.6812042706,0.0,0.0003156081196338204,9.07898496803324e-06,0.19140000000000001,0.0055059347804414,0.0016489452436458747,fixed benzene facility-z/h0 source geometry; facility-total point-ready SO2 allocated by existing geometry weights,60.8,18.53184,0.1,0.03048,68.0,293.15,0.1,0.03048,FAC016,16
Q0000335,nonegu,run1_top20_facility_srcgroup_members_2021.csv,ptnonipm/nonegu_norailyard_2021_POINT_20240502_17may2024_v0.csv,2021hb_cb6_21k/inputs/ptnonipm/nonegu_norailyard_2021_POINT_20240502_17may2024_v0.csv,y2024v0csv_3737711_128012313_129961812_184150414,3737711,GALENA PARK TERMINAL,48201,2,128012313,129961812,184150414,40400332,SO2,-95.227125,29.723044,284577.2297653031,3290173.5470606065,0.0,0.0003754648319781657,1.080086142748782e-05,0.19140000000000001,0.0055059347804414,0.001961676238130437,fixed benzene facility-z/h0 source geometry; facility-total point-ready SO2 allocated by existing geometry weights,60.8,18.53184,0.1,0.03048,68.0,293.15,0.1,0.03048,FAC016,16
Q0000336,nonegu,run1_top20_facility_srcgroup_members_2021.csv,ptnonipm/nonegu_norailyard_2021_POINT_20240502_17may2024_v0.csv,2021hb_cb6_21k/inputs/ptnonipm/nonegu_norailyard_2021_POINT_20240502_17may2024_v0.csv,y2024v0csv_3737711_128012713_129962212_184150814,3737711,GALENA PARK TERMINAL,48201,2,128012713,129962212,184150814,31000209,SO2,-95.227197,29.723864000000003,284572.0163521479,3290264.5753730233,0.0,0.001850116563370672,5.3221636019505214e-05,0.19140000000000001,0.0055059347804414,0.00966623073861375,fixed benzene facility-z/h0 source geometry; facility-total point-ready SO2 allocated by existing geometry weights,55.0,16.764,10.0,3.048,1200.0,922.0388888888888,46.0,14.0208,FAC016,16
Q0000337,nonegu,run1_top20_facility_srcgroup_members_2021.csv,ptnonipm/nonegu_norailyard_2021_POINT_20240502_17may2024_v0.csv,2021hb_cb6_21k/inputs/ptnonipm/nonegu_norailyard_2021_POINT_20240502_17may2024_v0.csv,y2024v0csv_3737711_128012813_129962312_184150914,3737711,GALENA PARK TERMINAL,48201,2,128012813,129962312,184150914,31000209,SO2,-95.227083,29.723867,284583.05237827206,3290264.695229908,0.0,0.0013658213453118782,3.9290090120281787e-05,0.19140000000000001,0.0055059347804414,0.007135952692329562,fixed benzene facility-z/h0 source geometry; facility-total point-ready SO2 allocated by existing geometry weights,55.0,16.764,10.0,3.048,1200.0,922.0388888888888,46.0,14.0208,FAC016,16
Q0000338,nonegu,run1_top20_facility_srcgroup_members_2021.csv,ptnonipm/nonegu_norailyard_2021_POINT_20240502_17may2024_v0.csv,2021hb_cb6_21k/inputs/ptnonipm/nonegu_norailyard_2021_POINT_20240502_17may2024_v0.csv,y2024v0csv_3737711_128012913_129962412_184151014,3737711,GALENA PARK TERMINAL,48201,2,128012913,129962412,184151014,31000209,SO2,-95.226967,29.723878000000003,284594.2990033941,3290265.6981372875,0.0,0.0006312162392676408,1.815796993606648e-05,0.19140000000000001,0.0055059347804414,0.0032978904872917494,fixed benzene facility-z/h0 source geometry; facility-total point-ready SO2 allocated by existing geometry weights,55.0,16.764,10.0,3.048,1200.0,922.0388888888888,46.0,14.0208,FAC016,16
Q0002036,nonegu,run1_top20_facility_srcgroup_members_2021.csv,ptnonipm/nonegu_norailyard_2021_POINT_20240502_17may2024_v0.csv,2021hb_cb6_21k/inputs/ptnonipm/nonegu_norailyard_2021_POINT_20240502_17may2024_v0.csv,y2024v0csv_3737711_37270913_35536012_7437414,3737711,GALENA PARK TERMINAL,48201,3,37270913,35536012,7437414,40717613,SO2,-95.2337,29.727592,283950.83618577477,3290689.961797042,0.0,0.022593188150338322,0.0006499300963323107,0.19140000000000001,0.0055059347804414,0.11804173537271849,fixed benzene facility-z/h0 source geometry; facility-total point-ready SO2 allocated by existing geometry weights,42.0,12.8016,3.0,0.9144,68.0,293.15,0.1,0.03048,FAC016,16
Q0002037,nonegu,run1_top20_facility_srcgroup_members_2021.csv,ptnonipm/nonegu_norailyard_2021_POINT_20240502_17may2024_v0.csv,2021hb_cb6_21k/inputs/ptnonipm/nonegu_norailyard_2021_POINT_20240502_17may2024_v0.csv,y2024v0csv_3737711_37275913_35560712_7403214,3737711,GALENA PARK TERMINAL,48201,3,37275913,35560712,7403214,40717613,SO2,-95.231897,29.727508,284125.0921703909,3290677.2781292005,0.0,0.014191482344913858,0.0004082412551143223,0.19140000000000001,0.0055059347804414,0.07414567578324899,fixed benzene facility-z/h0 source geometry; facility-total point-ready SO2 allocated by existing geometry weights,42.0,12.8016,3.0,0.9144,68.0,293.15,0.1,0.03048,FAC016,16
Q0002038,nonegu,run1_top20_facility_srcgroup_members_2021.csv,ptnonipm/nonegu_norailyard_2021_POINT_20240502_17may2024_v0.csv,2021hb_cb6_21k/inputs/ptnonipm/nonegu_norailyard_2021_POINT_20240502_17may2024_v0.csv,y2024v0csv_3737711_37276113_35543312_7402714,3737711,GALENA PARK TERMINAL,48201,3,37276113,35543312,7402714,40717613,SO2,-95.231203,29.726653,284190.40401217807,3290581.206929027,0.0,0.013712628646159098,0.00039446624343868566,0.19140000000000001,0.0055059347804414,0.0716438278273725,fixed benzene facility-z/h0 source geometry; facility-total point-ready SO2 allocated by existing geometry weights,42.0,12.8016,3.0,0.9144,68.0,293.15,0.1,0.03048,FAC016,16
Q0002039,nonegu,run1_top20_facility_srcgroup_members_2021.csv,ptnonipm/nonegu_norailyard_2021_POINT_20240502_17may2024_v0.csv,2021hb_cb6_21k/inputs/ptnonipm/nonegu_norailyard_2021_POINT_20240502_17may2024_v0.csv,y2024v0csv_3737711_37276213_35551912_7402514,3737711,GALENA PARK TERMINAL,48201,3,37276213,35551912,7402514,40717613,SO2,-95.231231,29.726933,284188.2946911106,3290612.296293827,0.0,0.015432148746233014,0.00044393105809210817,0.19140000000000001,0.0055059347804414,0.08062773639620174,fixed benzene facility-z/h0 source geometry; facility-total point-ready SO2 allocated by existing geometry weights,42.0,12.8016,3.0,0.9144,68.0,293.15,0.1,0.03048,FAC016,16
Q0002040,nonegu,run1_top20_facility_srcgroup_members_2021.csv,ptnonipm/nonegu_norailyard_2021_POINT_20240502_17may2024_v0.csv,2021hb_cb6_21k/inputs/ptnonipm/nonegu_norailyard_2021_POINT_20240502_17may2024_v0.csv,y2024v0csv_3737711_37276413_35564212_7402114,3737711,GALENA PARK TERMINAL,48201,3,37276413,35564212,7402114,40715801,SO2,-95.231544,29.726946999999996,284158.0424931527,3290614.43324111,0.0,0.014610479331324274,0.0004202943903305044,0.19140000000000001,0.0055059347804414,0.07633479274464093,fixed benzene facility-z/h0 source geometry; facility-total point-ready SO2 allocated by existing geometry weights,42.0,12.8016,3.0,0.9144,68.0,293.15,0.1,0.03048,FAC016,16
Q0002041,nonegu,run1_top20_facility_srcgroup_members_2021.csv,ptnonipm/nonegu_norailyard_2021_POINT_20240502_17may2024_v0.csv,2021hb_cb6_21k/inputs/ptnonipm/nonegu_norailyard_2021_POINT_20240502_17may2024_v0.csv,y2024v0csv_3737711_37276513_35523612_7401914,3737711,GALENA PARK TERMINAL,48201,3,37276513,35523612,7401914,40717613,SO2,-95.231853,29.72665,284127.51108288055,3290582.0895139063,0.0,0.015192721896855634,0.00043704355225428985,0.19140000000000001,0.0055059347804414,0.0793768124182635,fixed benzene facility-z/h0 source geometry; facility-total point-ready SO2 allocated by existing geometry weights,42.0,12.8016,3.0,0.9144,68.0,293.15,0.1,0.03048,FAC016,16
Q0002042,nonegu,run1_top20_facility_srcgroup_members_2021.csv,ptnonipm/nonegu_norailyard_2021_POINT_20240502_17may2024_v0.csv,2021hb_cb6_21k/inputs/ptnonipm/nonegu_norailyard_2021_POINT_20240502_17may2024_v0.csv,y2024v0csv_3737711_37277013_35561512_7401014,3737711,GALENA PARK TERMINAL,48201,3,37277013,35561512,7401014,40715801,SO2,-95.234528,29.726725,283868.86963297374,3290595.407449824,0.0,0.014659453005060556,0.00042170319834278534,0.19140000000000001,0.0055059347804414,0.07659066355831011,fixed benzene facility-z/h0 source geometry; facility-total point-ready SO2 allocated by existing geometry weights,42.0,12.8016,3.0,0.9144,68.0,293.15,0.1,0.03048,FAC016,16
Q0002043,nonegu,run1_top20_facility_srcgroup_members_2021.csv,ptnonipm/nonegu_norailyard_2021_POINT_20240502_17may2024_v0.csv,2021hb_cb6_21k/inputs/ptnonipm/nonegu_norailyard_2021_POINT_20240502_17may2024_v0.csv,y2024v0csv_3737711_37277213_35535412_7400714,3737711,GALENA PARK TERMINAL,48201,3,37277213,35535412,7400714,40717613,SO2,-95.234539,29.726983,283868.358742626,3290624.0264790296,0.0,0.01568245863421846,0.0004511316323771,0.19140000000000001,0.0055059347804414,0.08193552055495537,fixed benzene facility-z/h0 source geometry; facility-total point-ready SO2 allocated by existing geometry weights,42.0,12.8016,3.0,0.9144,68.0,293.15,0.1,0.03048,FAC016,16
Q0002044,nonegu,run1_top20_facility_srcgroup_members_2021.csv,ptnonipm/nonegu_norailyard_2021_POINT_20240502_17may2024_v0.csv,2021hb_cb6_21k/inputs/ptnonipm/nonegu_norailyard_2021_POINT_20240502_17may2024_v0.csv,y2024v0csv_3737711_37277313_35560812_7400514,3737711,GALENA PARK TERMINAL,48201,3,37277313,35560812,7400514,40717613,SO2,-95.230631,29.727508,284247.57467621984,3290674.9116792525,0.0,0.0169557741513618,0.0004877606406964065,0.19140000000000001,0.0055059347804414,0.08858816171035423,fixed benzene facility-z/h0 source geometry; facility-total point-ready SO2 allocated by existing geometry weights,42.0,12.8016,3.0,0.9144,68.0,293.15,0.1,0.03048,FAC016,16
Q0002045,nonegu,run1_top20_facility_srcgroup_members_2021.csv,ptnonipm/nonegu_norailyard_2021_POINT_20240502_17may2024_v0.csv,2021hb_cb6_21k/inputs/ptnonipm/nonegu_norailyard_2021_POINT_20240502_17may2024_v0.csv,y2024v0csv_3737711_37277613_35560912_7399814,3737711,GALENA PARK TERMINAL,48201,3,37277613,35560912,7399814,40717613,SO2,-95.231267,29.727508,284186.0431871421,3290676.100343792,0.0,0.007362375618354468,0.0002117908045129134,0.19140000000000001,0.0055059347804414,0.03846591232160119,fixed benzene facility-z/h0 source geometry; facility-total point-ready SO2 allocated by existing geometry weights,42.0,12.8016,3.0,0.9144,68.0,293.15,0.1,0.03048,FAC016,16
Q0002046,nonegu,run1_top20_facility_srcgroup_members_2021.csv,ptnonipm/nonegu_norailyard_2021_POINT_20240502_17may2024_v0.csv,2021hb_cb6_21k/inputs/ptnonipm/nonegu_norailyard_2021_POINT_20240502_17may2024_v0.csv,y2024v0csv_3737711_37279513_35522412_7382414,3737711,GALENA PARK TERMINAL,48201,3,37279513,35522412,7382414,40717613,SO2,-95.232933,29.726172,284021.9982710674,3290531.1246040273,0.0,0.00674748393699892,0.00019410243724760721,0.19140000000000001,0.0055059347804414,0.035253312105532494,fixed benzene facility-z/h0 source geometry; facility-total point-ready SO2 allocated by existing geometry weights,48.0,14.630400000000002,3.0,0.9144,68.0,293.15,0.1,0.03048,FAC016,16
Q0002047,nonegu,run1_top20_facility_srcgroup_members_2021.csv,ptnonipm/nonegu_norailyard_2021_POINT_20240502_17may2024_v0.csv,2021hb_cb6_21k/inputs/ptnonipm/nonegu_norailyard_2021_POINT_20240502_17may2024_v0.csv,y2024v0csv_3737711_37283513_35549512_7375614,3737711,GALENA PARK TERMINAL,48201,3,37283513,35549512,7375614,40715801,SO2,-95.234311,29.728267,283893.170973632,3290765.926805235,0.0,0.016052481946892593,0.000461775959581001,0.19140000000000001,0.0055059347804414,0.08386876670267811,fixed benzene facility-z/h0 source geometry; facility-total point-ready SO2 allocated by existing geometry weights,42.0,12.8016,3.0,0.9144,68.0,293.15,0.1,0.03048,FAC016,16
Q0002048,nonegu,run1_top20_facility_srcgroup_members_2021.csv,ptnonipm/nonegu_norailyard_2021_POINT_20240502_17may2024_v0.csv,2021hb_cb6_21k/inputs/ptnonipm/nonegu_norailyard_2021_POINT_20240502_17may2024_v0.csv,y2024v0csv_3737711_37291213_35524412_7197114,3737711,GALENA PARK TERMINAL,48201,3,37291213,35524412,7197114,40719601,SO2,-95.230294,29.726308000000003,284277.6098249613,3290541.266180047,0.0,0.008467004037072838,0.0002435672519010297,0.19140000000000001,0.0055059347804414,0.04423722067436174,fixed benzene facility-z/h0 source geometry; facility-total point-ready SO2 allocated by existing geometry weights,48.0,14.630400000000002,3.0,0.9144,68.0,293.15,0.1,0.03048,FAC016,16
Q0000428,nonegu,run1_top20_facility_srcgroup_members_2021.csv,ptnonipm/nonegu_norailyard_2021_POINT_20240502_17may2024_v0.csv,2021hb_cb6_21k/inputs/ptnonipm/nonegu_norailyard_2021_POINT_20240502_17may2024_v0.csv,y2024v0csv_6421511_136541513_141651812_214432014,6421511,PASADENA PLANT,48201,2,136541513,141651812,214432014,30182002,SO2,-95.156106,29.728903000000003,291460.4850385651,3290692.6040447187,0.0,0.00022,6.328660667174024e-06,0.10779999999999999,0.003101043726915272,0.0020408163265306124,fixed benzene facility-z/h0 source geometry; facility-total point-ready SO2 allocated by existing geometry weights,20.0,6.096,3.0,0.9144,77.0,298.15,0.1,0.03048,FAC017,17
Q0000658,nonegu,run1_top20_facility_srcgroup_members_2021.csv,ptnonipm/nonegu_norailyard_2021_POINT_20240502_17may2024_v0.csv,2021hb_cb6_21k/inputs/ptnonipm/nonegu_norailyard_2021_POINT_20240502_17may2024_v0.csv,y2024v0csv_6421511_16918113_16465312_6690114,6421511,PASADENA PLANT,48201,2,16918113,16465312,6690114,40717698,SO2,-95.155636,29.731853000000005,291512.0584779587,3291018.744178425,0.0,2.793650793650794e-05,8.036394497998763e-07,0.10779999999999999,0.003101043726915272,0.00025915127955944287,fixed benzene facility-z/h0 source geometry; facility-total point-ready SO2 allocated by existing geometry weights,30.0,9.144,3.0,0.9144,75.0,297.0388888888889,0.1,0.03048,FAC017,17
Q0000659,nonegu,run1_top20_facility_srcgroup_members_2021.csv,ptnonipm/nonegu_norailyard_2021_POINT_20240502_17may2024_v0.csv,2021hb_cb6_21k/inputs/ptnonipm/nonegu_norailyard_2021_POINT_20240502_17may2024_v0.csv,y2024v0csv_6421511_16918513_16468612_6689714,6421511,PASADENA PLANT,48201,2,16918513,16468612,6689714,30190003,SO2,-95.154725,29.731319,291599.0850008883,3290957.9087887574,0.0,0.004246349206349207,0.00012215319636958117,0.10779999999999999,0.003101043726915272,0.03939099449303531,fixed benzene facility-z/h0 source geometry; facility-total point-ready SO2 allocated by existing geometry weights,70.0,21.336,3.0,0.9144,500.0,533.15,17.9,5.45592,FAC017,17
Q0000660,nonegu,run1_top20_facility_srcgroup_members_2021.csv,ptnonipm/nonegu_norailyard_2021_POINT_20240502_17may2024_v0.csv,2021hb_cb6_21k/inputs/ptnonipm/nonegu_norailyard_2021_POINT_20240502_17may2024_v0.csv,y2024v0csv_6421511_16921013_16462512_5849414,6421511,PASADENA PLANT,48201,2,16921013,16462512,5849414,30187598,SO2,-95.158314,29.731419,291252.0869393281,3290975.477244834,0.0,0.0308,0.0008860124934043635,0.10779999999999999,0.003101043726915272,0.28571428571428575,fixed benzene facility-z/h0 source geometry; facility-total point-ready SO2 allocated by existing geometry weights,48.0,14.630400000000002,3.0,0.9144,83.0,301.4833333333333,0.1,0.03048,FAC017,17
Q0000661,nonegu,run1_top20_facility_srcgroup_members_2021.csv,ptnonipm/nonegu_norailyard_2021_POINT_20240502_17may2024_v0.csv,2021hb_cb6_21k/inputs/ptnonipm/nonegu_norailyard_2021_POINT_20240502_17may2024_v0.csv,y2024v0csv_6421511_16921113_16463712_5849314,6421511,PASADENA PLANT,48201,2,16921113,16463712,5849314,30199998,SO2,-95.154725,29.731319,291599.0850008883,3290957.9087887574,0.0,0.025949523809523808,0.0007464805939328599,0.10779999999999999,0.003101043726915272,0.24071914480077747,fixed benzene facility-z/h0 source geometry; facility-total point-ready SO2 allocated by existing geometry weights,200.0,60.96,2.5,0.762,199.67000000000007,366.3,0.0678,0.02066544,FAC017,17
Q0000662,nonegu,run1_top20_facility_srcgroup_members_2021.csv,ptnonipm/nonegu_norailyard_2021_POINT_20240502_17may2024_v0.csv,2021hb_cb6_21k/inputs/ptnonipm/nonegu_norailyard_2021_POINT_20240502_17may2024_v0.csv,y2024v0csv_6421511_16922113_16463212_5848314,6421511,PASADENA PLANT,48201,2,16922113,16463212,5848314,40301102,SO2,-95.156892,29.731146999999996,291389.090122486,3290942.757380825,0.0,0.023313015873015874,0.0006706371208579966,0.10779999999999999,0.003101043726915272,0.21626174279235505,fixed benzene facility-z/h0 source geometry; facility-total point-ready SO2 allocated by existing geometry weights,48.0,14.630400000000002,3.0,0.9144,87.0,303.7055555555555,0.1,0.03048,FAC017,17
Q0000663,nonegu,run1_top20_facility_srcgroup_members_2021.csv,ptnonipm/nonegu_norailyard_2021_POINT_20240502_17may2024_v0.csv,2021hb_cb6_21k/inputs/ptnonipm/nonegu_norailyard_2021_POINT_20240502_17may2024_v0.csv,y2024v0csv_6421511_16922213_16466312_5848214,6421511,PASADENA PLANT,48201,2,16922213,16466312,5848214,40301102,SO2,-95.156886,29.731356,291390.1032778288,3290965.9128880776,0.0,0.023215238095238094,0.000667824382783697,0.10779999999999999,0.003101043726915272,0.215354713313897,fixed benzene facility-z/h0 source geometry; facility-total point-ready SO2 allocated by existing geometry weights,45.0,13.716,3.0,0.9144,70.0,294.26111111111106,0.1,0.03048,FAC017,17
Q0000664,nonegu,run1_top20_facility_srcgroup_members_2021.csv,ptnonipm/nonegu_norailyard_2021_POINT_20240502_17may2024_v0.csv,2021hb_cb6_21k/inputs/ptnonipm/nonegu_norailyard_2021_POINT_20240502_17may2024_v0.csv,y2024v0csv_6421511_16924313_16464812_5846114,6421511,PASADENA PLANT,48201,2,16924313,16464812,5846114,40400340,SO2,-95.15575,29.731056,291499.3807919451,3290930.607602609,0.0,1.0476190476190475e-05,3.0136479367495356e-07,0.10779999999999999,0.003101043726915272,9.718172983479106e-05,fixed benzene facility-z/h0 source geometry; facility-total point-ready SO2 allocated by existing geometry weights,3.0,0.9144,3.0,0.9144,70.0,294.26111111111106,0.1,0.03048,FAC017,17
Q0000665,nonegu,run1_top20_facility_srcgroup_members_2021.csv,ptnonipm/nonegu_norailyard_2021_POINT_20240502_17may2024_v0.csv,2021hb_cb6_21k/inputs/ptnonipm/nonegu_norailyard_2021_POINT_20240502_17may2024_v0.csv,y2024v0csv_6421511_16926013_16470012_5844314,6421511,PASADENA PLANT,48201,2,16926013,16470012,5844314,40301099,SO2,-95.15595,29.732083000000003,291482.15780261974,3291044.8053444927,0.0,1.7460317460317463e-05,5.022746561249227e-07,0.10779999999999999,0.003101043726915272,0.0001619695497246518,fixed benzene facility-z/h0 source geometry; facility-total point-ready SO2 allocated by existing geometry weights,36.0,10.9728,3.0,0.9144,80.0,299.81666666666666,0.1,0.03048,FAC017,17
Q0000056,nonegu,run1_top20_facility_srcgroup_members_2021.csv,ptnonipm/nonegu_norailyard_2021_POINT_20240502_17may2024_v0.csv,2021hb_cb6_21k/inputs/ptnonipm/nonegu_norailyard_2021_POINT_20240502_17may2024_v0.csv,y2024v0csv_16872411_109764813_113166512_155368814,16872411,LAB CHOCOLATE BAYOU PLANT,48039,2,109764813,113166512,155368814,40719601,SO2,-95.219397,29.247053,284318.5163737668,3237399.054509229,0.0,0.03220964918187328,0.0009265633630945244,0.1905,0.005480044804984779,0.16907952326442666,fixed benzene facility-z/h0 source geometry; facility-total point-ready SO2 allocated by existing geometry weights,40.0,12.192,3.0,0.9144,69.0,293.7055555555555,0.1,0.03048,FAC018,18
Q0000057,nonegu,run1_top20_facility_srcgroup_members_2021.csv,ptnonipm/nonegu_norailyard_2021_POINT_20240502_17may2024_v0.csv,2021hb_cb6_21k/inputs/ptnonipm/nonegu_norailyard_2021_POINT_20240502_17may2024_v0.csv,y2024v0csv_16872411_109765513_113169612_155369514,16872411,LAB CHOCOLATE BAYOU PLANT,48039,2,109765513,113169612,155369514,30121104,SO2,-95.213136,29.250392,284934.1094722853,3237757.6384616555,0.0,0.008587957039929971,0.00024704666331811393,0.1905,0.005480044804984779,0.045081139317217696,fixed benzene facility-z/h0 source geometry; facility-total point-ready SO2 allocated by existing geometry weights,67.0,20.4216,3.0,0.9144,77.0,298.15,0.1,0.03048,FAC018,18
Q0000058,nonegu,run1_top20_facility_srcgroup_members_2021.csv,ptnonipm/nonegu_norailyard_2021_POINT_20240502_17may2024_v0.csv,2021hb_cb6_21k/inputs/ptnonipm/nonegu_norailyard_2021_POINT_20240502_17may2024_v0.csv,y2024v0csv_16872411_109766513_113173312_155370514,16872411,LAB CHOCOLATE BAYOU PLANT,48039,2,109766513,113173312,155370514,30190004,SO2,-95.213486,29.249883,284899.0231117276,3237701.8638490993,0.0,6.413709514510808e-06,1.845008687962016e-07,0.1905,0.005480044804984779,3.3667766480371693e-05,fixed benzene facility-z/h0 source geometry; facility-total point-ready SO2 allocated by existing geometry weights,78.0,23.7744,3.0,0.9144,470.0,516.4833333333333,21.1,6.431280000000001,FAC018,18
Q0000059,nonegu,run1_top20_facility_srcgroup_members_2021.csv,ptnonipm/nonegu_norailyard_2021_POINT_20240502_17may2024_v0.csv,2021hb_cb6_21k/inputs/ptnonipm/nonegu_norailyard_2021_POINT_20240502_17may2024_v0.csv,y2024v0csv_16872411_109766613_113166612_155370614,16872411,LAB CHOCOLATE BAYOU PLANT,48039,2,109766613,113166612,155370614,30190004,SO2,-95.213486,29.249883,284899.0231117276,3237701.8638490993,0.0,6.413709514510808e-06,1.845008687962016e-07,0.1905,0.005480044804984779,3.3667766480371693e-05,fixed benzene facility-z/h0 source geometry; facility-total point-ready SO2 allocated by existing geometry weights,78.0,23.7744,3.0,0.9144,470.0,516.4833333333333,21.1,6.431280000000001,FAC018,18
Q0000060,nonegu,run1_top20_facility_srcgroup_members_2021.csv,ptnonipm/nonegu_norailyard_2021_POINT_20240502_17may2024_v0.csv,2021hb_cb6_21k/inputs/ptnonipm/nonegu_norailyard_2021_POINT_20240502_17may2024_v0.csv,y2024v0csv_16872411_109766713_113173412_155370714,16872411,LAB CHOCOLATE BAYOU PLANT,48039,2,109766713,113173412,155370714,30190004,SO2,-95.213486,29.249883,284899.0231117276,3237701.8638490993,0.0,6.413709514510808e-06,1.845008687962016e-07,0.1905,0.005480044804984779,3.3667766480371693e-05,fixed benzene facility-z/h0 source geometry; facility-total point-ready SO2 allocated by existing geometry weights,77.0,23.4696,3.5,1.0668,800.0,699.8166666666666,23.9,7.28472,FAC018,18
Q0000061,nonegu,run1_top20_facility_srcgroup_members_2021.csv,ptnonipm/nonegu_norailyard_2021_POINT_20240502_17may2024_v0.csv,2021hb_cb6_21k/inputs/ptnonipm/nonegu_norailyard_2021_POINT_20240502_17may2024_v0.csv,y2024v0csv_16872411_109766813_113173512_155370814,16872411,LAB CHOCOLATE BAYOU PLANT,48039,2,109766813,113173512,155370814,30190003,SO2,-95.213486,29.249883,284899.0231117276,3237701.8638490993,0.0,6.413709514510808e-06,1.845008687962016e-07,0.1905,0.005480044804984779,3.3667766480371693e-05,fixed benzene facility-z/h0 source geometry; facility-total point-ready SO2 allocated by existing geometry weights,72.0,21.9456,2.5,0.762,800.0,699.8166666666666,42.5,12.954,FAC018,18
Q0000062,nonegu,run1_top20_facility_srcgroup_members_2021.csv,ptnonipm/nonegu_norailyard_2021_POINT_20240502_17may2024_v0.csv,2021hb_cb6_21k/inputs/ptnonipm/nonegu_norailyard_2021_POINT_20240502_17may2024_v0.csv,y2024v0csv_16872411_109766913_113173612_155370914,16872411,LAB CHOCOLATE BAYOU PLANT,48039,2,109766913,113173612,155370914,30190003,SO2,-95.213486,29.249883,284899.0231117276,3237701.8638490993,0.0,1.2827419029021616e-05,3.690017375924032e-07,0.1905,0.005480044804984779,6.733553296074339e-05,fixed benzene facility-z/h0 source geometry; facility-total point-ready SO2 allocated by existing geometry weights,77.0,23.4696,3.5,1.0668,800.0,699.8166666666666,23.9,7.28472,FAC018,18
Q0000063,nonegu,run1_top20_facility_srcgroup_members_2021.csv,ptnonipm/nonegu_norailyard_2021_POINT_20240502_17may2024_v0.csv,2021hb_cb6_21k/inputs/ptnonipm/nonegu_norailyard_2021_POINT_20240502_17may2024_v0.csv,y2024v0csv_16872411_109767013_113173712_155371014,16872411,LAB CHOCOLATE BAYOU PLANT,48039,2,109767013,113173712,155371014,30190003,SO2,-95.213486,29.249883,284899.0231117276,3237701.8638490993,0.0,1.2827419029021616e-05,3.690017375924032e-07,0.1905,0.005480044804984779,6.733553296074339e-05,fixed benzene facility-z/h0 source geometry; facility-total point-ready SO2 allocated by existing geometry weights,106.0,32.308800000000005,5.03,1.533144,700.0,644.2611111111111,13.0,3.9624,FAC018,18
Q0000064,nonegu,run1_top20_facility_srcgroup_members_2021.csv,ptnonipm/nonegu_norailyard_2021_POINT_20240502_17may2024_v0.csv,2021hb_cb6_21k/inputs/ptnonipm/nonegu_norailyard_2021_POINT_20240502_17may2024_v0.csv,y2024v0csv_16872411_109767113_113173812_155371114,16872411,LAB CHOCOLATE BAYOU PLANT,48039,2,109767113,113173812,155371114,30190003,SO2,-95.213139,29.25,284932.99740274425,3237714.1950513595,0.0,6.413709514510808e-06,1.845008687962016e-07,0.1905,0.005480044804984779,3.3667766480371693e-05,fixed benzene facility-z/h0 source geometry; facility-total point-ready SO2 allocated by existing geometry weights,51.0,15.5448,2.0,0.6096,625.0,602.5944444444444,12.8,3.901440000000001,FAC018,18
Q0000065,nonegu,run1_top20_facility_srcgroup_members_2021.csv,ptnonipm/nonegu_norailyard_2021_POINT_20240502_17may2024_v0.csv,2021hb_cb6_21k/inputs/ptnonipm/nonegu_norailyard_2021_POINT_20240502_17may2024_v0.csv,y2024v0csv_16872411_109767413_113170512_155371414,16872411,LAB CHOCOLATE BAYOU PLANT,48039,2,109767413,113170512,155371414,30181003,SO2,-95.214722,29.246944,284772.72484159126,3237378.377373168,0.0,0.0021229378493030776,6.106978757154273e-05,0.1905,0.005480044804984779,0.01114403070500303,fixed benzene facility-z/h0 source geometry; facility-total point-ready SO2 allocated by existing geometry weights,44.0,13.4112,3.0,0.9144,73.0,295.92777777777775,0.1,0.03048,FAC018,18
Q0000066,nonegu,run1_top20_facility_srcgroup_members_2021.csv,ptnonipm/nonegu_norailyard_2021_POINT_20240502_17may2024_v0.csv,2021hb_cb6_21k/inputs/ptnonipm/nonegu_norailyard_2021_POINT_20240502_17may2024_v0.csv,y2024v0csv_16872411_109767513_113170612_155371514,16872411,LAB CHOCOLATE BAYOU PLANT,48039,2,109767513,113170612,155371514,30181003,SO2,-95.2148,29.246894,284765.0380747207,3237372.9786837227,0.0,0.0012891556124166724,3.708467462803652e-05,0.1905,0.005480044804984779,0.006767221062554711,fixed benzene facility-z/h0 source geometry; facility-total point-ready SO2 allocated by existing geometry weights,44.0,13.4112,3.0,0.9144,73.0,295.92777777777775,0.1,0.03048,FAC018,18
Q0000067,nonegu,run1_top20_facility_srcgroup_members_2021.csv,ptnonipm/nonegu_norailyard_2021_POINT_20240502_17may2024_v0.csv,2021hb_cb6_21k/inputs/ptnonipm/nonegu_norailyard_2021_POINT_20240502_17may2024_v0.csv,y2024v0csv_16872411_109767613_113170712_155371614,16872411,LAB CHOCOLATE BAYOU PLANT,48039,2,109767613,113170712,155371614,30181003,SO2,-95.214889,29.246889000000003,284756.3762866383,3237372.587963497,0.0,0.005092485354521581,0.00014649368982418406,0.1905,0.005480044804984779,0.026732206585415124,fixed benzene facility-z/h0 source geometry; facility-total point-ready SO2 allocated by existing geometry weights,44.0,13.4112,3.0,0.9144,75.0,297.0388888888889,0.1,0.03048,FAC018,18
Q0000068,nonegu,run1_top20_facility_srcgroup_members_2021.csv,ptnonipm/nonegu_norailyard_2021_POINT_20240502_17may2024_v0.csv,2021hb_cb6_21k/inputs/ptnonipm/nonegu_norailyard_2021_POINT_20240502_17may2024_v0.csv,y2024v0csv_16872411_109767713_113170812_155371714,16872411,LAB CHOCOLATE BAYOU PLANT,48039,2,109767713,113170812,155371714,30181003,SO2,-95.215,29.247221999999997,284746.283935338,3237409.701278693,0.0,0.0017830112450340045,5.129124152534404e-05,0.1905,0.005480044804984779,0.00935963908154333,fixed benzene facility-z/h0 source geometry; facility-total point-ready SO2 allocated by existing geometry weights,48.0,14.630400000000002,3.0,0.9144,73.0,295.92777777777775,0.1,0.03048,FAC018,18
Q0000069,nonegu,run1_top20_facility_srcgroup_members_2021.csv,ptnonipm/nonegu_norailyard_2021_POINT_20240502_17may2024_v0.csv,2021hb_cb6_21k/inputs/ptnonipm/nonegu_norailyard_2021_POINT_20240502_17may2024_v0.csv,y2024v0csv_16872411_109767813_113170912_155371814,16872411,LAB CHOCOLATE BAYOU PLANT,48039,2,109767813,113170912,155371814,30181003,SO2,-95.215278,29.246944,284718.6784426678,3237379.398707224,0.0,0.001366120126590802,3.929868505359094e-05,0.1905,0.005480044804984779,0.007171234260319171,fixed benzene facility-z/h0 source geometry; facility-total point-ready SO2 allocated by existing geometry weights,48.0,14.630400000000002,3.0,0.9144,73.0,295.92777777777775,0.1,0.03048,FAC018,18
Q0000070,nonegu,run1_top20_facility_srcgroup_members_2021.csv,ptnonipm/nonegu_norailyard_2021_POINT_20240502_17may2024_v0.csv,2021hb_cb6_21k/inputs/ptnonipm/nonegu_norailyard_2021_POINT_20240502_17may2024_v0.csv,y2024v0csv_16872411_109769413_113169212_155373514,16872411,LAB CHOCOLATE BAYOU PLANT,48039,2,109769413,113169212,155373514,30190099,SO2,-95.213244,29.249814,284922.40179321344,3237693.7717163456,0.0,1.924112854353242e-05,5.535026063886047e-07,0.1905,0.005480044804984779,0.00010100329944111507,fixed benzene facility-z/h0 source geometry; facility-total point-ready SO2 allocated by existing geometry weights,212.0,64.61760000000001,1.0,0.3048,850.0,727.5944444444444,1.2727,0.38791896,FAC018,18
Q0000071,nonegu,run1_top20_facility_srcgroup_members_2021.csv,ptnonipm/nonegu_norailyard_2021_POINT_20240502_17may2024_v0.csv,2021hb_cb6_21k/inputs/ptnonipm/nonegu_norailyard_2021_POINT_20240502_17may2024_v0.csv,y2024v0csv_16872411_109769513_113169112_155373614,16872411,LAB CHOCOLATE BAYOU PLANT,48039,2,109769513,113169112,155373614,30190099,SO2,-95.213317,29.249783,284915.2410881071,3237690.469704992,0.0,1.924112854353242e-05,5.535026063886047e-07,0.1905,0.005480044804984779,0.00010100329944111507,fixed benzene facility-z/h0 source geometry; facility-total point-ready SO2 allocated by existing geometry weights,212.0,64.61760000000001,1.0,0.3048,850.0,727.5944444444444,1.2727,0.38791896,FAC018,18
Q0000072,nonegu,run1_top20_facility_srcgroup_members_2021.csv,ptnonipm/nonegu_norailyard_2021_POINT_20240502_17may2024_v0.csv,2021hb_cb6_21k/inputs/ptnonipm/nonegu_norailyard_2021_POINT_20240502_17may2024_v0.csv,y2024v0csv_16872411_109769713_113169012_155373814,16872411,LAB CHOCOLATE BAYOU PLANT,48039,2,109769713,113169012,155373814,30190099,SO2,-95.213294,29.249767,284917.4432670679,3237688.654060193,0.0,4.489596660157565e-05,1.2915060815734112e-06,0.1905,0.005480044804984779,0.00023567436536260186,fixed benzene facility-z/h0 source geometry; facility-total point-ready SO2 allocated by existing geometry weights,212.0,64.61760000000001,1.0,0.3048,850.0,727.5944444444444,1.2727,0.38791896,FAC018,18
Q0000073,nonegu,run1_top20_facility_srcgroup_members_2021.csv,ptnonipm/nonegu_norailyard_2021_POINT_20240502_17may2024_v0.csv,2021hb_cb6_21k/inputs/ptnonipm/nonegu_norailyard_2021_POINT_20240502_17may2024_v0.csv,y2024v0csv_16872411_109769913_113174512_155374014,16872411,LAB CHOCOLATE BAYOU PLANT,48039,2,109769913,113174512,155374014,40719601,SO2,-95.213653,29.250914,284884.9486393665,3237816.445546206,0.0,0.01618820281462528,0.00046568019284161285,0.1905,0.005480044804984779,0.08497744259645816,fixed benzene facility-z/h0 source geometry; facility-total point-ready SO2 allocated by existing geometry weights,18.0,5.486400000000001,3.0,0.9144,70.0,294.26111111111106,0.1,0.03048,FAC018,18
Q0000074,nonegu,run1_top20_facility_srcgroup_members_2021.csv,ptnonipm/nonegu_norailyard_2021_POINT_20240502_17may2024_v0.csv,2021hb_cb6_21k/inputs/ptnonipm/nonegu_norailyard_2021_POINT_20240502_17may2024_v0.csv,y2024v0csv_16872411_109770813_113169312_155374914,16872411,LAB CHOCOLATE BAYOU PLANT,48039,2,109770813,113169312,155374914,39999999,SO2,-95.213286,29.249796999999997,284918.2836850736,3237691.964547422,0.0,5.7723385630597275e-05,1.6605078191658144e-06,0.1905,0.005480044804984779,0.00030300989832334526,fixed benzene facility-z/h0 source geometry; facility-total point-ready SO2 allocated by existing geometry weights,212.0,64.61760000000001,1.0,0.3048,850.0,727.5944444444444,1.6969,0.51721512,FAC018,18
Q0000075,nonegu,run1_top20_facility_srcgroup_members_2021.csv,ptnonipm/nonegu_norailyard_2021_POINT_20240502_17may2024_v0.csv,2021hb_cb6_21k/inputs/ptnonipm/nonegu_norailyard_2021_POINT_20240502_17may2024_v0.csv,y2024v0csv_16872411_109771213_113169312_155375314,16872411,LAB CHOCOLATE BAYOU PLANT,48039,2,109771213,113169312,155375314,40799999,SO2,-95.213286,29.249796999999997,284918.2836850736,3237691.964547422,0.0,0.12134738401454448,0.0034907564376241342,0.1905,0.005480044804984779,0.6369941418086325,fixed benzene facility-z/h0 source geometry; facility-total point-ready SO2 allocated by existing geometry weights,212.0,64.61760000000001,1.0,0.3048,850.0,727.5944444444444,1.6969,0.51721512,FAC018,18
Q0000076,nonegu,run1_top20_facility_srcgroup_members_2021.csv,ptnonipm/nonegu_norailyard_2021_POINT_20240502_17may2024_v0.csv,2021hb_cb6_21k/inputs/ptnonipm/nonegu_norailyard_2021_POINT_20240502_17may2024_v0.csv,y2024v0csv_16872411_109771613_113174112_155375914,16872411,LAB CHOCOLATE BAYOU PLANT,48039,2,109771613,113174112,155375914,30199998,SO2,-95.213589,29.250356,284890.001406959,3237754.4798295,0.0,0.0002308935425223891,6.642031276663258e-06,0.1905,0.005480044804984779,0.001212039593293381,fixed benzene facility-z/h0 source geometry; facility-total point-ready SO2 allocated by existing geometry weights,36.0,10.9728,0.25,0.0762,70.0,294.26111111111106,0.1,0.03048,FAC018,18
Q0000077,nonegu,run1_top20_facility_srcgroup_members_2021.csv,ptnonipm/nonegu_norailyard_2021_POINT_20240502_17may2024_v0.csv,2021hb_cb6_21k/inputs/ptnonipm/nonegu_norailyard_2021_POINT_20240502_17may2024_v0.csv,y2024v0csv_16872411_109772313_113169212_155376614,16872411,LAB CHOCOLATE BAYOU PLANT,48039,2,109772313,113169212,155376614,30199998,SO2,-95.213244,29.249814,284922.40179321344,3237693.7717163456,0.0,1.924112854353242e-05,5.535026063886047e-07,0.1905,0.005480044804984779,0.00010100329944111507,fixed benzene facility-z/h0 source geometry; facility-total point-ready SO2 allocated by existing geometry weights,212.0,64.61760000000001,1.0,0.3048,850.0,727.5944444444444,1.2727,0.38791896,FAC018,18
Q0000078,nonegu,run1_top20_facility_srcgroup_members_2021.csv,ptnonipm/nonegu_norailyard_2021_POINT_20240502_17may2024_v0.csv,2021hb_cb6_21k/inputs/ptnonipm/nonegu_norailyard_2021_POINT_20240502_17may2024_v0.csv,y2024v0csv_16872411_109772413_113169112_155376714,16872411,LAB CHOCOLATE BAYOU PLANT,48039,2,109772413,113169112,155376714,30199998,SO2,-95.213317,29.249783,284915.2410881071,3237690.469704992,0.0,1.924112854353242e-05,5.535026063886047e-07,0.1905,0.005480044804984779,0.00010100329944111507,fixed benzene facility-z/h0 source geometry; facility-total point-ready SO2 allocated by existing geometry weights,212.0,64.61760000000001,1.0,0.3048,850.0,727.5944444444444,1.2727,0.38791896,FAC018,18
Q0000079,nonegu,run1_top20_facility_srcgroup_members_2021.csv,ptnonipm/nonegu_norailyard_2021_POINT_20240502_17may2024_v0.csv,2021hb_cb6_21k/inputs/ptnonipm/nonegu_norailyard_2021_POINT_20240502_17may2024_v0.csv,y2024v0csv_16872411_109772513_113169012_155376814,16872411,LAB CHOCOLATE BAYOU PLANT,48039,2,109772513,113169012,155376814,30199998,SO2,-95.213294,29.249767,284917.4432670679,3237688.654060193,0.0,4.489596660157565e-05,1.2915060815734112e-06,0.1905,0.005480044804984779,0.00023567436536260186,fixed benzene facility-z/h0 source geometry; facility-total point-ready SO2 allocated by existing geometry weights,212.0,64.61760000000001,1.0,0.3048,850.0,727.5944444444444,1.2727,0.38791896,FAC018,18
Q0000050,nonegu,run1_top20_facility_srcgroup_members_2021.csv,ptnonipm/nonegu_norailyard_2021_POINT_20240502_17may2024_v0.csv,2021hb_cb6_21k/inputs/ptnonipm/nonegu_norailyard_2021_POINT_20240502_17may2024_v0.csv,y2024v0csv_4762811_106727213_110286312_151145514,4762811,HOUSTON REFINING,48201,2,106727213,110286312,151145514,30609904,SO2,-95.235661,29.716858,283738.084050767,3289503.8052065116,0.0,3.423836354891224,0.09849226577291169,544.3497,15.659111525354453,0.006289773568151547,fixed benzene facility-z/h0 source geometry; facility-total point-ready SO2 allocated by existing geometry weights,8.0,2.4384,4.0,1.2192,1400.0,1033.15,4.0,1.2192,FAC019,19
Q0000051,nonegu,run1_top20_facility_srcgroup_members_2021.csv,ptnonipm/nonegu_norailyard_2021_POINT_20240502_17may2024_v0.csv,2021hb_cb6_21k/inputs/ptnonipm/nonegu_norailyard_2021_POINT_20240502_17may2024_v0.csv,y2024v0csv_4762811_106727313_110286412_151145614,4762811,HOUSTON REFINING,48201,2,106727313,110286412,151145614,30601011,SO2,-95.23495,29.716583,283806.2892670176,3289471.9912665044,0.0,0.20140213852301317,0.0057936626925242166,544.3497,15.659111525354453,0.00036998668047950276,fixed benzene facility-z/h0 source geometry; facility-total point-ready SO2 allocated by existing geometry weights,7.0,2.1336,0.33,0.100584,114.0,318.7055555555555,1.0,0.3048,FAC019,19
Q0000052,nonegu,run1_top20_facility_srcgroup_members_2021.csv,ptnonipm/nonegu_norailyard_2021_POINT_20240502_17may2024_v0.csv,2021hb_cb6_21k/inputs/ptnonipm/nonegu_norailyard_2021_POINT_20240502_17may2024_v0.csv,y2024v0csv_4762811_106727413_110286512_151145714,4762811,HOUSTON REFINING,48201,2,106727413,110286512,151145714,30601011,SO2,-95.235469,29.716772,283756.47712262784,3289493.9128961693,0.0,0.20140213852301317,0.0057936626925242166,544.3497,15.659111525354453,0.00036998668047950276,fixed benzene facility-z/h0 source geometry; facility-total point-ready SO2 allocated by existing geometry weights,7.0,2.1336,0.33,0.100584,114.0,318.7055555555555,1.0,0.3048,FAC019,19
Q0000053,nonegu,run1_top20_facility_srcgroup_members_2021.csv,ptnonipm/nonegu_norailyard_2021_POINT_20240502_17may2024_v0.csv,2021hb_cb6_21k/inputs/ptnonipm/nonegu_norailyard_2021_POINT_20240502_17may2024_v0.csv,y2024v0csv_4762811_106727613_110286712_151145914,4762811,HOUSTON REFINING,48201,2,106727613,110286712,151145914,30601011,SO2,-95.235411,29.716864,283762.28642475593,3289504.00218392,0.0,0.20140213852301317,0.0057936626925242166,544.3497,15.659111525354453,0.00036998668047950276,fixed benzene facility-z/h0 source geometry; facility-total point-ready SO2 allocated by existing geometry weights,5.0,1.524,3.0,0.9144,114.0,318.7055555555555,0.5,0.1524,FAC019,19
Q0000054,nonegu,run1_top20_facility_srcgroup_members_2021.csv,ptnonipm/nonegu_norailyard_2021_POINT_20240502_17may2024_v0.csv,2021hb_cb6_21k/inputs/ptnonipm/nonegu_norailyard_2021_POINT_20240502_17may2024_v0.csv,y2024v0csv_4762811_106727713_110286812_151146014,4762811,HOUSTON REFINING,48201,2,106727713,110286812,151146014,40301019,SO2,-95.244358,29.713028,282888.3307532093,3289095.5786719127,0.0,0.20140213852301317,0.0057936626925242166,544.3497,15.659111525354453,0.00036998668047950276,fixed benzene facility-z/h0 source geometry; facility-total point-ready SO2 allocated by existing geometry weights,22.0,6.7056,3.0,0.9144,80.0,299.81666666666666,0.1,0.03048,FAC019,19
Q0001485,nonegu,run1_top20_facility_srcgroup_members_2021.csv,ptnonipm/nonegu_norailyard_2021_POINT_20240502_17may2024_v0.csv,2021hb_cb6_21k/inputs/ptnonipm/nonegu_norailyard_2021_POINT_20240502_17may2024_v0.csv,y2024v0csv_4762811_31943313_30629812_7460414,4762811,HOUSTON REFINING,48201,2,31943313,30629812,7460414,38500101,SO2,-95.23305,29.72235,284002.48756536643,3290107.6879013083,0.0,4.75309046914311,0.1367304395435715,544.3497,15.659111525354453,0.008731685659316264,fixed benzene facility-z/h0 source geometry; facility-total point-ready SO2 allocated by existing geometry weights,20.0,6.096,10.0,3.048,80.0,299.81666666666666,15.0,4.572,FAC019,19
Q0001486,nonegu,run1_top20_facility_srcgroup_members_2021.csv,ptnonipm/nonegu_norailyard_2021_POINT_20240502_17may2024_v0.csv,2021hb_cb6_21k/inputs/ptnonipm/nonegu_norailyard_2021_POINT_20240502_17may2024_v0.csv,y2024v0csv_4762811_31943513_30589012_7460214,4762811,HOUSTON REFINING,48201,2,31943513,30589012,7460214,40301109,SO2,-95.237331,29.712472,283567.08302271226,3289020.7603160935,0.0,2.275844165310049,0.06546838842552365,544.3497,15.659111525354453,0.004180849489418381,fixed benzene facility-z/h0 source geometry; facility-total point-ready SO2 allocated by existing geometry weights,40.0,12.192,3.0,0.9144,78.0,298.7055555555555,0.1,0.03048,FAC019,19
Q0001487,nonegu,run1_top20_facility_srcgroup_members_2021.csv,ptnonipm/nonegu_norailyard_2021_POINT_20240502_17may2024_v0.csv,2021hb_cb6_21k/inputs/ptnonipm/nonegu_norailyard_2021_POINT_20240502_17may2024_v0.csv,y2024v0csv_4762811_31943613_30607312_7460114,4762811,HOUSTON REFINING,48201,2,31943613,30607312,7460114,40301109,SO2,-95.237142,29.713358000000003,283587.27273966384,3289118.616246232,0.0,2.2154235237531448,0.06373028961776638,544.3497,15.659111525354453,0.00406985348527453,fixed benzene facility-z/h0 source geometry; facility-total point-ready SO2 allocated by existing geometry weights,40.0,12.192,3.0,0.9144,78.0,298.7055555555555,0.1,0.03048,FAC019,19
Q0001488,nonegu,run1_top20_facility_srcgroup_members_2021.csv,ptnonipm/nonegu_norailyard_2021_POINT_20240502_17may2024_v0.csv,2021hb_cb6_21k/inputs/ptnonipm/nonegu_norailyard_2021_POINT_20240502_17may2024_v0.csv,y2024v0csv_4762811_31943813_30570412_7459914,4762811,HOUSTON REFINING,48201,2,31943813,30570412,7459914,40388801,SO2,-95.23605,29.711603000000004,283689.17129980144,3288922.0351246824,0.0,1.147992189581175,0.033023877347388035,544.3497,15.659111525354453,0.0021089240787331657,fixed benzene facility-z/h0 source geometry; facility-total point-ready SO2 allocated by existing geometry weights,40.0,12.192,3.0,0.9144,78.0,298.7055555555555,0.1,0.03048,FAC019,19
Q0001489,nonegu,run1_top20_facility_srcgroup_members_2021.csv,ptnonipm/nonegu_norailyard_2021_POINT_20240502_17may2024_v0.csv,2021hb_cb6_21k/inputs/ptnonipm/nonegu_norailyard_2021_POINT_20240502_17may2024_v0.csv,y2024v0csv_4762811_31943913_30628212_7569914,4762811,HOUSTON REFINING,48201,3,31943913,30628212,7569914,40301199,SO2,-95.237411,29.716289,283567.5359172046,3289444.0116596166,0.0,0.8458889817966553,0.024333383308601707,544.3497,15.659111525354453,0.0015539440580139114,fixed benzene facility-z/h0 source geometry; facility-total point-ready SO2 allocated by existing geometry weights,48.0,14.630400000000002,3.0,0.9144,70.0,294.26111111111106,0.1,0.03048,FAC019,19
Q0001490,nonegu,run1_top20_facility_srcgroup_members_2021.csv,ptnonipm/nonegu_norailyard_2021_POINT_20240502_17may2024_v0.csv,2021hb_cb6_21k/inputs/ptnonipm/nonegu_norailyard_2021_POINT_20240502_17may2024_v0.csv,y2024v0csv_4762811_31944213_30632912_7569614,4762811,HOUSTON REFINING,48201,3,31944213,30632912,7569614,40301104,SO2,-95.229064,29.718572,284380.06202267937,3289681.4610876455,0.0,0.02014021385230132,0.0005793662692524218,544.3497,15.659111525354453,3.699866804795028e-05,fixed benzene facility-z/h0 source geometry; facility-total point-ready SO2 allocated by existing geometry weights,48.0,14.630400000000002,3.0,0.9144,85.0,302.59444444444443,0.1,0.03048,FAC019,19
Q0001491,nonegu,run1_top20_facility_srcgroup_members_2021.csv,ptnonipm/nonegu_norailyard_2021_POINT_20240502_17may2024_v0.csv,2021hb_cb6_21k/inputs/ptnonipm/nonegu_norailyard_2021_POINT_20240502_17may2024_v0.csv,y2024v0csv_4762811_31944713_30628112_7569114,4762811,HOUSTON REFINING,48201,3,31944713,30628112,7569114,40301102,SO2,-95.235147,29.715639000000003,283785.2033692759,3289367.7209247975,0.0,35.36621552464111,1.0173671688072525,544.3497,15.659111525354453,0.06496966109220069,fixed benzene facility-z/h0 source geometry; facility-total point-ready SO2 allocated by existing geometry weights,48.0,14.630400000000002,3.0,0.9144,80.0,299.81666666666666,0.1,0.03048,FAC019,19
Q0001492,nonegu,run1_top20_facility_srcgroup_members_2021.csv,ptnonipm/nonegu_norailyard_2021_POINT_20240502_17may2024_v0.csv,2021hb_cb6_21k/inputs/ptnonipm/nonegu_norailyard_2021_POINT_20240502_17may2024_v0.csv,y2024v0csv_4762811_31945213_30603212_7568614,4762811,HOUSTON REFINING,48201,3,31945213,30603212,7568614,40388801,SO2,-95.229392,29.706408000000003,284322.3090522176,3288333.739673093,0.0,0.8257487679443541,0.02375401703934929,544.3497,15.659111525354453,0.0015169453899659614,fixed benzene facility-z/h0 source geometry; facility-total point-ready SO2 allocated by existing geometry weights,48.0,14.630400000000002,3.0,0.9144,86.0,303.15,0.1,0.03048,FAC019,19
Q0001493,nonegu,run1_top20_facility_srcgroup_members_2021.csv,ptnonipm/nonegu_norailyard_2021_POINT_20240502_17may2024_v0.csv,2021hb_cb6_21k/inputs/ptnonipm/nonegu_norailyard_2021_POINT_20240502_17may2024_v0.csv,y2024v0csv_4762811_31945313_30609612_7568514,4762811,HOUSTON REFINING,48201,3,31945313,30609612,7568514,40301109,SO2,-95.229275,29.718778000000004,284360.0871370881,3289704.689398211,0.0,0.04028042770460264,0.0011587325385048436,544.3497,15.659111525354453,7.399733609590056e-05,fixed benzene facility-z/h0 source geometry; facility-total point-ready SO2 allocated by existing geometry weights,48.0,14.630400000000002,3.0,0.9144,85.0,302.59444444444443,0.1,0.03048,FAC019,19
Q0001494,nonegu,run1_top20_facility_srcgroup_members_2021.csv,ptnonipm/nonegu_norailyard_2021_POINT_20240502_17may2024_v0.csv,2021hb_cb6_21k/inputs/ptnonipm/nonegu_norailyard_2021_POINT_20240502_17may2024_v0.csv,y2024v0csv_4762811_31945413_30583912_7568414,4762811,HOUSTON REFINING,48201,2,31945413,30583912,7568414,30688801,SO2,-95.235739,29.715217,283727.0166809452,3289322.0520752086,0.0,0.16112171081841056,0.004634930154019374,544.3497,15.659111525354453,0.00029598934438360223,fixed benzene facility-z/h0 source geometry; facility-total point-ready SO2 allocated by existing geometry weights,48.0,14.630400000000002,3.0,0.9144,85.0,302.59444444444443,0.1,0.03048,FAC019,19
Q0001495,nonegu,run1_top20_facility_srcgroup_members_2021.csv,ptnonipm/nonegu_norailyard_2021_POINT_20240502_17may2024_v0.csv,2021hb_cb6_21k/inputs/ptnonipm/nonegu_norailyard_2021_POINT_20240502_17may2024_v0.csv,y2024v0csv_4762811_31945513_30583412_7568314,4762811,HOUSTON REFINING,48201,3,31945513,30583412,7568314,40388801,SO2,-95.232781,29.70535,283992.0967134581,3288222.7958659357,0.0,0.8458889817966553,0.024333383308601707,544.3497,15.659111525354453,0.0015539440580139114,fixed benzene facility-z/h0 source geometry; facility-total point-ready SO2 allocated by existing geometry weights,48.0,14.630400000000002,3.0,0.9144,69.0,293.7055555555555,0.1,0.03048,FAC019,19
Q0001496,nonegu,run1_top20_facility_srcgroup_members_2021.csv,ptnonipm/nonegu_norailyard_2021_POINT_20240502_17may2024_v0.csv,2021hb_cb6_21k/inputs/ptnonipm/nonegu_norailyard_2021_POINT_20240502_17may2024_v0.csv,y2024v0csv_4762811_31945813_30610912_7567714,4762811,HOUSTON REFINING,48201,3,31945813,30610912,7567714,40388801,SO2,-95.240006,29.705383,283293.0108185266,3288239.983929596,0.0,2.1751430960485427,0.06257155707926156,544.3497,15.659111525354453,0.00399585614917863,fixed benzene facility-z/h0 source geometry; facility-total point-ready SO2 allocated by existing geometry weights,64.0,19.5072,3.0,0.9144,100.0,310.92777777777775,0.1,0.03048,FAC019,19
Q0001497,nonegu,run1_top20_facility_srcgroup_members_2021.csv,ptnonipm/nonegu_norailyard_2021_POINT_20240502_17may2024_v0.csv,2021hb_cb6_21k/inputs/ptnonipm/nonegu_norailyard_2021_POINT_20240502_17may2024_v0.csv,y2024v0csv_4762811_31946413_30619812_7567114,4762811,HOUSTON REFINING,48201,2,31946413,30619812,7567114,40301102,SO2,-95.235764,29.714097,283722.19516174844,3289197.9507723395,0.0,25.215547743081252,0.725366569104032,544.3497,15.659111525354453,0.04632233239603375,fixed benzene facility-z/h0 source geometry; facility-total point-ready SO2 allocated by existing geometry weights,48.0,14.630400000000002,3.0,0.9144,78.0,298.7055555555555,0.1,0.03048,FAC019,19
Q0001498,nonegu,run1_top20_facility_srcgroup_members_2021.csv,ptnonipm/nonegu_norailyard_2021_POINT_20240502_17may2024_v0.csv,2021hb_cb6_21k/inputs/ptnonipm/nonegu_norailyard_2021_POINT_20240502_17may2024_v0.csv,y2024v0csv_4762811_31946513_30588712_7567014,4762811,HOUSTON REFINING,48201,2,31946513,30588712,7567014,40301102,SO2,-95.236014,29.714089,283697.9878282845,3289197.532149322,0.0,25.69891287553648,0.73927135956609,544.3497,15.659111525354453,0.047210300429184546,fixed benzene facility-z/h0 source geometry; facility-total point-ready SO2 allocated by existing geometry weights,48.0,14.630400000000002,3.0,0.9144,78.0,298.7055555555555,0.1,0.03048,FAC019,19
Q0001499,nonegu,run1_top20_facility_srcgroup_members_2021.csv,ptnonipm/nonegu_norailyard_2021_POINT_20240502_17may2024_v0.csv,2021hb_cb6_21k/inputs/ptnonipm/nonegu_norailyard_2021_POINT_20240502_17may2024_v0.csv,y2024v0csv_4762811_31947813_30635412_7562114,4762811,HOUSTON REFINING,48201,2,31947813,30635412,7562114,40301150,SO2,-95.235147,29.715639000000003,283785.2033692759,3289367.7209247975,0.0,0.14098149696610923,0.004055563884766952,544.3497,15.659111525354453,0.00025899067633565194,fixed benzene facility-z/h0 source geometry; facility-total point-ready SO2 allocated by existing geometry weights,48.0,14.630400000000002,1.0,0.3048,77.0,298.15,0.1,0.03048,FAC019,19
Q0001500,nonegu,run1_top20_facility_srcgroup_members_2021.csv,ptnonipm/nonegu_norailyard_2021_POINT_20240502_17may2024_v0.csv,2021hb_cb6_21k/inputs/ptnonipm/nonegu_norailyard_2021_POINT_20240502_17may2024_v0.csv,y2024v0csv_4762811_31950913_30638112_7558814,4762811,HOUSTON REFINING,48201,2,31950913,30638112,7558814,38500101,SO2,-95.242033,29.7136,283114.532707902,3289154.6150713167,0.0,1.0271509064673672,0.029547679731873507,544.3497,15.659111525354453,0.0018869320704454642,fixed benzene facility-z/h0 source geometry; facility-total point-ready SO2 allocated by existing geometry weights,20.0,6.096,10.0,3.048,80.0,299.81666666666666,15.0,4.572,FAC019,19
Q0001501,nonegu,run1_top20_facility_srcgroup_members_2021.csv,ptnonipm/nonegu_norailyard_2021_POINT_20240502_17may2024_v0.csv,2021hb_cb6_21k/inputs/ptnonipm/nonegu_norailyard_2021_POINT_20240502_17may2024_v0.csv,y2024v0csv_4762811_31952613_30604012_7557114,4762811,HOUSTON REFINING,48201,3,31952613,30604012,7557114,40388801,SO2,-95.233611,29.706003000000003,283913.17746726633,3288296.73061347,0.0,1.3091139003995855,0.037658807501407404,544.3497,15.659111525354453,0.0024049134231167676,fixed benzene facility-z/h0 source geometry; facility-total point-ready SO2 allocated by existing geometry weights,48.0,14.630400000000002,3.0,0.9144,84.0,302.0388888888889,0.1,0.03048,FAC019,19
Q0001502,nonegu,run1_top20_facility_srcgroup_members_2021.csv,ptnonipm/nonegu_norailyard_2021_POINT_20240502_17may2024_v0.csv,2021hb_cb6_21k/inputs/ptnonipm/nonegu_norailyard_2021_POINT_20240502_17may2024_v0.csv,y2024v0csv_4762811_31954113_30643912_7555414,4762811,HOUSTON REFINING,48201,2,31954113,30643912,7555414,38500101,SO2,-95.230178,29.711933,284258.0696139206,3288947.63274328,0.0,9.667302649104633,0.27809580924116245,544.3497,15.659111525354453,0.017759360663016133,fixed benzene facility-z/h0 source geometry; facility-total point-ready SO2 allocated by existing geometry weights,20.0,6.096,10.0,3.048,80.0,299.81666666666666,15.0,4.572,FAC019,19
Q0001503,nonegu,run1_top20_facility_srcgroup_members_2021.csv,ptnonipm/nonegu_norailyard_2021_POINT_20240502_17may2024_v0.csv,2021hb_cb6_21k/inputs/ptnonipm/nonegu_norailyard_2021_POINT_20240502_17may2024_v0.csv,y2024v0csv_4762811_31954213_30606112_7555314,4762811,HOUSTON REFINING,48201,3,31954213,30606112,7555314,40388801,SO2,-95.238767,29.705511,283413.182694576,3288251.8489184817,0.0,0.7653281263874501,0.022015918231592022,544.3497,15.659111525354453,0.0014059493858221105,fixed benzene facility-z/h0 source geometry; facility-total point-ready SO2 allocated by existing geometry weights,48.0,14.630400000000002,3.0,0.9144,108.0,315.3722222222222,0.1,0.03048,FAC019,19
Q0001504,nonegu,run1_top20_facility_srcgroup_members_2021.csv,ptnonipm/nonegu_norailyard_2021_POINT_20240502_17may2024_v0.csv,2021hb_cb6_21k/inputs/ptnonipm/nonegu_norailyard_2021_POINT_20240502_17may2024_v0.csv,y2024v0csv_4762811_31954313_30623112_7555214,4762811,HOUSTON REFINING,48201,3,31954313,30623112,7555214,40388801,SO2,-95.237586,29.704833,283526.01174678863,3288174.481602029,0.0,1.8126192467071183,0.05214296423271794,544.3497,15.659111525354453,0.0033298801243155244,fixed benzene facility-z/h0 source geometry; facility-total point-ready SO2 allocated by existing geometry weights,48.0,14.630400000000002,3.0,0.9144,60.0,288.7055555555555,0.1,0.03048,FAC019,19
Q0001505,nonegu,run1_top20_facility_srcgroup_members_2021.csv,ptnonipm/nonegu_norailyard_2021_POINT_20240502_17may2024_v0.csv,2021hb_cb6_21k/inputs/ptnonipm/nonegu_norailyard_2021_POINT_20240502_17may2024_v0.csv,y2024v0csv_4762811_31954613_30621212_7554914,4762811,HOUSTON REFINING,48201,3,31954613,30621212,7554914,40388801,SO2,-95.234356,29.705114,283839.1797388067,3288199.581870356,0.0,0.18126192467071184,0.005214296423271795,544.3497,15.659111525354453,0.00033298801243155247,fixed benzene facility-z/h0 source geometry; facility-total point-ready SO2 allocated by existing geometry weights,48.0,14.630400000000002,3.0,0.9144,78.0,298.7055555555555,0.1,0.03048,FAC019,19
Q0001506,nonegu,run1_top20_facility_srcgroup_members_2021.csv,ptnonipm/nonegu_norailyard_2021_POINT_20240502_17may2024_v0.csv,2021hb_cb6_21k/inputs/ptnonipm/nonegu_norailyard_2021_POINT_20240502_17may2024_v0.csv,y2024v0csv_4762811_31958513_30632112_6272514,4762811,HOUSTON REFINING,48201,2,31958513,30632112,6272514,30600104,SO2,-95.231414,29.713292,284141.38039721735,3289100.582057721,0.0,0.08056085540920528,0.002317465077009687,544.3497,15.659111525354453,0.00014799467219180112,fixed benzene facility-z/h0 source geometry; facility-total point-ready SO2 allocated by existing geometry weights,121.0,36.8808,5.0,1.524,691.0,639.2611111111111,22.4,6.82752,FAC019,19
Q0001507,nonegu,run1_top20_facility_srcgroup_members_2021.csv,ptnonipm/nonegu_norailyard_2021_POINT_20240502_17may2024_v0.csv,2021hb_cb6_21k/inputs/ptnonipm/nonegu_norailyard_2021_POINT_20240502_17may2024_v0.csv,y2024v0csv_4762811_31958713_30574712_6272314,4762811,HOUSTON REFINING,48201,2,31958713,30574712,6272314,30600104,SO2,-95.233594,29.7156,283935.38674904127,3289360.4916557265,0.0,0.3423836354891224,0.009849226577291169,544.3497,15.659111525354453,0.0006289773568151546,fixed benzene facility-z/h0 source geometry; facility-total point-ready SO2 allocated by existing geometry weights,180.0,54.864,10.75,3.2766,360.0,455.3722222222222,9.7,2.95656,FAC019,19
Q0001508,nonegu,run1_top20_facility_srcgroup_members_2021.csv,ptnonipm/nonegu_norailyard_2021_POINT_20240502_17may2024_v0.csv,2021hb_cb6_21k/inputs/ptnonipm/nonegu_norailyard_2021_POINT_20240502_17may2024_v0.csv,y2024v0csv_4762811_31959613_30574812_6271314,4762811,HOUSTON REFINING,48201,2,31959613,30574812,6271314,30600104,SO2,-95.232967,29.715678000000004,283996.22185106104,3289367.964895433,0.0,0.3222434216368211,0.009269860308038749,544.3497,15.659111525354453,0.0005919786887672045,fixed benzene facility-z/h0 source geometry; facility-total point-ready SO2 allocated by existing geometry weights,190.0,57.912000000000006,9.5,2.8956,326.0,436.48333333333335,11.0,3.3528,FAC019,19
Q0001509,nonegu,run1_top20_facility_srcgroup_members_2021.csv,ptnonipm/nonegu_norailyard_2021_POINT_20240502_17may2024_v0.csv,2021hb_cb6_21k/inputs/ptnonipm/nonegu_norailyard_2021_POINT_20240502_17may2024_v0.csv,y2024v0csv_4762811_31960113_30632012_6270814,4762811,HOUSTON REFINING,48201,2,31960113,30632012,6270814,30600104,SO2,-95.23185,29.710003000000004,284092.1502045342,3288736.8233329253,0.0,0.08056085540920528,0.002317465077009687,544.3497,15.659111525354453,0.00014799467219180112,fixed benzene facility-z/h0 source geometry; facility-total point-ready SO2 allocated by existing geometry weights,130.0,39.624,8.5,2.5908,825.0,713.7055555555555,15.6,4.75488,FAC019,19
Q0001510,nonegu,run1_top20_facility_srcgroup_members_2021.csv,ptnonipm/nonegu_norailyard_2021_POINT_20240502_17may2024_v0.csv,2021hb_cb6_21k/inputs/ptnonipm/nonegu_norailyard_2021_POINT_20240502_17may2024_v0.csv,y2024v0csv_4762811_31960613_30588012_6270314,4762811,HOUSTON REFINING,48201,2,31960613,30588012,6270314,30600104,SO2,-95.23335,29.715667,283959.13955503237,3289367.4619350415,0.0,0.30210320778451977,0.008690494038786327,544.3497,15.659111525354453,0.0005549800207192542,fixed benzene facility-z/h0 source geometry; facility-total point-ready SO2 allocated by existing geometry weights,190.0,57.912000000000006,9.5,2.8956,294.0,418.7055555555555,10.5,3.2004,FAC019,19
Q0001511,nonegu,run1_top20_facility_srcgroup_members_2021.csv,ptnonipm/nonegu_norailyard_2021_POINT_20240502_17may2024_v0.csv,2021hb_cb6_21k/inputs/ptnonipm/nonegu_norailyard_2021_POINT_20240502_17may2024_v0.csv,y2024v0csv_4762811_31961413_30632212_6269514,4762811,HOUSTON REFINING,48201,2,31961413,30632212,6269514,30600104,SO2,-95.231414,29.713256,284141.30332686147,3289096.5915893214,0.0,0.08056085540920528,0.002317465077009687,544.3497,15.659111525354453,0.00014799467219180112,fixed benzene facility-z/h0 source geometry; facility-total point-ready SO2 allocated by existing geometry weights,122.0,37.1856,6.0,1.8288,615.0,597.0388888888889,12.4,3.77952,FAC019,19
Q0001512,nonegu,run1_top20_facility_srcgroup_members_2021.csv,ptnonipm/nonegu_norailyard_2021_POINT_20240502_17may2024_v0.csv,2021hb_cb6_21k/inputs/ptnonipm/nonegu_norailyard_2021_POINT_20240502_17may2024_v0.csv,y2024v0csv_4762811_31961713_30624412_6269214,4762811,HOUSTON REFINING,48201,2,31961713,30624412,6269214,30600104,SO2,-95.231658,29.714939,284121.29708359076,3289283.602037199,0.0,0.06042064155690395,0.001738098807757265,544.3497,15.659111525354453,0.00011099600414385082,fixed benzene facility-z/h0 source geometry; facility-total point-ready SO2 allocated by existing geometry weights,120.0,36.576,6.5,1.9812,600.0,588.7055555555555,18.0,5.486400000000001,FAC019,19
Q0001513,nonegu,run1_top20_facility_srcgroup_members_2021.csv,ptnonipm/nonegu_norailyard_2021_POINT_20240502_17may2024_v0.csv,2021hb_cb6_21k/inputs/ptnonipm/nonegu_norailyard_2021_POINT_20240502_17may2024_v0.csv,y2024v0csv_4762811_31961913_30570512_6269014,4762811,HOUSTON REFINING,48201,2,31961913,30570512,6269014,30600104,SO2,-95.242908,29.712944,283028.45485682995,3289083.542915036,0.0,0.2416825662276158,0.00695239523102906,544.3497,15.659111525354453,0.0004439840165754033,fixed benzene facility-z/h0 source geometry; facility-total point-ready SO2 allocated by existing geometry weights,197.0,60.0456,11.3,3.44424,475.0,519.2611111111111,13.4,4.08432,FAC019,19
Q0001514,nonegu,run1_top20_facility_srcgroup_members_2021.csv,ptnonipm/nonegu_norailyard_2021_POINT_20240502_17may2024_v0.csv,2021hb_cb6_21k/inputs/ptnonipm/nonegu_norailyard_2021_POINT_20240502_17may2024_v0.csv,y2024v0csv_4762811_31962213_30603012_6268714,4762811,HOUSTON REFINING,48201,2,31962213,30603012,6268714,30600104,SO2,-95.231564,29.711106,284122.186156936,3288858.552300595,0.0,0.08056085540920528,0.002317465077009687,544.3497,15.659111525354453,0.00014799467219180112,fixed benzene facility-z/h0 source geometry; facility-total point-ready SO2 allocated by existing geometry weights,161.0,49.0728,6.5,1.9812,700.0,644.2611111111111,17.4,5.30352,FAC019,19
Q0001515,nonegu,run1_top20_facility_srcgroup_members_2021.csv,ptnonipm/nonegu_norailyard_2021_POINT_20240502_17may2024_v0.csv,2021hb_cb6_21k/inputs/ptnonipm/nonegu_norailyard_2021_POINT_20240502_17may2024_v0.csv,y2024v0csv_4762811_31962713_30569312_6225814,4762811,HOUSTON REFINING,48201,2,31962713,30569312,6225814,30600104,SO2,-95.243117,29.712953,283008.25096062315,3289084.933148767,0.0,0.2215423523753145,0.0063730289617766386,544.3497,15.659111525354453,0.00040698534852745305,fixed benzene facility-z/h0 source geometry; facility-total point-ready SO2 allocated by existing geometry weights,197.0,60.0456,11.3,3.44424,475.0,519.2611111111111,13.4,4.08432,FAC019,19
Q0001516,nonegu,run1_top20_facility_srcgroup_members_2021.csv,ptnonipm/nonegu_norailyard_2021_POINT_20240502_17may2024_v0.csv,2021hb_cb6_21k/inputs/ptnonipm/nonegu_norailyard_2021_POINT_20240502_17may2024_v0.csv,y2024v0csv_4762811_31962813_64941812_97892614,4762811,HOUSTON REFINING,48201,2,31962813,64941812,97892614,30600104,SO2,-95.231994,29.71,284078.20969518635,3288736.759945885,0.0,0.04028042770460264,0.0011587325385048436,544.3497,15.659111525354453,7.399733609590056e-05,fixed benzene facility-z/h0 source geometry; facility-total point-ready SO2 allocated by existing geometry weights,130.0,39.624,8.5,2.5908,825.0,713.7055555555555,15.6,4.75488,FAC019,19
Q0001517,nonegu,run1_top20_facility_srcgroup_members_2021.csv,ptnonipm/nonegu_norailyard_2021_POINT_20240502_17may2024_v0.csv,2021hb_cb6_21k/inputs/ptnonipm/nonegu_norailyard_2021_POINT_20240502_17may2024_v0.csv,y2024v0csv_4762811_31962913_30601712_6225614,4762811,HOUSTON REFINING,48201,2,31962913,30601712,6225614,30600104,SO2,-95.231617,29.714578000000003,284124.4912824874,3289243.509864843,0.0,0.02014021385230132,0.0005793662692524218,544.3497,15.659111525354453,3.699866804795028e-05,fixed benzene facility-z/h0 source geometry; facility-total point-ready SO2 allocated by existing geometry weights,110.0,33.528,5.0,1.524,600.0,588.7055555555555,31.9,9.72312,FAC019,19
Q0001518,nonegu,run1_top20_facility_srcgroup_members_2021.csv,ptnonipm/nonegu_norailyard_2021_POINT_20240502_17may2024_v0.csv,2021hb_cb6_21k/inputs/ptnonipm/nonegu_norailyard_2021_POINT_20240502_17may2024_v0.csv,y2024v0csv_4762811_31963113_30609212_6225414,4762811,HOUSTON REFINING,48201,2,31963113,30609212,6225414,30600104,SO2,-95.233486,29.711031,283936.046114058,3288853.8323057783,0.0,0.02014021385230132,0.0005793662692524218,544.3497,15.659111525354453,3.699866804795028e-05,fixed benzene facility-z/h0 source geometry; facility-total point-ready SO2 allocated by existing geometry weights,115.0,35.052,3.25,0.9906,865.0,735.9277777777777,29.5,8.9916,FAC019,19
Q0001519,nonegu,run1_top20_facility_srcgroup_members_2021.csv,ptnonipm/nonegu_norailyard_2021_POINT_20240502_17may2024_v0.csv,2021hb_cb6_21k/inputs/ptnonipm/nonegu_norailyard_2021_POINT_20240502_17may2024_v0.csv,y2024v0csv_4762811_31964413_30582312_6224114,4762811,HOUSTON REFINING,48201,3,31964413,30582312,6224114,40388801,SO2,-95.232203,29.706028000000003,284049.48084879306,3288296.8691166216,0.0,0.8458889817966553,0.024333383308601707,544.3497,15.659111525354453,0.0015539440580139114,fixed benzene facility-z/h0 source geometry; facility-total point-ready SO2 allocated by existing geometry weights,48.0,14.630400000000002,3.0,0.9144,82.0,300.92777777777775,0.1,0.03048,FAC019,19
Q0001520,nonegu,run1_top20_facility_srcgroup_members_2021.csv,ptnonipm/nonegu_norailyard_2021_POINT_20240502_17may2024_v0.csv,2021hb_cb6_21k/inputs/ptnonipm/nonegu_norailyard_2021_POINT_20240502_17may2024_v0.csv,y2024v0csv_4762811_31964513_30581812_6223914,4762811,HOUSTON REFINING,48201,2,31964513,30581812,6223914,40899997,SO2,-95.234056,29.718664,283897.25211502623,3289700.989702254,0.0,0.02014021385230132,0.0005793662692524218,544.3497,15.659111525354453,3.699866804795028e-05,fixed benzene facility-z/h0 source geometry; facility-total point-ready SO2 allocated by existing geometry weights,71.0,21.6408,11.5,3.5052000000000003,1600.0,1144.261111111111,56.3,17.16024,FAC019,19
Q0001521,nonegu,run1_top20_facility_srcgroup_members_2021.csv,ptnonipm/nonegu_norailyard_2021_POINT_20240502_17may2024_v0.csv,2021hb_cb6_21k/inputs/ptnonipm/nonegu_norailyard_2021_POINT_20240502_17may2024_v0.csv,y2024v0csv_4762811_31965513_30609812_6222614,4762811,HOUSTON REFINING,48201,3,31965513,30609812,6222614,40301199,SO2,-95.237431,29.716983000000003,283567.0906571916,3289520.9766965094,0.0,0.8056085540920527,0.023174650770096866,544.3497,15.659111525354453,0.001479946721918011,fixed benzene facility-z/h0 source geometry; facility-total point-ready SO2 allocated by existing geometry weights,48.0,14.630400000000002,3.0,0.9144,70.0,294.26111111111106,0.1,0.03048,FAC019,19
Q0001522,nonegu,run1_top20_facility_srcgroup_members_2021.csv,ptnonipm/nonegu_norailyard_2021_POINT_20240502_17may2024_v0.csv,2021hb_cb6_21k/inputs/ptnonipm/nonegu_norailyard_2021_POINT_20240502_17may2024_v0.csv,y2024v0csv_4762811_31965613_30590512_6222514,4762811,HOUSTON REFINING,48201,3,31965613,30590512,6222514,40400151,SO2,-95.235081,29.707883,283774.95853154117,3288507.8721929416,0.0,2.3564050207192544,0.06778585350253334,544.3497,15.659111525354453,0.004328844161610183,fixed benzene facility-z/h0 source geometry; facility-total point-ready SO2 allocated by existing geometry weights,40.0,12.192,3.0,0.9144,68.0,293.15,0.1,0.03048,FAC019,19
Q0001523,nonegu,run1_top20_facility_srcgroup_members_2021.csv,ptnonipm/nonegu_norailyard_2021_POINT_20240502_17may2024_v0.csv,2021hb_cb6_21k/inputs/ptnonipm/nonegu_norailyard_2021_POINT_20240502_17may2024_v0.csv,y2024v0csv_4762811_31965713_30624912_6222414,4762811,HOUSTON REFINING,48201,3,31965713,30624912,6222414,40400151,SO2,-95.236064,29.707714000000003,283679.47442250967,3288490.9794091457,0.0,2.0543018129347344,0.05909535946374701,544.3497,15.659111525354453,0.0037738641408909283,fixed benzene facility-z/h0 source geometry; facility-total point-ready SO2 allocated by existing geometry weights,40.0,12.192,3.0,0.9144,68.0,293.15,0.1,0.03048,FAC019,19
Q0001524,nonegu,run1_top20_facility_srcgroup_members_2021.csv,ptnonipm/nonegu_norailyard_2021_POINT_20240502_17may2024_v0.csv,2021hb_cb6_21k/inputs/ptnonipm/nonegu_norailyard_2021_POINT_20240502_17may2024_v0.csv,y2024v0csv_4762811_31965813_30609112_6222314,4762811,HOUSTON REFINING,48201,3,31965813,30609112,6222314,40301111,SO2,-95.236028,29.713503000000003,283695.3760255175,3289132.602300579,0.0,0.6646270571259435,0.019119086885329917,544.3497,15.659111525354453,0.001220956045582359,fixed benzene facility-z/h0 source geometry; facility-total point-ready SO2 allocated by existing geometry weights,48.0,14.630400000000002,3.0,0.9144,68.0,293.15,0.1,0.03048,FAC019,19
Q0001525,nonegu,run1_top20_facility_srcgroup_members_2021.csv,ptnonipm/nonegu_norailyard_2021_POINT_20240502_17may2024_v0.csv,2021hb_cb6_21k/inputs/ptnonipm/nonegu_norailyard_2021_POINT_20240502_17may2024_v0.csv,y2024v0csv_4762811_31965913_30607412_6222214,4762811,HOUSTON REFINING,48201,3,31965913,30607412,6222214,40301099,SO2,-95.230467,29.719833,284247.0120548598,3289823.8586755865,0.0,0.02014021385230132,0.0005793662692524218,544.3497,15.659111525354453,3.699866804795028e-05,fixed benzene facility-z/h0 source geometry; facility-total point-ready SO2 allocated by existing geometry weights,40.0,12.192,3.0,0.9144,60.0,288.7055555555555,0.1,0.03048,FAC019,19
Q0001526,nonegu,run1_top20_facility_srcgroup_members_2021.csv,ptnonipm/nonegu_norailyard_2021_POINT_20240502_17may2024_v0.csv,2021hb_cb6_21k/inputs/ptnonipm/nonegu_norailyard_2021_POINT_20240502_17may2024_v0.csv,y2024v0csv_4762811_31966213_30609912_6221914,4762811,HOUSTON REFINING,48201,3,31966213,30609912,6221914,40301199,SO2,-95.240886,29.709317,283216.3102653527,3288677.7055118885,0.0,0.5437857740121357,0.01564288926981539,544.3497,15.659111525354453,0.0009989640372946576,fixed benzene facility-z/h0 source geometry; facility-total point-ready SO2 allocated by existing geometry weights,40.0,12.192,3.0,0.9144,76.0,297.59444444444443,0.1,0.03048,FAC019,19
Q0001527,nonegu,run1_top20_facility_srcgroup_members_2021.csv,ptnonipm/nonegu_norailyard_2021_POINT_20240502_17may2024_v0.csv,2021hb_cb6_21k/inputs/ptnonipm/nonegu_norailyard_2021_POINT_20240502_17may2024_v0.csv,y2024v0csv_4762811_31967013_30581812_7325314,4762811,HOUSTON REFINING,48201,2,31967013,30581812,7325314,40899997,SO2,-95.234056,29.718664,283897.25211502623,3289700.989702254,0.0,3.4439765687435253,0.09907163204216411,544.3497,15.659111525354453,0.006326772236199497,fixed benzene facility-z/h0 source geometry; facility-total point-ready SO2 allocated by existing geometry weights,71.0,21.6408,11.5,3.5052000000000003,1600.0,1144.261111111111,56.3,17.16024,FAC019,19
Q0001528,nonegu,run1_top20_facility_srcgroup_members_2021.csv,ptnonipm/nonegu_norailyard_2021_POINT_20240502_17may2024_v0.csv,2021hb_cb6_21k/inputs/ptnonipm/nonegu_norailyard_2021_POINT_20240502_17may2024_v0.csv,y2024v0csv_4762811_31967213_30584612_7325114,4762811,HOUSTON REFINING,48201,3,31967213,30584612,7325114,40388801,SO2,-95.236969,29.705694,283587.56601916184,3288268.764501524,0.0,0.9264498372058606,0.026650848385611395,544.3497,15.659111525354453,0.0017019387302057126,fixed benzene facility-z/h0 source geometry; facility-total point-ready SO2 allocated by existing geometry weights,48.0,14.630400000000002,3.0,0.9144,77.0,298.15,0.1,0.03048,FAC019,19
Q0001529,nonegu,run1_top20_facility_srcgroup_members_2021.csv,ptnonipm/nonegu_norailyard_2021_POINT_20240502_17may2024_v0.csv,2021hb_cb6_21k/inputs/ptnonipm/nonegu_norailyard_2021_POINT_20240502_17may2024_v0.csv,y2024v0csv_4762811_31970113_30601312_7161714,4762811,HOUSTON REFINING,48201,2,31970113,30601312,7161714,40301102,SO2,-95.236111,29.716244,283693.2255552219,3289436.5881265816,0.0,0.2416825662276158,0.00695239523102906,544.3497,15.659111525354453,0.0004439840165754033,fixed benzene facility-z/h0 source geometry; facility-total point-ready SO2 allocated by existing geometry weights,48.0,14.630400000000002,3.0,0.9144,78.0,298.7055555555555,0.1,0.03048,FAC019,19
Q0001530,nonegu,run1_top20_facility_srcgroup_members_2021.csv,ptnonipm/nonegu_norailyard_2021_POINT_20240502_17may2024_v0.csv,2021hb_cb6_21k/inputs/ptnonipm/nonegu_norailyard_2021_POINT_20240502_17may2024_v0.csv,y2024v0csv_4762811_31972113_30608912_7159714,4762811,HOUSTON REFINING,48201,3,31972113,30608912,7159714,40301199,SO2,-95.236022,29.717456,283704.4374283358,3289570.767491595,0.0,0.02014021385230132,0.0005793662692524218,544.3497,15.659111525354453,3.699866804795028e-05,fixed benzene facility-z/h0 source geometry; facility-total point-ready SO2 allocated by existing geometry weights,40.0,12.192,3.0,0.9144,75.0,297.0388888888889,0.1,0.03048,FAC019,19
Q0001531,nonegu,run1_top20_facility_srcgroup_members_2021.csv,ptnonipm/nonegu_norailyard_2021_POINT_20240502_17may2024_v0.csv,2021hb_cb6_21k/inputs/ptnonipm/nonegu_norailyard_2021_POINT_20240502_17may2024_v0.csv,y2024v0csv_4762811_31972313_30582812_7159514,4762811,HOUSTON REFINING,48201,2,31972313,30582812,7159514,40301109,SO2,-95.228978,29.713396999999997,284377.3153831543,3289107.67097918,0.0,0.02014021385230132,0.0005793662692524218,544.3497,15.659111525354453,3.699866804795028e-05,fixed benzene facility-z/h0 source geometry; facility-total point-ready SO2 allocated by existing geometry weights,40.0,12.192,3.0,0.9144,80.0,299.81666666666666,0.1,0.03048,FAC019,19
Q0001532,nonegu,run1_top20_facility_srcgroup_members_2021.csv,ptnonipm/nonegu_norailyard_2021_POINT_20240502_17may2024_v0.csv,2021hb_cb6_21k/inputs/ptnonipm/nonegu_norailyard_2021_POINT_20240502_17may2024_v0.csv,y2024v0csv_4762811_31974013_30581812_7017914,4762811,HOUSTON REFINING,48201,2,31974013,30581812,7017914,40899997,SO2,-95.234056,29.718664,283897.25211502623,3289700.989702254,0.0,0.02014021385230132,0.0005793662692524218,544.3497,15.659111525354453,3.699866804795028e-05,fixed benzene facility-z/h0 source geometry; facility-total point-ready SO2 allocated by existing geometry weights,71.0,21.6408,11.5,3.5052000000000003,1600.0,1144.261111111111,56.3,17.16024,FAC019,19
Q0001533,nonegu,run1_top20_facility_srcgroup_members_2021.csv,ptnonipm/nonegu_norailyard_2021_POINT_20240502_17may2024_v0.csv,2021hb_cb6_21k/inputs/ptnonipm/nonegu_norailyard_2021_POINT_20240502_17may2024_v0.csv,y2024v0csv_4762811_31975813_30584112_7012714,4762811,HOUSTON REFINING,48201,2,31975813,30584112,7012714,40301150,SO2,-95.235933,29.713016999999997,283703.5257847457,3289078.5529905995,0.0,44.67099432440432,1.2850343852018713,544.3497,15.659111525354453,0.08206304573035371,fixed benzene facility-z/h0 source geometry; facility-total point-ready SO2 allocated by existing geometry weights,48.0,14.630400000000002,3.0,0.9144,80.0,299.81666666666666,0.1,0.03048,FAC019,19
Q0001534,nonegu,run1_top20_facility_srcgroup_members_2021.csv,ptnonipm/nonegu_norailyard_2021_POINT_20240502_17may2024_v0.csv,2021hb_cb6_21k/inputs/ptnonipm/nonegu_norailyard_2021_POINT_20240502_17may2024_v0.csv,y2024v0csv_4762811_31975913_30641812_7012614,4762811,HOUSTON REFINING,48201,2,31975913,30641812,7012614,40301150,SO2,-95.235011,29.713666999999997,283794.133877401,3289148.8770320644,0.0,29.78737628755365,0.8568827122243317,544.3497,15.659111525354453,0.05472103004291846,fixed benzene facility-z/h0 source geometry; facility-total point-ready SO2 allocated by existing geometry weights,30.0,9.144,3.0,0.9144,80.0,299.81666666666666,0.1,0.03048,FAC019,19
Q0001535,nonegu,run1_top20_facility_srcgroup_members_2021.csv,ptnonipm/nonegu_norailyard_2021_POINT_20240502_17may2024_v0.csv,2021hb_cb6_21k/inputs/ptnonipm/nonegu_norailyard_2021_POINT_20240502_17may2024_v0.csv,y2024v0csv_4762811_31983613_30634812_6869914,4762811,HOUSTON REFINING,48201,2,31983613,30634812,6869914,30600104,SO2,-95.231228,29.714503000000004,284161.9703939306,3289234.469398523,0.0,0.08056085540920528,0.002317465077009687,544.3497,15.659111525354453,0.00014799467219180112,fixed benzene facility-z/h0 source geometry; facility-total point-ready SO2 allocated by existing geometry weights,122.0,37.1856,7.5,2.286,400.0,477.5944444444444,17.9,5.45592,FAC019,19
Q0001536,nonegu,run1_top20_facility_srcgroup_members_2021.csv,ptnonipm/nonegu_norailyard_2021_POINT_20240502_17may2024_v0.csv,2021hb_cb6_21k/inputs/ptnonipm/nonegu_norailyard_2021_POINT_20240502_17may2024_v0.csv,y2024v0csv_4762811_31984313_30573312_6869214,4762811,HOUSTON REFINING,48201,2,31984313,30573312,6869214,40301098,SO2,-95.230378,29.717328,284250.26205712405,3289546.0222212323,0.0,0.20140213852301317,0.0057936626925242166,544.3497,15.659111525354453,0.00036998668047950276,fixed benzene facility-z/h0 source geometry; facility-total point-ready SO2 allocated by existing geometry weights,32.0,9.7536,3.0,0.9144,200.0,366.4833333333333,0.1,0.03048,FAC019,19
Q0001537,nonegu,run1_top20_facility_srcgroup_members_2021.csv,ptnonipm/nonegu_norailyard_2021_POINT_20240502_17may2024_v0.csv,2021hb_cb6_21k/inputs/ptnonipm/nonegu_norailyard_2021_POINT_20240502_17may2024_v0.csv,y2024v0csv_4762811_31985013_30573212_6868514,4762811,HOUSTON REFINING,48201,2,31985013,30573212,6868514,40301098,SO2,-95.23105,29.717317,284185.21753358725,3289546.058462105,0.0,0.18126192467071184,0.005214296423271795,544.3497,15.659111525354453,0.00033298801243155247,fixed benzene facility-z/h0 source geometry; facility-total point-ready SO2 allocated by existing geometry weights,32.0,9.7536,3.0,0.9144,185.0,358.15,0.1,0.03048,FAC019,19
Q0001538,nonegu,run1_top20_facility_srcgroup_members_2021.csv,ptnonipm/nonegu_norailyard_2021_POINT_20240502_17may2024_v0.csv,2021hb_cb6_21k/inputs/ptnonipm/nonegu_norailyard_2021_POINT_20240502_17may2024_v0.csv,y2024v0csv_4762811_31986013_30585512_6867514,4762811,HOUSTON REFINING,48201,2,31986013,30585512,6867514,40301145,SO2,-95.243219,29.709289,282990.49613225757,3288678.982204329,0.0,4.612108972177001,0.13267487565880456,544.3497,15.659111525354453,0.008472694982980613,fixed benzene facility-z/h0 source geometry; facility-total point-ready SO2 allocated by existing geometry weights,48.0,14.630400000000002,3.0,0.9144,64.0,290.92777777777775,0.1,0.03048,FAC019,19
Q0001539,nonegu,run1_top20_facility_srcgroup_members_2021.csv,ptnonipm/nonegu_norailyard_2021_POINT_20240502_17may2024_v0.csv,2021hb_cb6_21k/inputs/ptnonipm/nonegu_norailyard_2021_POINT_20240502_17may2024_v0.csv,y2024v0csv_4762811_31986113_30585612_6867414,4762811,HOUSTON REFINING,48201,2,31986113,30585612,6867414,40301145,SO2,-95.243267,29.710369,282988.1755543938,3288798.7868707543,0.0,1.0271509064673672,0.029547679731873507,544.3497,15.659111525354453,0.0018869320704454642,fixed benzene facility-z/h0 source geometry; facility-total point-ready SO2 allocated by existing geometry weights,48.0,14.630400000000002,3.0,0.9144,66.0,292.0388888888889,0.1,0.03048,FAC019,19
Q0001540,nonegu,run1_top20_facility_srcgroup_members_2021.csv,ptnonipm/nonegu_norailyard_2021_POINT_20240502_17may2024_v0.csv,2021hb_cb6_21k/inputs/ptnonipm/nonegu_norailyard_2021_POINT_20240502_17may2024_v0.csv,y2024v0csv_4762811_31988213_30621812_7289114,4762811,HOUSTON REFINING,48201,2,31988213,30621812,7289114,40301109,SO2,-95.238347,29.712628,283469.1075179576,3289039.9565429892,0.0,0.4833651324552316,0.01390479046205812,544.3497,15.659111525354453,0.0008879680331508066,fixed benzene facility-z/h0 source geometry; facility-total point-ready SO2 allocated by existing geometry weights,40.0,12.192,3.0,0.9144,78.0,298.7055555555555,0.1,0.03048,FAC019,19
Q0001541,nonegu,run1_top20_facility_srcgroup_members_2021.csv,ptnonipm/nonegu_norailyard_2021_POINT_20240502_17may2024_v0.csv,2021hb_cb6_21k/inputs/ptnonipm/nonegu_norailyard_2021_POINT_20240502_17may2024_v0.csv,y2024v0csv_4762811_31988313_30588612_7289014,4762811,HOUSTON REFINING,48201,2,31988313,30588612,7289014,40301102,SO2,-95.235308,29.713658,283765.3765374076,3289148.4353881516,0.0,39.99846471067042,1.1506214107353097,544.3497,15.659111525354453,0.07347935474322925,fixed benzene facility-z/h0 source geometry; facility-total point-ready SO2 allocated by existing geometry weights,30.0,9.144,3.0,0.9144,78.0,298.7055555555555,0.1,0.03048,FAC019,19
Q0001542,nonegu,run1_top20_facility_srcgroup_members_2021.csv,ptnonipm/nonegu_norailyard_2021_POINT_20240502_17may2024_v0.csv,2021hb_cb6_21k/inputs/ptnonipm/nonegu_norailyard_2021_POINT_20240502_17may2024_v0.csv,y2024v0csv_4762811_31990113_30576012_6865114,4762811,HOUSTON REFINING,48201,2,31990113,30576012,6865114,30600505,SO2,-95.228878,29.719244,284399.4959237188,3289755.6025637267,0.0,0.38266406319372503,0.011007959115796011,544.3497,15.659111525354453,0.0007029746929110552,fixed benzene facility-z/h0 source geometry; facility-total point-ready SO2 allocated by existing geometry weights,47.0,14.3256,3.0,0.9144,100.0,310.92777777777775,0.1,0.03048,FAC019,19
Q0001543,nonegu,run1_top20_facility_srcgroup_members_2021.csv,ptnonipm/nonegu_norailyard_2021_POINT_20240502_17may2024_v0.csv,2021hb_cb6_21k/inputs/ptnonipm/nonegu_norailyard_2021_POINT_20240502_17may2024_v0.csv,y2024v0csv_4762811_31992513_30591512_6862714,4762811,HOUSTON REFINING,48201,2,31992513,30591512,6862714,40301142,SO2,-95.237311,29.711669,283567.29468388716,3288931.713057522,0.0,1.4098149696610722,0.04055563884766894,544.3497,15.659111525354453,0.0025899067633564825,fixed benzene facility-z/h0 source geometry; facility-total point-ready SO2 allocated by existing geometry weights,40.0,12.192,3.0,0.9144,80.0,299.81666666666666,0.1,0.03048,FAC019,19
Q0001544,nonegu,run1_top20_facility_srcgroup_members_2021.csv,ptnonipm/nonegu_norailyard_2021_POINT_20240502_17may2024_v0.csv,2021hb_cb6_21k/inputs/ptnonipm/nonegu_norailyard_2021_POINT_20240502_17may2024_v0.csv,y2024v0csv_4762811_31996613_30600812_7287914,4762811,HOUSTON REFINING,48201,2,31996613,30600812,7287914,40301102,SO2,-95.2354,29.713658,283756.47451735183,3289148.6076242174,0.0,40.260287490750336,1.1581531722355909,544.3497,15.659111525354453,0.0739603374278526,fixed benzene facility-z/h0 source geometry; facility-total point-ready SO2 allocated by existing geometry weights,30.0,9.144,3.0,0.9144,78.0,298.7055555555555,0.1,0.03048,FAC019,19
Q0001545,nonegu,run1_top20_facility_srcgroup_members_2021.csv,ptnonipm/nonegu_norailyard_2021_POINT_20240502_17may2024_v0.csv,2021hb_cb6_21k/inputs/ptnonipm/nonegu_norailyard_2021_POINT_20240502_17may2024_v0.csv,y2024v0csv_4762811_31996713_30608612_7287814,4762811,HOUSTON REFINING,48201,2,31996713,30608612,7287814,30600104,SO2,-95.232092,29.712911,284074.9603184355,3289059.616838345,0.0,0.04028042770460264,0.0011587325385048436,544.3497,15.659111525354453,7.399733609590056e-05,fixed benzene facility-z/h0 source geometry; facility-total point-ready SO2 allocated by existing geometry weights,110.0,33.528,5.0,1.524,700.0,644.2611111111111,19.7,6.00456,FAC019,19
Q0001546,nonegu,run1_top20_facility_srcgroup_members_2021.csv,ptnonipm/nonegu_norailyard_2021_POINT_20240502_17may2024_v0.csv,2021hb_cb6_21k/inputs/ptnonipm/nonegu_norailyard_2021_POINT_20240502_17may2024_v0.csv,y2024v0csv_4762811_31996813_30569812_7287714,4762811,HOUSTON REFINING,48201,2,31996813,30569812,7287714,40301199,SO2,-95.230142,29.710778,284259.081950203,3288819.538066155,0.0,3.4036961410389224,0.09791289950365925,544.3497,15.659111525354453,0.006252774900103596,fixed benzene facility-z/h0 source geometry; facility-total point-ready SO2 allocated by existing geometry weights,48.0,14.630400000000002,3.0,0.9144,78.0,298.7055555555555,0.1,0.03048,FAC019,19
Q0001547,nonegu,run1_top20_facility_srcgroup_members_2021.csv,ptnonipm/nonegu_norailyard_2021_POINT_20240502_17may2024_v0.csv,2021hb_cb6_21k/inputs/ptnonipm/nonegu_norailyard_2021_POINT_20240502_17may2024_v0.csv,y2024v0csv_4762811_31998013_30608112_7286514,4762811,HOUSTON REFINING,48201,2,31998013,30608112,7286514,30600904,SO2,-95.230356,29.72095,284260.1425666824,3289947.4667370925,0.0,6.364307577327216,0.18307974108376526,544.3497,15.659111525354453,0.011691579103152288,fixed benzene facility-z/h0 source geometry; facility-total point-ready SO2 allocated by existing geometry weights,325.0,99.06,4.0,1.2192,800.0,699.8166666666666,13.2575,4.040886,FAC019,19
Q0001548,nonegu,run1_top20_facility_srcgroup_members_2021.csv,ptnonipm/nonegu_norailyard_2021_POINT_20240502_17may2024_v0.csv,2021hb_cb6_21k/inputs/ptnonipm/nonegu_norailyard_2021_POINT_20240502_17may2024_v0.csv,y2024v0csv_4762811_31998913_30613012_7285614,4762811,HOUSTON REFINING,48201,2,31998913,30613012,7285614,30600904,SO2,-95.237378,29.713735999999997,283565.2484521002,3289160.958450637,0.0,19.475586795175374,0.5602471823670917,544.3497,15.659111525354453,0.035777712002367915,fixed benzene facility-z/h0 source geometry; facility-total point-ready SO2 allocated by existing geometry weights,450.0,137.16,5.0,1.524,800.0,699.8166666666666,2.5454,0.77583792,FAC019,19
Q0001549,nonegu,run1_top20_facility_srcgroup_members_2021.csv,ptnonipm/nonegu_norailyard_2021_POINT_20240502_17may2024_v0.csv,2021hb_cb6_21k/inputs/ptnonipm/nonegu_norailyard_2021_POINT_20240502_17may2024_v0.csv,y2024v0csv_4762811_31999013_30608612_7285514,4762811,HOUSTON REFINING,48201,2,31999013,30608612,7285514,30600104,SO2,-95.232092,29.712911,284074.9603184355,3289059.616838345,0.0,0.04028042770460264,0.0011587325385048436,544.3497,15.659111525354453,7.399733609590056e-05,fixed benzene facility-z/h0 source geometry; facility-total point-ready SO2 allocated by existing geometry weights,110.0,33.528,5.0,1.524,700.0,644.2611111111111,19.7,6.00456,FAC019,19
Q0001550,nonegu,run1_top20_facility_srcgroup_members_2021.csv,ptnonipm/nonegu_norailyard_2021_POINT_20240502_17may2024_v0.csv,2021hb_cb6_21k/inputs/ptnonipm/nonegu_norailyard_2021_POINT_20240502_17may2024_v0.csv,y2024v0csv_4762811_32000213_30574612_7283814,4762811,HOUSTON REFINING,48201,2,32000213,30574612,7283814,30600104,SO2,-95.233525,29.712472,283935.360070049,3289013.6349230986,0.0,0.20140213852301317,0.0057936626925242166,544.3497,15.659111525354453,0.00036998668047950276,fixed benzene facility-z/h0 source geometry; facility-total point-ready SO2 allocated by existing geometry weights,160.0,48.768,8.0,2.4384,695.0,641.4833333333333,22.7,6.91896,FAC019,19
Q0001551,nonegu,run1_top20_facility_srcgroup_members_2021.csv,ptnonipm/nonegu_norailyard_2021_POINT_20240502_17may2024_v0.csv,2021hb_cb6_21k/inputs/ptnonipm/nonegu_norailyard_2021_POINT_20240502_17may2024_v0.csv,y2024v0csv_4762811_32000313_30569912_7283714,4762811,HOUSTON REFINING,48201,2,32000313,30569912,7283714,30600904,SO2,-95.230281,29.722208,284270.0916071774,3290086.771417913,0.0,36.93715220512062,1.0625577378089415,544.3497,15.659111525354453,0.06785555719994081,fixed benzene facility-z/h0 source geometry; facility-total point-ready SO2 allocated by existing geometry weights,260.0,79.248,4.0,1.2192,800.0,699.8166666666666,60.7594,18.51946512,FAC019,19
Q0001552,nonegu,run1_top20_facility_srcgroup_members_2021.csv,ptnonipm/nonegu_norailyard_2021_POINT_20240502_17may2024_v0.csv,2021hb_cb6_21k/inputs/ptnonipm/nonegu_norailyard_2021_POINT_20240502_17may2024_v0.csv,y2024v0csv_4762811_32000913_30585012_7283014,4762811,HOUSTON REFINING,48201,2,32000913,30585012,7283014,40301199,SO2,-95.229056,29.719794,284383.4498870453,3289816.900375801,0.0,0.04028042770460264,0.0011587325385048436,544.3497,15.659111525354453,7.399733609590056e-05,fixed benzene facility-z/h0 source geometry; facility-total point-ready SO2 allocated by existing geometry weights,48.0,14.630400000000002,3.0,0.9144,70.0,294.26111111111106,0.1,0.03048,FAC019,19
Q0001553,nonegu,run1_top20_facility_srcgroup_members_2021.csv,ptnonipm/nonegu_norailyard_2021_POINT_20240502_17may2024_v0.csv,2021hb_cb6_21k/inputs/ptnonipm/nonegu_norailyard_2021_POINT_20240502_17may2024_v0.csv,y2024v0csv_4762811_32001413_30605812_7282514,4762811,HOUSTON REFINING,48201,3,32001413,30605812,7282514,40301140,SO2,-95.230672,29.719831,284227.1730006563,3289824.0199955483,0.0,0.02014021385230132,0.0005793662692524218,544.3497,15.659111525354453,3.699866804795028e-05,fixed benzene facility-z/h0 source geometry; facility-total point-ready SO2 allocated by existing geometry weights,24.0,7.315200000000001,3.0,0.9144,70.0,294.26111111111106,0.1,0.03048,FAC019,19
Q0001554,nonegu,run1_top20_facility_srcgroup_members_2021.csv,ptnonipm/nonegu_norailyard_2021_POINT_20240502_17may2024_v0.csv,2021hb_cb6_21k/inputs/ptnonipm/nonegu_norailyard_2021_POINT_20240502_17may2024_v0.csv,y2024v0csv_4762811_32001613_30627712_7282314,4762811,HOUSTON REFINING,48201,2,32001613,30627712,7282314,38500101,SO2,-95.230467,29.715753000000003,284238.27991647203,3289371.605477131,0.0,18.972081448867844,0.5457630256357813,544.3497,15.659111525354453,0.034852745301169163,fixed benzene facility-z/h0 source geometry; facility-total point-ready SO2 allocated by existing geometry weights,20.0,6.096,10.0,3.048,80.0,299.81666666666666,15.0,4.572,FAC019,19
Q0001555,nonegu,run1_top20_facility_srcgroup_members_2021.csv,ptnonipm/nonegu_norailyard_2021_POINT_20240502_17may2024_v0.csv,2021hb_cb6_21k/inputs/ptnonipm/nonegu_norailyard_2021_POINT_20240502_17may2024_v0.csv,y2024v0csv_4762811_32001713_30592712_7282214,4762811,HOUSTON REFINING,48201,3,32001713,30592712,7282214,40301142,SO2,-95.236078,29.712419,283688.21245148656,3289012.538308275,0.0,1.1882726172857776,0.034182609885892876,544.3497,15.659111525354453,0.002182921414829066,fixed benzene facility-z/h0 source geometry; facility-total point-ready SO2 allocated by existing geometry weights,40.0,12.192,3.0,0.9144,85.0,302.59444444444443,0.1,0.03048,FAC019,19
Q0001556,nonegu,run1_top20_facility_srcgroup_members_2021.csv,ptnonipm/nonegu_norailyard_2021_POINT_20240502_17may2024_v0.csv,2021hb_cb6_21k/inputs/ptnonipm/nonegu_norailyard_2021_POINT_20240502_17may2024_v0.csv,y2024v0csv_4762811_32001813_30599712_7282114,4762811,HOUSTON REFINING,48201,2,32001813,30599712,7282114,40301150,SO2,-95.235644,29.716242,283738.407540356,3289435.491896421,0.0,0.1208412831138079,0.00347619761551453,544.3497,15.659111525354453,0.00022199200828770165,fixed benzene facility-z/h0 source geometry; facility-total point-ready SO2 allocated by existing geometry weights,48.0,14.630400000000002,3.0,0.9144,78.0,298.7055555555555,0.1,0.03048,FAC019,19
Q0001557,nonegu,run1_top20_facility_srcgroup_members_2021.csv,ptnonipm/nonegu_norailyard_2021_POINT_20240502_17may2024_v0.csv,2021hb_cb6_21k/inputs/ptnonipm/nonegu_norailyard_2021_POINT_20240502_17may2024_v0.csv,y2024v0csv_4762811_32004713_30635612_7130814,4762811,HOUSTON REFINING,48201,2,32004713,30635612,7130814,30600104,SO2,-95.240956,29.713872,283219.3294949677,3289182.74354756,0.0,0.2215423523753145,0.0063730289617766386,544.3497,15.659111525354453,0.00040698534852745305,fixed benzene facility-z/h0 source geometry; facility-total point-ready SO2 allocated by existing geometry weights,55.0,16.764,2.0,0.6096,500.0,533.15,20.0,6.096,FAC019,19
Q0001558,nonegu,run1_top20_facility_srcgroup_members_2021.csv,ptnonipm/nonegu_norailyard_2021_POINT_20240502_17may2024_v0.csv,2021hb_cb6_21k/inputs/ptnonipm/nonegu_norailyard_2021_POINT_20240502_17may2024_v0.csv,y2024v0csv_4762811_32009313_30630912_7126014,4762811,HOUSTON REFINING,48201,2,32009313,30630912,7126014,30600505,SO2,-95.229,29.720325,284390.0039580765,3289875.655231147,0.0,0.02014021385230132,0.0005793662692524218,544.3497,15.659111525354453,3.699866804795028e-05,fixed benzene facility-z/h0 source geometry; facility-total point-ready SO2 allocated by existing geometry weights,51.0,15.5448,1.0,0.3048,100.0,310.92777777777775,0.1,0.03048,FAC019,19
Q0001559,nonegu,run1_top20_facility_srcgroup_members_2021.csv,ptnonipm/nonegu_norailyard_2021_POINT_20240502_17may2024_v0.csv,2021hb_cb6_21k/inputs/ptnonipm/nonegu_norailyard_2021_POINT_20240502_17may2024_v0.csv,y2024v0csv_4762811_32010013_30581612_7124614,4762811,HOUSTON REFINING,48201,2,32010013,30581612,7124614,38500101,SO2,-95.232903,29.717519,284006.35876093106,3289571.9135168907,0.0,5.679540306348971,0.1633812879291829,544.3497,15.659111525354453,0.010433624389521978,fixed benzene facility-z/h0 source geometry; facility-total point-ready SO2 allocated by existing geometry weights,20.0,6.096,10.0,3.048,80.0,299.81666666666666,15.0,4.572,FAC019,19
Q0001560,nonegu,run1_top20_facility_srcgroup_members_2021.csv,ptnonipm/nonegu_norailyard_2021_POINT_20240502_17may2024_v0.csv,2021hb_cb6_21k/inputs/ptnonipm/nonegu_norailyard_2021_POINT_20240502_17may2024_v0.csv,y2024v0csv_4762811_32010313_30630512_7124314,4762811,HOUSTON REFINING,48201,2,32010313,30630512,7124314,30600505,SO2,-95.229503,29.720319,284341.32362118026,3289875.9293887382,0.0,0.38266406319372503,0.011007959115796011,544.3497,15.659111525354453,0.0007029746929110552,fixed benzene facility-z/h0 source geometry; facility-total point-ready SO2 allocated by existing geometry weights,48.0,14.630400000000002,3.0,0.9144,100.0,310.92777777777775,0.1,0.03048,FAC019,19
Q0001561,nonegu,run1_top20_facility_srcgroup_members_2021.csv,ptnonipm/nonegu_norailyard_2021_POINT_20240502_17may2024_v0.csv,2021hb_cb6_21k/inputs/ptnonipm/nonegu_norailyard_2021_POINT_20240502_17may2024_v0.csv,y2024v0csv_4762811_32011013_30599612_7123514,4762811,HOUSTON REFINING,48201,2,32011013,30599612,7123514,38500101,SO2,-95.233067,29.722433,284001.0206418795,3290116.919963141,0.0,2.7994897254698827,0.08053191142608661,544.3497,15.659111525354453,0.005142814858665088,fixed benzene facility-z/h0 source geometry; facility-total point-ready SO2 allocated by existing geometry weights,20.0,6.096,10.0,3.048,80.0,299.81666666666666,15.0,4.572,FAC019,19
Q0001562,nonegu,run1_top20_facility_srcgroup_members_2021.csv,ptnonipm/nonegu_norailyard_2021_POINT_20240502_17may2024_v0.csv,2021hb_cb6_21k/inputs/ptnonipm/nonegu_norailyard_2021_POINT_20240502_17may2024_v0.csv,y2024v0csv_4762811_32011113_30581212_7123214,4762811,HOUSTON REFINING,48201,2,32011113,30581212,7123214,30600104,SO2,-95.23395,29.713983,283897.4746390196,3289181.9189563952,0.0,13.514083494894185,0.38875476666837494,544.3497,15.659111525354453,0.024826106260174636,fixed benzene facility-z/h0 source geometry; facility-total point-ready SO2 allocated by existing geometry weights,6.0,1.8288,1.0,0.3048,443.0,501.48333333333335,0.1,0.03048,FAC019,19
Q0001563,nonegu,run1_top20_facility_srcgroup_members_2021.csv,ptnonipm/nonegu_norailyard_2021_POINT_20240502_17may2024_v0.csv,2021hb_cb6_21k/inputs/ptnonipm/nonegu_norailyard_2021_POINT_20240502_17may2024_v0.csv,y2024v0csv_4762811_32011513_30642012_7122814,4762811,HOUSTON REFINING,48201,2,32011513,30642012,7122814,38500101,SO2,-95.2396,29.715058000000003,283353.0859410155,3289311.6634842455,0.0,3.1418733609590053,0.09038113800337777,544.3497,15.659111525354453,0.005771792215480243,fixed benzene facility-z/h0 source geometry; facility-total point-ready SO2 allocated by existing geometry weights,20.0,6.096,10.0,3.048,80.0,299.81666666666666,15.0,4.572,FAC019,19
Q0001564,nonegu,run1_top20_facility_srcgroup_members_2021.csv,ptnonipm/nonegu_norailyard_2021_POINT_20240502_17may2024_v0.csv,2021hb_cb6_21k/inputs/ptnonipm/nonegu_norailyard_2021_POINT_20240502_17may2024_v0.csv,y2024v0csv_4762811_32011613_30599412_7122714,4762811,HOUSTON REFINING,48201,2,32011613,30599412,7122714,31000299,SO2,-95.235397,29.709331,283747.485314391,3288668.96931891,0.0,8.801273453455677,0.2531830596633083,544.3497,15.659111525354453,0.016168417936954272,fixed benzene facility-z/h0 source geometry; facility-total point-ready SO2 allocated by existing geometry weights,42.0,12.8016,3.0,0.9144,80.0,299.81666666666666,0.1,0.03048,FAC019,19
Q0001565,nonegu,run1_top20_facility_srcgroup_members_2021.csv,ptnonipm/nonegu_norailyard_2021_POINT_20240502_17may2024_v0.csv,2021hb_cb6_21k/inputs/ptnonipm/nonegu_norailyard_2021_POINT_20240502_17may2024_v0.csv,y2024v0csv_4762811_32012113_30590112_7120714,4762811,HOUSTON REFINING,48201,2,32012113,30590112,7120714,40400151,SO2,-95.24275,29.707128000000004,283031.22998841933,3288438.5615088344,0.0,0.28196299393221846,0.008111127769533905,544.3497,15.659111525354453,0.0005179813526713039,fixed benzene facility-z/h0 source geometry; facility-total point-ready SO2 allocated by existing geometry weights,48.0,14.630400000000002,3.0,0.9144,68.0,293.15,0.1,0.03048,FAC019,19
Q0001566,nonegu,run1_top20_facility_srcgroup_members_2021.csv,ptnonipm/nonegu_norailyard_2021_POINT_20240502_17may2024_v0.csv,2021hb_cb6_21k/inputs/ptnonipm/nonegu_norailyard_2021_POINT_20240502_17may2024_v0.csv,y2024v0csv_4762811_32012413_30589912_7120414,4762811,HOUSTON REFINING,48201,2,32012413,30589912,7120414,40400151,SO2,-95.229114,29.70875,284354.21831592504,3288592.822462747,0.0,3.182153788663608,0.09153987054188263,544.3497,15.659111525354453,0.005845789551576144,fixed benzene facility-z/h0 source geometry; facility-total point-ready SO2 allocated by existing geometry weights,46.0,14.0208,3.0,0.9144,68.0,293.15,0.1,0.03048,FAC019,19
Q0001567,nonegu,run1_top20_facility_srcgroup_members_2021.csv,ptnonipm/nonegu_norailyard_2021_POINT_20240502_17may2024_v0.csv,2021hb_cb6_21k/inputs/ptnonipm/nonegu_norailyard_2021_POINT_20240502_17may2024_v0.csv,y2024v0csv_4762811_32012513_30600112_7120314,4762811,HOUSTON REFINING,48201,2,32012513,30600112,7120314,40400151,SO2,-95.229872,29.708411,284280.14484692924,3288556.660799268,0.0,1.6514975358887083,0.04750803407869858,544.3497,15.659111525354453,0.003033890779931923,fixed benzene facility-z/h0 source geometry; facility-total point-ready SO2 allocated by existing geometry weights,46.0,14.0208,3.0,0.9144,68.0,293.15,0.1,0.03048,FAC019,19
Q0001568,nonegu,run1_top20_facility_srcgroup_members_2021.csv,ptnonipm/nonegu_norailyard_2021_POINT_20240502_17may2024_v0.csv,2021hb_cb6_21k/inputs/ptnonipm/nonegu_norailyard_2021_POINT_20240502_17may2024_v0.csv,y2024v0csv_4762811_32012613_30590312_7120214,4762811,HOUSTON REFINING,48201,2,32012613,30590312,7120214,40400151,SO2,-95.230725,29.7083,284197.36595892755,3288545.9500028403,0.0,1.591076894331804,0.045769935270941316,544.3497,15.659111525354453,0.002922894775788072,fixed benzene facility-z/h0 source geometry; facility-total point-ready SO2 allocated by existing geometry weights,46.0,14.0208,3.0,0.9144,68.0,293.15,0.1,0.03048,FAC019,19
Q0001569,nonegu,run1_top20_facility_srcgroup_members_2021.csv,ptnonipm/nonegu_norailyard_2021_POINT_20240502_17may2024_v0.csv,2021hb_cb6_21k/inputs/ptnonipm/nonegu_norailyard_2021_POINT_20240502_17may2024_v0.csv,y2024v0csv_4762811_32012813_30625112_7120014,4762811,HOUSTON REFINING,48201,3,32012813,30625112,7120014,40400151,SO2,-95.238253,29.707564,283467.3297067858,3288478.4533356545,0.0,2.7592092977652807,0.07937317888758177,544.3497,15.659111525354453,0.005068817522569188,fixed benzene facility-z/h0 source geometry; facility-total point-ready SO2 allocated by existing geometry weights,40.0,12.192,3.0,0.9144,68.0,293.15,0.1,0.03048,FAC019,19
Q0001570,nonegu,run1_top20_facility_srcgroup_members_2021.csv,ptnonipm/nonegu_norailyard_2021_POINT_20240502_17may2024_v0.csv,2021hb_cb6_21k/inputs/ptnonipm/nonegu_norailyard_2021_POINT_20240502_17may2024_v0.csv,y2024v0csv_4762811_32013013_30629412_7119814,4762811,HOUSTON REFINING,48201,2,32013013,30629412,7119814,40400151,SO2,-95.2329,29.708081,283986.43056897895,3288525.7396293115,0.0,1.6313573220364066,0.046928667809446156,544.3497,15.659111525354453,0.0029968921118839723,fixed benzene facility-z/h0 source geometry; facility-total point-ready SO2 allocated by existing geometry weights,46.0,14.0208,3.0,0.9144,130.0,327.59444444444443,0.1,0.03048,FAC019,19
Q0001571,nonegu,run1_top20_facility_srcgroup_members_2021.csv,ptnonipm/nonegu_norailyard_2021_POINT_20240502_17may2024_v0.csv,2021hb_cb6_21k/inputs/ptnonipm/nonegu_norailyard_2021_POINT_20240502_17may2024_v0.csv,y2024v0csv_4762811_32013113_30634112_7119714,4762811,HOUSTON REFINING,48201,3,32013113,30634112,7119714,40301199,SO2,-95.235706,29.717458,283735.017074315,3289570.3974096724,0.0,0.02014021385230132,0.0005793662692524218,544.3497,15.659111525354453,3.699866804795028e-05,fixed benzene facility-z/h0 source geometry; facility-total point-ready SO2 allocated by existing geometry weights,48.0,14.630400000000002,3.0,0.9144,76.0,297.59444444444443,0.1,0.03048,FAC019,19
Q0001572,nonegu,run1_top20_facility_srcgroup_members_2021.csv,ptnonipm/nonegu_norailyard_2021_POINT_20240502_17may2024_v0.csv,2021hb_cb6_21k/inputs/ptnonipm/nonegu_norailyard_2021_POINT_20240502_17may2024_v0.csv,y2024v0csv_4762811_32013213_30601112_7119614,4762811,HOUSTON REFINING,48201,2,32013213,30601112,7119614,40400151,SO2,-95.247017,29.70705,282618.15414987836,3288437.9368724977,0.0,2.2154235237531448,0.06373028961776638,544.3497,15.659111525354453,0.00406985348527453,fixed benzene facility-z/h0 source geometry; facility-total point-ready SO2 allocated by existing geometry weights,48.0,14.630400000000002,3.0,0.9144,68.0,293.15,0.1,0.03048,FAC019,19
Q0001573,nonegu,run1_top20_facility_srcgroup_members_2021.csv,ptnonipm/nonegu_norailyard_2021_POINT_20240502_17may2024_v0.csv,2021hb_cb6_21k/inputs/ptnonipm/nonegu_norailyard_2021_POINT_20240502_17may2024_v0.csv,y2024v0csv_4762811_32013313_30602112_7119514,4762811,HOUSTON REFINING,48201,2,32013313,30602112,7119514,40400151,SO2,-95.247958,29.707141999999997,282527.2939868291,3288449.9058005735,0.0,0.503505346307533,0.014484156731310541,544.3497,15.659111525354453,0.0009249667011987569,fixed benzene facility-z/h0 source geometry; facility-total point-ready SO2 allocated by existing geometry weights,48.0,14.630400000000002,3.0,0.9144,68.0,293.15,0.1,0.03048,FAC019,19
Q0001574,nonegu,run1_top20_facility_srcgroup_members_2021.csv,ptnonipm/nonegu_norailyard_2021_POINT_20240502_17may2024_v0.csv,2021hb_cb6_21k/inputs/ptnonipm/nonegu_norailyard_2021_POINT_20240502_17may2024_v0.csv,y2024v0csv_4762811_32013413_30626212_7119414,4762811,HOUSTON REFINING,48201,2,32013413,30626212,7119414,40400151,SO2,-95.250139,29.707561,282317.14777521417,3288500.458313111,0.0,2.155002882196241,0.06199219081000912,544.3497,15.659111525354453,0.003958857481130679,fixed benzene facility-z/h0 source geometry; facility-total point-ready SO2 allocated by existing geometry weights,40.0,12.192,3.0,0.9144,68.0,293.15,0.1,0.03048,FAC019,19
Q0001575,nonegu,run1_top20_facility_srcgroup_members_2021.csv,ptnonipm/nonegu_norailyard_2021_POINT_20240502_17may2024_v0.csv,2021hb_cb6_21k/inputs/ptnonipm/nonegu_norailyard_2021_POINT_20240502_17may2024_v0.csv,y2024v0csv_4762811_32013813_30589212_7119014,4762811,HOUSTON REFINING,48201,3,32013813,30589212,7119014,40301199,SO2,-95.235458,29.715633,283755.0983944483,3289367.6380887576,0.0,15.689226590942726,0.4513263237476365,544.3497,15.659111525354453,0.028821962409353263,fixed benzene facility-z/h0 source geometry; facility-total point-ready SO2 allocated by existing geometry weights,40.0,12.192,3.0,0.9144,76.0,297.59444444444443,0.1,0.03048,FAC019,19
Q0001576,nonegu,run1_top20_facility_srcgroup_members_2021.csv,ptnonipm/nonegu_norailyard_2021_POINT_20240502_17may2024_v0.csv,2021hb_cb6_21k/inputs/ptnonipm/nonegu_norailyard_2021_POINT_20240502_17may2024_v0.csv,y2024v0csv_4762811_32014013_30634212_7118814,4762811,HOUSTON REFINING,48201,3,32014013,30634212,7118814,40400151,SO2,-95.237242,29.707675,283565.39938322664,3288488.8627795377,0.0,2.3161245930146515,0.0666271209640285,544.3497,15.659111525354453,0.0042548468255142816,fixed benzene facility-z/h0 source geometry; facility-total point-ready SO2 allocated by existing geometry weights,40.0,12.192,3.0,0.9144,68.0,293.15,0.1,0.03048,FAC019,19
Q0001577,nonegu,run1_top20_facility_srcgroup_members_2021.csv,ptnonipm/nonegu_norailyard_2021_POINT_20240502_17may2024_v0.csv,2021hb_cb6_21k/inputs/ptnonipm/nonegu_norailyard_2021_POINT_20240502_17may2024_v0.csv,y2024v0csv_4762811_32015113_30581812_6979814,4762811,HOUSTON REFINING,48201,2,32015113,30581812,6979814,40899997,SO2,-95.234056,29.718664,283897.25211502623,3289700.989702254,0.0,0.06042064155690395,0.001738098807757265,544.3497,15.659111525354453,0.00011099600414385082,fixed benzene facility-z/h0 source geometry; facility-total point-ready SO2 allocated by existing geometry weights,71.0,21.6408,11.5,3.5052000000000003,1600.0,1144.261111111111,56.3,17.16024,FAC019,19
Q0001578,nonegu,run1_top20_facility_srcgroup_members_2021.csv,ptnonipm/nonegu_norailyard_2021_POINT_20240502_17may2024_v0.csv,2021hb_cb6_21k/inputs/ptnonipm/nonegu_norailyard_2021_POINT_20240502_17may2024_v0.csv,y2024v0csv_4762811_32015213_30635612_6979614,4762811,HOUSTON REFINING,48201,2,32015213,30635612,6979614,30600104,SO2,-95.240956,29.713872,283219.3294949677,3289182.74354756,0.0,0.2416825662276158,0.00695239523102906,544.3497,15.659111525354453,0.0004439840165754033,fixed benzene facility-z/h0 source geometry; facility-total point-ready SO2 allocated by existing geometry weights,55.0,16.764,2.0,0.6096,500.0,533.15,20.0,6.096,FAC019,19
Q0001579,nonegu,run1_top20_facility_srcgroup_members_2021.csv,ptnonipm/nonegu_norailyard_2021_POINT_20240502_17may2024_v0.csv,2021hb_cb6_21k/inputs/ptnonipm/nonegu_norailyard_2021_POINT_20240502_17may2024_v0.csv,y2024v0csv_4762811_32016013_30641312_6978814,4762811,HOUSTON REFINING,48201,2,32016013,30641312,6978814,31000299,SO2,-95.234069,29.707978000000004,283873.0899314687,3288516.508888784,0.0,2.0543018129347344,0.05909535946374701,544.3497,15.659111525354453,0.0037738641408909283,fixed benzene facility-z/h0 source geometry; facility-total point-ready SO2 allocated by existing geometry weights,46.0,14.0208,3.0,0.9144,68.0,293.15,0.1,0.03048,FAC019,19
Q0001580,nonegu,run1_top20_facility_srcgroup_members_2021.csv,ptnonipm/nonegu_norailyard_2021_POINT_20240502_17may2024_v0.csv,2021hb_cb6_21k/inputs/ptnonipm/nonegu_norailyard_2021_POINT_20240502_17may2024_v0.csv,y2024v0csv_4762811_32016113_30581412_6978714,4762811,HOUSTON REFINING,48201,2,32016113,30581412,6978714,31000299,SO2,-95.228989,29.719992,284390.35598197917,3289838.722859409,0.0,0.02014021385230132,0.0005793662692524218,544.3497,15.659111525354453,3.699866804795028e-05,fixed benzene facility-z/h0 source geometry; facility-total point-ready SO2 allocated by existing geometry weights,10.0,3.048,3.0,0.9144,75.0,297.0388888888889,1.0,0.3048,FAC019,19
Q0001581,nonegu,run1_top20_facility_srcgroup_members_2021.csv,ptnonipm/nonegu_norailyard_2021_POINT_20240502_17may2024_v0.csv,2021hb_cb6_21k/inputs/ptnonipm/nonegu_norailyard_2021_POINT_20240502_17may2024_v0.csv,y2024v0csv_4762811_32017713_30581812_6977014,4762811,HOUSTON REFINING,48201,2,32017713,30581812,6977014,40899997,SO2,-95.234056,29.718664,283897.25211502623,3289700.989702254,0.0,0.8660291956489566,0.02491274957785413,544.3497,15.659111525354453,0.0015909427260618618,fixed benzene facility-z/h0 source geometry; facility-total point-ready SO2 allocated by existing geometry weights,71.0,21.6408,11.5,3.5052000000000003,1600.0,1144.261111111111,56.3,17.16024,FAC019,19
Q0001582,nonegu,run1_top20_facility_srcgroup_members_2021.csv,ptnonipm/nonegu_norailyard_2021_POINT_20240502_17may2024_v0.csv,2021hb_cb6_21k/inputs/ptnonipm/nonegu_norailyard_2021_POINT_20240502_17may2024_v0.csv,y2024v0csv_4762811_32017813_30586612_6976914,4762811,HOUSTON REFINING,48201,2,32017813,30586612,6976914,40400151,SO2,-95.241656,29.707236,283137.32596799254,3288448.4788263603,0.0,2.3362648068669527,0.06720648723328092,544.3497,15.659111525354453,0.004291845493562232,fixed benzene facility-z/h0 source geometry; facility-total point-ready SO2 allocated by existing geometry weights,41.0,12.4968,3.0,0.9144,68.0,293.15,0.1,0.03048,FAC019,19
Q0001583,nonegu,run1_top20_facility_srcgroup_members_2021.csv,ptnonipm/nonegu_norailyard_2021_POINT_20240502_17may2024_v0.csv,2021hb_cb6_21k/inputs/ptnonipm/nonegu_norailyard_2021_POINT_20240502_17may2024_v0.csv,y2024v0csv_4762811_32020113_30615512_6974614,4762811,HOUSTON REFINING,48201,2,32020113,30615512,6974614,40400151,SO2,-95.2402,29.707369,283278.50517504726,3288460.4891542005,0.0,2.497386517685363,0.0718414173873003,544.3497,15.659111525354453,0.004587834837945834,fixed benzene facility-z/h0 source geometry; facility-total point-ready SO2 allocated by existing geometry weights,41.0,12.4968,3.0,0.9144,68.0,293.15,0.1,0.03048,FAC019,19
Q0001584,nonegu,run1_top20_facility_srcgroup_members_2021.csv,ptnonipm/nonegu_norailyard_2021_POINT_20240502_17may2024_v0.csv,2021hb_cb6_21k/inputs/ptnonipm/nonegu_norailyard_2021_POINT_20240502_17may2024_v0.csv,y2024v0csv_4762811_32020813_30622612_7279014,4762811,HOUSTON REFINING,48201,2,32020813,30622612,7279014,38500101,SO2,-95.230889,29.715756,284197.45407530863,3289372.7264340487,0.0,8.116506182477432,0.23348460650872596,544.3497,15.659111525354453,0.014910463223323962,fixed benzene facility-z/h0 source geometry; facility-total point-ready SO2 allocated by existing geometry weights,20.0,6.096,10.0,3.048,80.0,299.81666666666666,15.0,4.572,FAC019,19
Q0001585,nonegu,run1_top20_facility_srcgroup_members_2021.csv,ptnonipm/nonegu_norailyard_2021_POINT_20240502_17may2024_v0.csv,2021hb_cb6_21k/inputs/ptnonipm/nonegu_norailyard_2021_POINT_20240502_17may2024_v0.csv,y2024v0csv_4762811_32021013_30622812_7278814,4762811,HOUSTON REFINING,48201,2,32021013,30622812,7278814,38500101,SO2,-95.232083,29.718711,284088.25276148296,3289702.509170873,0.0,0.3222434216368211,0.009269860308038749,544.3497,15.659111525354453,0.0005919786887672045,fixed benzene facility-z/h0 source geometry; facility-total point-ready SO2 allocated by existing geometry weights,20.0,6.096,10.0,3.048,80.0,299.81666666666666,15.0,4.572,FAC019,19
Q0001586,nonegu,run1_top20_facility_srcgroup_members_2021.csv,ptnonipm/nonegu_norailyard_2021_POINT_20240502_17may2024_v0.csv,2021hb_cb6_21k/inputs/ptnonipm/nonegu_norailyard_2021_POINT_20240502_17may2024_v0.csv,y2024v0csv_4762811_32025613_30635012_6826114,4762811,HOUSTON REFINING,48201,2,32025613,30635012,6826114,30600104,SO2,-95.234031,29.715639000000003,283893.1865892124,3289365.632257304,0.0,0.3625238493414237,0.01042859284654359,544.3497,15.659111525354453,0.0006659760248631049,fixed benzene facility-z/h0 source geometry; facility-total point-ready SO2 allocated by existing geometry weights,190.0,57.912000000000006,9.5,2.8956,400.0,477.5944444444444,27.0,8.2296,FAC019,19
Q0001587,nonegu,run1_top20_facility_srcgroup_members_2021.csv,ptnonipm/nonegu_norailyard_2021_POINT_20240502_17may2024_v0.csv,2021hb_cb6_21k/inputs/ptnonipm/nonegu_norailyard_2021_POINT_20240502_17may2024_v0.csv,y2024v0csv_4762811_32025813_30634912_6825914,4762811,HOUSTON REFINING,48201,2,32025813,30634912,6825914,30600104,SO2,-95.233978,29.715639000000003,283898.31482352363,3289365.533090308,0.0,0.3423836354891224,0.009849226577291169,544.3497,15.659111525354453,0.0006289773568151546,fixed benzene facility-z/h0 source geometry; facility-total point-ready SO2 allocated by existing geometry weights,190.0,57.912000000000006,7.0,2.1336,400.0,477.5944444444444,38.5,11.7348,FAC019,19
Q0001588,nonegu,run1_top20_facility_srcgroup_members_2021.csv,ptnonipm/nonegu_norailyard_2021_POINT_20240502_17may2024_v0.csv,2021hb_cb6_21k/inputs/ptnonipm/nonegu_norailyard_2021_POINT_20240502_17may2024_v0.csv,y2024v0csv_4762811_32026213_30589512_6825314,4762811,HOUSTON REFINING,48201,2,32026213,30589512,6825314,30600104,SO2,-95.231233,29.71355,284159.44648830424,3289128.84217223,0.0,0.08056085540920528,0.002317465077009687,544.3497,15.659111525354453,0.00014799467219180112,fixed benzene facility-z/h0 source geometry; facility-total point-ready SO2 allocated by existing geometry weights,122.0,37.1856,6.5,1.9812,400.0,477.5944444444444,17.9,5.45592,FAC019,19
Q0001589,nonegu,run1_top20_facility_srcgroup_members_2021.csv,ptnonipm/nonegu_norailyard_2021_POINT_20240502_17may2024_v0.csv,2021hb_cb6_21k/inputs/ptnonipm/nonegu_norailyard_2021_POINT_20240502_17may2024_v0.csv,y2024v0csv_4762811_32026713_30603512_7243214,4762811,HOUSTON REFINING,48201,2,32026713,30603512,7243214,30600904,SO2,-95.242461,29.714225,283074.463528384,3289224.6980558475,0.0,13.695345419564896,0.39396906309164675,544.3497,15.659111525354453,0.025159094272606188,fixed benzene facility-z/h0 source geometry; facility-total point-ready SO2 allocated by existing geometry weights,175.0,53.34,3.0,0.9144,800.0,699.8166666666666,0.0235,0.0071628,FAC019,19
Q0001590,nonegu,run1_top20_facility_srcgroup_members_2021.csv,ptnonipm/nonegu_norailyard_2021_POINT_20240502_17may2024_v0.csv,2021hb_cb6_21k/inputs/ptnonipm/nonegu_norailyard_2021_POINT_20240502_17may2024_v0.csv,y2024v0csv_4762811_32027013_64940512_97899214,4762811,HOUSTON REFINING,48201,2,32027013,64940512,97899214,30600904,SO2,-95.236947,29.715219,283610.1353495867,3289324.536378042,0.0,14.158570338167827,0.40729448728445244,544.3497,15.659111525354453,0.026010063637709045,fixed benzene facility-z/h0 source geometry; facility-total point-ready SO2 allocated by existing geometry weights,300.0,91.44,5.0,1.524,800.0,699.8166666666666,0.0509,0.01551432,FAC019,19
Q0001591,nonegu,run1_top20_facility_srcgroup_members_2021.csv,ptnonipm/nonegu_norailyard_2021_POINT_20240502_17may2024_v0.csv,2021hb_cb6_21k/inputs/ptnonipm/nonegu_norailyard_2021_POINT_20240502_17may2024_v0.csv,y2024v0csv_4762811_32027113_30581812_7242814,4762811,HOUSTON REFINING,48201,2,32027113,30581812,7242814,31000102,SO2,-95.234056,29.718664,283897.25211502623,3289700.989702254,0.0,0.10070106926150658,0.0028968313462621083,544.3497,15.659111525354453,0.00018499334023975138,fixed benzene facility-z/h0 source geometry; facility-total point-ready SO2 allocated by existing geometry weights,71.0,21.6408,11.5,3.5052000000000003,1600.0,1144.261111111111,56.3,17.16024,FAC019,19
Q0001592,nonegu,run1_top20_facility_srcgroup_members_2021.csv,ptnonipm/nonegu_norailyard_2021_POINT_20240502_17may2024_v0.csv,2021hb_cb6_21k/inputs/ptnonipm/nonegu_norailyard_2021_POINT_20240502_17may2024_v0.csv,y2024v0csv_4762811_32027213_30630612_7242714,4762811,HOUSTON REFINING,48201,2,32027213,30630612,7242714,30600904,SO2,-95.236981,29.714383,283605.0512195261,3289231.932336561,0.0,12.547353229983722,0.36094518574425877,544.3497,15.659111525354453,0.023050170193873024,fixed benzene facility-z/h0 source geometry; facility-total point-ready SO2 allocated by existing geometry weights,50.0,15.24,2.0,0.6096,800.0,699.8166666666666,15.909,4.849063200000001,FAC019,19
Q0002299,nonegu,run1_top20_facility_srcgroup_members_2021.csv,ptnonipm/nonegu_norailyard_2021_POINT_20240502_17may2024_v0.csv,2021hb_cb6_21k/inputs/ptnonipm/nonegu_norailyard_2021_POINT_20240502_17may2024_v0.csv,y2024v0csv_4762811_70627013_64938812_97903414,4762811,HOUSTON REFINING,48201,2,70627013,64938812,97903414,38500101,SO2,-95.232483,29.713475,284038.3345049577,3289122.865185268,0.0,5.981643514133491,0.17207178196796924,544.3497,15.659111525354453,0.010988604410241232,fixed benzene facility-z/h0 source geometry; facility-total point-ready SO2 allocated by existing geometry weights,20.0,6.096,10.0,3.048,80.0,299.81666666666666,15.0,4.572,FAC019,19
Q0002300,nonegu,run1_top20_facility_srcgroup_members_2021.csv,ptnonipm/nonegu_norailyard_2021_POINT_20240502_17may2024_v0.csv,2021hb_cb6_21k/inputs/ptnonipm/nonegu_norailyard_2021_POINT_20240502_17may2024_v0.csv,y2024v0csv_4762811_70627113_64939412_97903514,4762811,HOUSTON REFINING,48201,3,70627113,64939412,97903514,30600199,SO2,-95.23355,29.713439,283935.0131762674,3289120.8701775987,0.0,0.10070106926150658,0.0028968313462621083,544.3497,15.659111525354453,0.00018499334023975138,fixed benzene facility-z/h0 source geometry; facility-total point-ready SO2 allocated by existing geometry weights,100.0,30.48,3.0,0.9144,300.0,422.0388888888889,83.7,25.51176,FAC019,19
Q0002301,nonegu,run1_top20_facility_srcgroup_members_2021.csv,ptnonipm/nonegu_norailyard_2021_POINT_20240502_17may2024_v0.csv,2021hb_cb6_21k/inputs/ptnonipm/nonegu_norailyard_2021_POINT_20240502_17may2024_v0.csv,y2024v0csv_4762811_70627613_64941312_97904014,4762811,HOUSTON REFINING,48201,2,70627613,64941312,97904014,40301109,SO2,-95.227653,29.715521999999996,284510.06561805087,3289340.7464530626,0.0,1.007010692615066,0.028968313462621083,544.3497,15.659111525354453,0.0018499334023975138,fixed benzene facility-z/h0 source geometry; facility-total point-ready SO2 allocated by existing geometry weights,48.0,14.630400000000002,3.0,0.9144,70.0,294.26111111111106,0.1,0.03048,FAC019,19
Q0002496,nonegu,run1_top20_facility_srcgroup_members_2021.csv,ptnonipm/nonegu_norailyard_2021_POINT_20240502_17may2024_v0.csv,2021hb_cb6_21k/inputs/ptnonipm/nonegu_norailyard_2021_POINT_20240502_17may2024_v0.csv,y2024v0csv_4762811_90233913_86197312_122164214,4762811,HOUSTON REFINING,48201,2,90233913,86197312,122164214,40301150,SO2,-95.228822,29.711883,284389.17271619564,3288939.558572503,0.0,0.08056085540920528,0.002317465077009687,544.3497,15.659111525354453,0.00014799467219180112,fixed benzene facility-z/h0 source geometry; facility-total point-ready SO2 allocated by existing geometry weights,48.0,14.630400000000002,3.0,0.9144,80.0,299.81666666666666,0.1,0.03048,FAC019,19
Q0002525,nonegu,run1_top20_facility_srcgroup_members_2021.csv,ptnonipm/nonegu_norailyard_2021_POINT_20240502_17may2024_v0.csv,2021hb_cb6_21k/inputs/ptnonipm/nonegu_norailyard_2021_POINT_20240502_17may2024_v0.csv,y2024v0csv_4762811_91485213_96202112_138948014,4762811,HOUSTON REFINING,48201,3,91485213,96202112,138948014,40388801,SO2,-95.236047,29.704958,283675.2082819849,3288185.4548297673,0.0,0.42294449089832764,0.012166691654300853,544.3497,15.659111525354453,0.0007769720290069557,fixed benzene facility-z/h0 source geometry; facility-total point-ready SO2 allocated by existing geometry weights,48.0,14.630400000000002,3.0,0.9144,77.0,298.15,0.1,0.03048,FAC019,19
Q0002526,nonegu,run1_top20_facility_srcgroup_members_2021.csv,ptnonipm/nonegu_norailyard_2021_POINT_20240502_17may2024_v0.csv,2021hb_cb6_21k/inputs/ptnonipm/nonegu_norailyard_2021_POINT_20240502_17may2024_v0.csv,y2024v0csv_4762811_91485313_64941212_124659014,4762811,HOUSTON REFINING,48201,2,91485313,64941212,124659014,30181003,SO2,-95.22895,29.709347,284371.36437681894,3288658.691509215,0.0,0.3222434216368211,0.009269860308038749,544.3497,15.659111525354453,0.0005919786887672045,fixed benzene facility-z/h0 source geometry; facility-total point-ready SO2 allocated by existing geometry weights,40.0,12.192,3.0,0.9144,70.0,294.26111111111106,0.1,0.03048,FAC019,19
Q0002540,nonegu,run1_top20_facility_srcgroup_members_2021.csv,ptnonipm/nonegu_norailyard_2021_POINT_20240502_17may2024_v0.csv,2021hb_cb6_21k/inputs/ptnonipm/nonegu_norailyard_2021_POINT_20240502_17may2024_v0.csv,y2024v0csv_4762811_92101513_89142112_125696314,4762811,HOUSTON REFINING,48201,2,92101513,89142112,125696314,30601402,SO2,-95.242997,29.712675,283019.26416274696,3289053.8923142143,0.0,0.6444868432736423,0.018539720616077497,544.3497,15.659111525354453,0.001183957377534409,fixed benzene facility-z/h0 source geometry; facility-total point-ready SO2 allocated by existing geometry weights,120.0,36.576,3.0,0.9144,212.0,373.15,41.0,12.4968,FAC019,19
Q0002541,nonegu,run1_top20_facility_srcgroup_members_2021.csv,ptnonipm/nonegu_norailyard_2021_POINT_20240502_17may2024_v0.csv,2021hb_cb6_21k/inputs/ptnonipm/nonegu_norailyard_2021_POINT_20240502_17may2024_v0.csv,y2024v0csv_4762811_92101613_89142212_125696414,4762811,HOUSTON REFINING,48201,3,92101613,89142212,125696414,30601402,SO2,-95.243547,29.712764,282966.23646739044,3289064.7909850143,0.0,12.708474940802132,0.3655801158982781,544.3497,15.659111525354453,0.023346159538256625,fixed benzene facility-z/h0 source geometry; facility-total point-ready SO2 allocated by existing geometry weights,1.0,0.3048,0.67,0.204216,212.0,373.15,115.0,35.052,FAC019,19
Q0002542,nonegu,run1_top20_facility_srcgroup_members_2021.csv,ptnonipm/nonegu_norailyard_2021_POINT_20240502_17may2024_v0.csv,2021hb_cb6_21k/inputs/ptnonipm/nonegu_norailyard_2021_POINT_20240502_17may2024_v0.csv,y2024v0csv_4762811_92101713_89142312_125696514,4762811,HOUSTON REFINING,48201,2,92101713,89142312,125696514,30601402,SO2,-95.240878,29.713517,283226.1136200215,3289143.246572288,0.0,0.5840662017167382,0.01680162180832023,544.3497,15.659111525354453,0.001072961373390558,fixed benzene facility-z/h0 source geometry; facility-total point-ready SO2 allocated by existing geometry weights,167.0,50.9016,3.0,0.9144,212.0,373.15,52.0,15.8496,FAC019,19
Q0002543,nonegu,run1_top20_facility_srcgroup_members_2021.csv,ptnonipm/nonegu_norailyard_2021_POINT_20240502_17may2024_v0.csv,2021hb_cb6_21k/inputs/ptnonipm/nonegu_norailyard_2021_POINT_20240502_17may2024_v0.csv,y2024v0csv_4762811_92101813_89142412_125696614,4762811,HOUSTON REFINING,48201,2,92101813,89142412,125696614,30601402,SO2,-95.240878,29.713578,283226.2447674349,3289150.008221863,0.0,11.641043606630161,0.3348737036278997,544.3497,15.659111525354453,0.02138523013171526,fixed benzene facility-z/h0 source geometry; facility-total point-ready SO2 allocated by existing geometry weights,196.0,59.7408,1.5,0.4572,212.0,373.15,115.0,35.052,FAC019,19
Q0001043,nonegu,run1_top20_facility_srcgroup_members_2021.csv,ptnonipm/nonegu_norailyard_2021_POINT_20240502_17may2024_v0.csv,2021hb_cb6_21k/inputs/ptnonipm/nonegu_norailyard_2021_POINT_20240502_17may2024_v0.csv,y2024v0csv_4941411_31101113_29740612_7456414,4941411,CHANNELVIEW PLANT,48201,2,31101113,29740612,7456414,30181003,SO2,-95.1125,29.815278000000003,295854.42557800096,3300188.6808086154,0.0,0.07578461337256825,0.00218006864467256,78.30649999999999,2.2526148478821026,0.0009677946705901587,fixed benzene facility-z/h0 source geometry; facility-total point-ready SO2 allocated by existing geometry weights,50.0,15.24,3.0,0.9144,68.0,293.15,0.1,0.03048,FAC002,2
Q0001044,nonegu,run1_top20_facility_srcgroup_members_2021.csv,ptnonipm/nonegu_norailyard_2021_POINT_20240502_17may2024_v0.csv,2021hb_cb6_21k/inputs/ptnonipm/nonegu_norailyard_2021_POINT_20240502_17may2024_v0.csv,y2024v0csv_4941411_31101413_29731712_7456014,4941411,CHANNELVIEW PLANT,48201,2,31101413,29731712,7456014,30199998,SO2,-95.102467,29.813272,296820.14783348213,3299948.585895294,0.0,1.473191436978911,0.04237876682920915,78.30649999999999,2.2526148478821026,0.018813143697891124,fixed benzene facility-z/h0 source geometry; facility-total point-ready SO2 allocated by existing geometry weights,105.0,32.004000000000005,2.0,0.6096,650.0,616.4833333333333,2.8636,0.87282528,FAC002,2
Q0001045,nonegu,run1_top20_facility_srcgroup_members_2021.csv,ptnonipm/nonegu_norailyard_2021_POINT_20240502_17may2024_v0.csv,2021hb_cb6_21k/inputs/ptnonipm/nonegu_norailyard_2021_POINT_20240502_17may2024_v0.csv,y2024v0csv_4941411_31101613_29746712_7455814,4941411,CHANNELVIEW PLANT,48201,2,31101613,29746712,7455814,40799999,SO2,-95.101944,29.816944,296878.1289216266,3300354.6786900386,0.0,0.10906839627268268,0.003137531225103076,78.30649999999999,2.2526148478821026,0.001392839627268269,fixed benzene facility-z/h0 source geometry; facility-total point-ready SO2 allocated by existing geometry weights,22.0,6.7056,3.0,0.9144,85.0,302.59444444444443,0.1,0.03048,FAC002,2
Q0001046,nonegu,run1_top20_facility_srcgroup_members_2021.csv,ptnonipm/nonegu_norailyard_2021_POINT_20240502_17may2024_v0.csv,2021hb_cb6_21k/inputs/ptnonipm/nonegu_norailyard_2021_POINT_20240502_17may2024_v0.csv,y2024v0csv_4941411_31102913_29730412_7454414,4941411,CHANNELVIEW PLANT,48201,2,31102913,29730412,7454414,10201302,SO2,-95.107328,29.816944,296357.7254551428,3300364.1880217693,0.0,0.008704989373876083,0.00025041329026644267,78.30649999999999,2.2526148478821026,0.00011116560405427498,fixed benzene facility-z/h0 source geometry; facility-total point-ready SO2 allocated by existing geometry weights,250.0,76.2,15.0,4.572,385.0,469.26111111111106,9.55,2.9108400000000003,FAC002,2
Q0001048,nonegu,run1_top20_facility_srcgroup_members_2021.csv,ptnonipm/nonegu_norailyard_2021_POINT_20240502_17may2024_v0.csv,2021hb_cb6_21k/inputs/ptnonipm/nonegu_norailyard_2021_POINT_20240502_17may2024_v0.csv,y2024v0csv_4941411_31105513_29746312_97913814,4941411,CHANNELVIEW PLANT,48201,2,31105513,29746312,97913814,30199998,SO2,-95.115,29.814991999999997,295612.1952319597,3300161.414135597,0.0,9.395755883603073,0.2702843213587622,78.30649999999999,2.2526148478821026,0.11998692169364068,fixed benzene facility-z/h0 source geometry; facility-total point-ready SO2 allocated by existing geometry weights,100.0,30.48,5.0,1.524,300.0,422.0388888888889,70.0,21.336,FAC002,2
Q0001047,nonegu,run1_top20_facility_srcgroup_members_2021.csv,ptnonipm/nonegu_norailyard_2021_POINT_20240502_17may2024_v0.csv,2021hb_cb6_21k/inputs/ptnonipm/nonegu_norailyard_2021_POINT_20240502_17may2024_v0.csv,y2024v0csv_4941411_31105513_29751212_7238114,4941411,CHANNELVIEW PLANT,48201,2,31105513,29751212,7238114,30199998,SO2,-95.1186,29.817556,295269.44803839154,3300452.012053095,0.0,26.176415105443844,0.7530074940247383,78.30649999999999,2.2526148478821026,0.33428151054438454,fixed benzene facility-z/h0 source geometry; facility-total point-ready SO2 allocated by existing geometry weights,110.0,33.528,1.0,0.3048,650.0,616.4833333333333,25.4545,7.7585316,FAC002,2
Q0001050,nonegu,run1_top20_facility_srcgroup_members_2021.csv,ptnonipm/nonegu_norailyard_2021_POINT_20240502_17may2024_v0.csv,2021hb_cb6_21k/inputs/ptnonipm/nonegu_norailyard_2021_POINT_20240502_17may2024_v0.csv,y2024v0csv_4941411_31106213_29731612_7237414,4941411,CHANNELVIEW PLANT,48201,2,31106213,29731612,7237414,30199998,SO2,-95.102142,29.819069,296863.28985382605,3300590.5693886746,0.0,30.505867173451033,0.8775512804484307,78.30649999999999,2.2526148478821026,0.38957005067843714,fixed benzene facility-z/h0 source geometry; facility-total point-ready SO2 allocated by existing geometry weights,110.0,33.528,2.0,0.6096,650.0,616.4833333333333,10.9772,3.34585056,FAC002,2
Q0001049,nonegu,run1_top20_facility_srcgroup_members_2021.csv,ptnonipm/nonegu_norailyard_2021_POINT_20240502_17may2024_v0.csv,2021hb_cb6_21k/inputs/ptnonipm/nonegu_norailyard_2021_POINT_20240502_17may2024_v0.csv,y2024v0csv_4941411_31106213_29733712_97914414,4941411,CHANNELVIEW PLANT,48201,2,31106213,29733712,97914414,30199998,SO2,-95.103378,29.819161,296744.0101475081,3300602.948146738,0.0,2.0953421481118193,0.06027595198648726,78.30649999999999,2.2526148478821026,0.026758214811181954,fixed benzene facility-z/h0 source geometry; facility-total point-ready SO2 allocated by existing geometry weights,100.0,30.48,5.0,1.524,300.0,422.0388888888889,70.0,21.336,FAC002,2
Q0001051,nonegu,run1_top20_facility_srcgroup_members_2021.csv,ptnonipm/nonegu_norailyard_2021_POINT_20240502_17may2024_v0.csv,2021hb_cb6_21k/inputs/ptnonipm/nonegu_norailyard_2021_POINT_20240502_17may2024_v0.csv,y2024v0csv_4941411_31107113_29741512_7236514,4941411,CHANNELVIEW PLANT,48201,2,31107113,29741512,7236514,30190003,SO2,-95.106389,29.817778000000004,296450.1774681078,3300454.970985822,0.0,0.000512058198463299,1.4730193545084864e-05,78.30649999999999,2.2526148478821026,6.539153179663234e-06,fixed benzene facility-z/h0 source geometry; facility-total point-ready SO2 allocated by existing geometry weights,130.0,39.624,7.0,2.1336,502.0,534.2611111111111,22.83,6.958584,FAC002,2
Q0001052,nonegu,run1_top20_facility_srcgroup_members_2021.csv,ptnonipm/nonegu_norailyard_2021_POINT_20240502_17may2024_v0.csv,2021hb_cb6_21k/inputs/ptnonipm/nonegu_norailyard_2021_POINT_20240502_17may2024_v0.csv,y2024v0csv_4941411_31107413_29731412_7236214,4941411,CHANNELVIEW PLANT,48201,2,31107413,29731412,7236214,40703610,SO2,-95.102894,29.816878000000003,296786.17088585696,3300349.0391892064,0.0,0.008192931175412784,0.00023568309672135782,78.30649999999999,2.2526148478821026,0.00010462645087461175,fixed benzene facility-z/h0 source geometry; facility-total point-ready SO2 allocated by existing geometry weights,25.0,7.62,3.0,0.9144,85.0,302.59444444444443,0.1,0.03048,FAC002,2
Q0001053,nonegu,run1_top20_facility_srcgroup_members_2021.csv,ptnonipm/nonegu_norailyard_2021_POINT_20240502_17may2024_v0.csv,2021hb_cb6_21k/inputs/ptnonipm/nonegu_norailyard_2021_POINT_20240502_17may2024_v0.csv,y2024v0csv_4941411_31113813_29730812_7076914,4941411,CHANNELVIEW PLANT,48201,2,31113813,29730812,7076914,40301108,SO2,-95.101944,29.816667,296877.56859707733,3300323.975180184,0.0,4.115411741049534,0.11838656552184705,78.30649999999999,2.2526148478821026,0.05255517410495341,fixed benzene facility-z/h0 source geometry; facility-total point-ready SO2 allocated by existing geometry weights,40.0,12.192,3.0,0.9144,85.0,302.59444444444443,0.1,0.03048,FAC002,2
Q0001054,nonegu,run1_top20_facility_srcgroup_members_2021.csv,ptnonipm/nonegu_norailyard_2021_POINT_20240502_17may2024_v0.csv,2021hb_cb6_21k/inputs/ptnonipm/nonegu_norailyard_2021_POINT_20240502_17may2024_v0.csv,y2024v0csv_4941411_31115013_29730712_6929714,4941411,CHANNELVIEW PLANT,48201,2,31115013,29730712,6929714,40703610,SO2,-95.102686,29.816339000000003,296805.1849415983,3300288.927750877,0.0,0.007680872976949484,0.00022095290317627296,78.30649999999999,2.2526148478821026,9.808729769494851e-05,fixed benzene facility-z/h0 source geometry; facility-total point-ready SO2 allocated by existing geometry weights,25.0,7.62,3.0,0.9144,85.0,302.59444444444443,0.1,0.03048,FAC002,2
Q0001055,nonegu,run1_top20_facility_srcgroup_members_2021.csv,ptnonipm/nonegu_norailyard_2021_POINT_20240502_17may2024_v0.csv,2021hb_cb6_21k/inputs/ptnonipm/nonegu_norailyard_2021_POINT_20240502_17may2024_v0.csv,y2024v0csv_4941411_31122313_29753312_6969714,4941411,CHANNELVIEW PLANT,48201,2,31122313,29753312,6969714,40301108,SO2,-95.112644,29.817041999999997,295844.0930433241,3300384.4638080993,0.0,4.088784714729442,0.11762059545750263,78.30649999999999,2.2526148478821026,0.05221513813961092,fixed benzene facility-z/h0 source geometry; facility-total point-ready SO2 allocated by existing geometry weights,20.0,6.096,3.0,0.9144,68.0,293.15,0.1,0.03048,FAC002,2
Q0001056,nonegu,run1_top20_facility_srcgroup_members_2021.csv,ptnonipm/nonegu_norailyard_2021_POINT_20240502_17may2024_v0.csv,2021hb_cb6_21k/inputs/ptnonipm/nonegu_norailyard_2021_POINT_20240502_17may2024_v0.csv,y2024v0csv_4941411_31123113_29734312_6968714,4941411,CHANNELVIEW PLANT,48201,2,31123113,29734312,6968714,30199998,SO2,-95.111944,29.815556,295908.7331241566,3300218.5097262254,0.0,0.021506444335458556,0.0006186681288935643,78.30649999999999,2.2526148478821026,0.00027464443354585584,fixed benzene facility-z/h0 source geometry; facility-total point-ready SO2 allocated by existing geometry weights,50.0,15.24,1.0,0.3048,650.0,616.4833333333333,6.3636,1.93962528,FAC002,2
Q0001057,nonegu,run1_top20_facility_srcgroup_members_2021.csv,ptnonipm/nonegu_norailyard_2021_POINT_20240502_17may2024_v0.csv,2021hb_cb6_21k/inputs/ptnonipm/nonegu_norailyard_2021_POINT_20240502_17may2024_v0.csv,y2024v0csv_4941411_31123513_29730412_6968314,4941411,CHANNELVIEW PLANT,48201,2,31123513,29730412,6968314,10201302,SO2,-95.107328,29.816944,296357.7254551428,3300364.1880217693,0.0,0.018946153343142064,0.00054501716116814,78.30649999999999,2.2526148478821026,0.00024194866764753968,fixed benzene facility-z/h0 source geometry; facility-total point-ready SO2 allocated by existing geometry weights,250.0,76.2,15.0,4.572,385.0,469.26111111111106,9.55,2.9108400000000003,FAC002,2
Q0001058,nonegu,run1_top20_facility_srcgroup_members_2021.csv,ptnonipm/nonegu_norailyard_2021_POINT_20240502_17may2024_v0.csv,2021hb_cb6_21k/inputs/ptnonipm/nonegu_norailyard_2021_POINT_20240502_17may2024_v0.csv,y2024v0csv_4941411_31123613_29730412_6968214,4941411,CHANNELVIEW PLANT,48201,2,31123613,29730412,6968214,10201302,SO2,-95.107328,29.816944,296357.7254551428,3300364.1880217693,0.0,0.032771724701651135,0.0009427323868854313,78.30649999999999,2.2526148478821026,0.000418505803498447,fixed benzene facility-z/h0 source geometry; facility-total point-ready SO2 allocated by existing geometry weights,250.0,76.2,15.0,4.572,385.0,469.26111111111106,9.55,2.9108400000000003,FAC002,2
Q0001059,nonegu,run1_top20_facility_srcgroup_members_2021.csv,ptnonipm/nonegu_norailyard_2021_POINT_20240502_17may2024_v0.csv,2021hb_cb6_21k/inputs/ptnonipm/nonegu_norailyard_2021_POINT_20240502_17may2024_v0.csv,y2024v0csv_4941411_31124313_29737612_6824914,4941411,CHANNELVIEW PLANT,48201,2,31124313,29737612,6824914,38500101,SO2,-95.106053,29.815517,296478.0715459763,3300203.760733459,0.0,0.034307899297041033,0.000986922967520686,78.30649999999999,2.2526148478821026,0.00043812326303743673,fixed benzene facility-z/h0 source geometry; facility-total point-ready SO2 allocated by existing geometry weights,50.0,15.24,12.0,3.6576,80.0,299.81666666666666,30.0,9.144,FAC002,2
Q0001060,nonegu,run1_top20_facility_srcgroup_members_2021.csv,ptnonipm/nonegu_norailyard_2021_POINT_20240502_17may2024_v0.csv,2021hb_cb6_21k/inputs/ptnonipm/nonegu_norailyard_2021_POINT_20240502_17may2024_v0.csv,y2024v0csv_4941411_31125213_29737212_7242014,4941411,CHANNELVIEW PLANT,48201,2,31125213,29737212,7242014,40703610,SO2,-95.112558,29.816569,295851.44395474077,3300331.882418166,0.0,0.10497193068497629,0.0030196896767423972,78.30649999999999,2.2526148478821026,0.0013405264018309631,fixed benzene facility-z/h0 source geometry; facility-total point-ready SO2 allocated by existing geometry weights,42.0,12.8016,3.0,0.9144,68.0,293.15,0.1,0.03048,FAC002,2
Q0001061,nonegu,run1_top20_facility_srcgroup_members_2021.csv,ptnonipm/nonegu_norailyard_2021_POINT_20240502_17may2024_v0.csv,2021hb_cb6_21k/inputs/ptnonipm/nonegu_norailyard_2021_POINT_20240502_17may2024_v0.csv,y2024v0csv_4941411_31127613_29745312_7239414,4941411,CHANNELVIEW PLANT,48201,2,31127613,29745312,7239414,38500101,SO2,-95.115833,29.815803,295533.3290659594,3300252.7869479475,0.0,0.033283782900114425,0.0009574625804305161,78.30649999999999,2.2526148478821026,0.0004250449566781102,fixed benzene facility-z/h0 source geometry; facility-total point-ready SO2 allocated by existing geometry weights,50.0,15.24,12.0,3.6576,80.0,299.81666666666666,30.0,9.144,FAC002,2
Q0000350,nonegu,run1_top20_facility_srcgroup_members_2021.csv,ptnonipm/nonegu_norailyard_2021_POINT_20240502_17may2024_v0.csv,2021hb_cb6_21k/inputs/ptnonipm/nonegu_norailyard_2021_POINT_20240502_17may2024_v0.csv,y2024v0csv_5018711_134038313_139075512_196162714,5018711,SWEENY REFINERY PETROCHEM,48039,2,134038313,139075512,196162714,30119701,SO2,-95.750278,29.070833,232251.27926329657,3218957.2888443684,0.0,0.26296129228893633,0.007564512670446561,172.5552,4.963833214347033,0.0015239256324291377,fixed benzene facility-z/h0 source geometry; facility-total point-ready SO2 allocated by existing geometry weights,10.0,3.048,1.0,0.3048,76.0,297.59444444444443,2.0,0.6096,FAC020,20
Q0000351,nonegu,run1_top20_facility_srcgroup_members_2021.csv,ptnonipm/nonegu_norailyard_2021_POINT_20240502_17may2024_v0.csv,2021hb_cb6_21k/inputs/ptnonipm/nonegu_norailyard_2021_POINT_20240502_17may2024_v0.csv,y2024v0csv_5018711_134038413_139075612_196162814,5018711,SWEENY REFINERY PETROCHEM,48039,2,134038413,139075612,196162814,30119701,SO2,-95.750278,29.070833,232251.27926329657,3218957.2888443684,0.0,2.0773942090825974,0.059759650096527846,172.5552,4.963833214347033,0.01203901249619019,fixed benzene facility-z/h0 source geometry; facility-total point-ready SO2 allocated by existing geometry weights,50.0,15.24,4.5,1.3716000000000002,1600.0,1144.261111111111,42.15,12.84732,FAC020,20
Q0000473,nonegu,run1_top20_facility_srcgroup_members_2021.csv,ptnonipm/nonegu_norailyard_2021_POINT_20240502_17may2024_v0.csv,2021hb_cb6_21k/inputs/ptnonipm/nonegu_norailyard_2021_POINT_20240502_17may2024_v0.csv,y2024v0csv_5018711_139031013_144373112_220728114,5018711,SWEENY REFINERY PETROCHEM,48039,2,139031013,144373112,220728114,38500101,SO2,-95.751306,29.068544,232145.23400334577,3218705.866553399,0.0,4.923950198110333,0.14164549975411186,172.5552,4.963833214347033,0.028535507467235603,fixed benzene facility-z/h0 source geometry; facility-total point-ready SO2 allocated by existing geometry weights,12.0,3.6576,11.9,3.62712,75.0,297.0388888888889,1.0,0.3048,FAC020,20
Q0000474,nonegu,run1_top20_facility_srcgroup_members_2021.csv,ptnonipm/nonegu_norailyard_2021_POINT_20240502_17may2024_v0.csv,2021hb_cb6_21k/inputs/ptnonipm/nonegu_norailyard_2021_POINT_20240502_17may2024_v0.csv,y2024v0csv_5018711_139031513_144373612_220728614,5018711,SWEENY REFINERY PETROCHEM,48039,2,139031513,144373612,220728614,40706013,SO2,-95.751306,29.068544,232145.23400334577,3218705.866553399,0.0,0.0065740323072234095,0.00018911281676116406,172.5552,4.963833214347033,3.809814081072845e-05,fixed benzene facility-z/h0 source geometry; facility-total point-ready SO2 allocated by existing geometry weights,12.0,3.6576,8.0,2.4384,75.0,297.0388888888889,1.0,0.3048,FAC020,20
Q0000945,nonegu,run1_top20_facility_srcgroup_members_2021.csv,ptnonipm/nonegu_norailyard_2021_POINT_20240502_17may2024_v0.csv,2021hb_cb6_21k/inputs/ptnonipm/nonegu_norailyard_2021_POINT_20240502_17may2024_v0.csv,y2024v0csv_5018711_29862713_28653412_13390514,5018711,SWEENY REFINERY PETROCHEM,48039,2,29862713,28653412,13390514,40301142,SO2,-95.733803,29.079642,233878.48522564367,3219896.5117898923,0.0,1.1044374276135327,0.03177095321587556,172.5552,4.963833214347033,0.006400487656202378,fixed benzene facility-z/h0 source geometry; facility-total point-ready SO2 allocated by existing geometry weights,40.0,12.192,3.0,0.9144,78.0,298.7055555555555,0.1,0.03048,FAC020,20
Q0000946,nonegu,run1_top20_facility_srcgroup_members_2021.csv,ptnonipm/nonegu_norailyard_2021_POINT_20240502_17may2024_v0.csv,2021hb_cb6_21k/inputs/ptnonipm/nonegu_norailyard_2021_POINT_20240502_17may2024_v0.csv,y2024v0csv_5018711_29862913_28647712_12194414,5018711,SWEENY REFINERY PETROCHEM,48039,2,29862913,28647712,12194414,40301150,SO2,-95.758561,29.071111,231445.2924646227,3219006.966406952,0.0,0.052592258457787276,0.0015129025340893125,172.5552,4.963833214347033,0.0003047851264858276,fixed benzene facility-z/h0 source geometry; facility-total point-ready SO2 allocated by existing geometry weights,30.0,9.144,3.0,0.9144,78.0,298.7055555555555,0.1,0.03048,FAC020,20
Q0000947,nonegu,run1_top20_facility_srcgroup_members_2021.csv,ptnonipm/nonegu_norailyard_2021_POINT_20240502_17may2024_v0.csv,2021hb_cb6_21k/inputs/ptnonipm/nonegu_norailyard_2021_POINT_20240502_17may2024_v0.csv,y2024v0csv_5018711_29863113_28656812_12194214,5018711,SWEENY REFINERY PETROCHEM,48039,2,29863113,28656812,12194214,40301143,SO2,-95.754289,29.075028000000003,231871.5071001755,3219431.4743442745,0.0,0.38786790612618116,0.011157656188908679,172.5552,4.963833214347033,0.0022477903078329782,fixed benzene facility-z/h0 source geometry; facility-total point-ready SO2 allocated by existing geometry weights,44.0,13.4112,3.0,0.9144,78.0,298.7055555555555,0.1,0.03048,FAC020,20
Q0000948,nonegu,run1_top20_facility_srcgroup_members_2021.csv,ptnonipm/nonegu_norailyard_2021_POINT_20240502_17may2024_v0.csv,2021hb_cb6_21k/inputs/ptnonipm/nonegu_norailyard_2021_POINT_20240502_17may2024_v0.csv,y2024v0csv_5018711_29863213_28663712_12194114,5018711,SWEENY REFINERY PETROCHEM,48039,2,29863213,28663712,12194114,40301143,SO2,-95.754994,29.075619,231804.37979010303,3219498.5984286047,0.0,0.1380546784516916,0.003971369151984445,172.5552,4.963833214347033,0.0008000609570252972,fixed benzene facility-z/h0 source geometry; facility-total point-ready SO2 allocated by existing geometry weights,44.0,13.4112,3.0,0.9144,78.0,298.7055555555555,0.1,0.03048,FAC020,20
Q0000949,nonegu,run1_top20_facility_srcgroup_members_2021.csv,ptnonipm/nonegu_norailyard_2021_POINT_20240502_17may2024_v0.csv,2021hb_cb6_21k/inputs/ptnonipm/nonegu_norailyard_2021_POINT_20240502_17may2024_v0.csv,y2024v0csv_5018711_29863313_28647112_12194014,5018711,SWEENY REFINERY PETROCHEM,48039,2,29863313,28647112,12194014,40301143,SO2,-95.754708,29.072642,231824.516274646,3219167.914728404,0.0,0.20379500152392568,0.005862497319596085,172.5552,4.963833214347033,0.0011810423651325817,fixed benzene facility-z/h0 source geometry; facility-total point-ready SO2 allocated by existing geometry weights,36.0,10.9728,3.0,0.9144,78.0,298.7055555555555,0.1,0.03048,FAC020,20
Q0000950,nonegu,run1_top20_facility_srcgroup_members_2021.csv,ptnonipm/nonegu_norailyard_2021_POINT_20240502_17may2024_v0.csv,2021hb_cb6_21k/inputs/ptnonipm/nonegu_norailyard_2021_POINT_20240502_17may2024_v0.csv,y2024v0csv_5018711_29863813_28643612_12569214,5018711,SWEENY REFINERY PETROCHEM,48039,2,29863813,28643612,12569214,40301020,SO2,-95.741558,29.076986,233116.41801886391,3219619.6191603374,0.0,0.0723143553794575,0.0020802409843728043,172.5552,4.963833214347033,0.00041907954891801287,fixed benzene facility-z/h0 source geometry; facility-total point-ready SO2 allocated by existing geometry weights,41.0,12.4968,3.0,0.9144,68.0,293.15,0.1,0.03048,FAC020,20
Q0000951,nonegu,run1_top20_facility_srcgroup_members_2021.csv,ptnonipm/nonegu_norailyard_2021_POINT_20240502_17may2024_v0.csv,2021hb_cb6_21k/inputs/ptnonipm/nonegu_norailyard_2021_POINT_20240502_17may2024_v0.csv,y2024v0csv_5018711_29863913_28661012_12569114,5018711,SWEENY REFINERY PETROCHEM,48039,2,29863913,28661012,12569114,40301020,SO2,-95.738975,29.074836,233362.42679883633,3219375.418916355,0.0,0.0788883876866809,0.002269353801133968,172.5552,4.963833214347033,0.00045717768972874126,fixed benzene facility-z/h0 source geometry; facility-total point-ready SO2 allocated by existing geometry weights,41.0,12.4968,3.0,0.9144,32.0,273.15,0.1,0.03048,FAC020,20
Q0000952,nonegu,run1_top20_facility_srcgroup_members_2021.csv,ptnonipm/nonegu_norailyard_2021_POINT_20240502_17may2024_v0.csv,2021hb_cb6_21k/inputs/ptnonipm/nonegu_norailyard_2021_POINT_20240502_17may2024_v0.csv,y2024v0csv_5018711_29864313_28652612_12568514,5018711,SWEENY REFINERY PETROCHEM,48039,2,29864313,28652612,12568514,30600505,SO2,-95.750978,29.065069,232168.18638987647,3218319.8806501664,0.0,0.0065740323072234095,0.00018911281676116406,172.5552,4.963833214347033,3.809814081072845e-05,fixed benzene facility-z/h0 source geometry; facility-total point-ready SO2 allocated by existing geometry weights,48.0,14.630400000000002,3.0,0.9144,80.0,299.81666666666666,0.1,0.03048,FAC020,20
Q0000953,nonegu,run1_top20_facility_srcgroup_members_2021.csv,ptnonipm/nonegu_norailyard_2021_POINT_20240502_17may2024_v0.csv,2021hb_cb6_21k/inputs/ptnonipm/nonegu_norailyard_2021_POINT_20240502_17may2024_v0.csv,y2024v0csv_5018711_29866613_28657112_12515814,5018711,SWEENY REFINERY PETROCHEM,48039,2,29866613,28657112,12515814,40301020,SO2,-95.755606,29.070856,231732.42796654307,3218971.962587687,0.0,0.0065740323072234095,0.00018911281676116406,172.5552,4.963833214347033,3.809814081072845e-05,fixed benzene facility-z/h0 source geometry; facility-total point-ready SO2 allocated by existing geometry weights,40.0,12.192,3.0,0.9144,68.0,293.15,0.1,0.03048,FAC020,20
Q0000954,nonegu,run1_top20_facility_srcgroup_members_2021.csv,ptnonipm/nonegu_norailyard_2021_POINT_20240502_17may2024_v0.csv,2021hb_cb6_21k/inputs/ptnonipm/nonegu_norailyard_2021_POINT_20240502_17may2024_v0.csv,y2024v0csv_5018711_29867213_28653312_12515114,5018711,SWEENY REFINERY PETROCHEM,48039,2,29867213,28653312,12515114,40301141,SO2,-95.732839,29.078844,233970.31106768153,3219805.867401273,0.0,0.013148064614446819,0.0003782256335223281,172.5552,4.963833214347033,7.61962816214569e-05,fixed benzene facility-z/h0 source geometry; facility-total point-ready SO2 allocated by existing geometry weights,40.0,12.192,2.0,0.6096,78.0,298.7055555555555,0.1,0.03048,FAC020,20
Q0000955,nonegu,run1_top20_facility_srcgroup_members_2021.csv,ptnonipm/nonegu_norailyard_2021_POINT_20240502_17may2024_v0.csv,2021hb_cb6_21k/inputs/ptnonipm/nonegu_norailyard_2021_POINT_20240502_17may2024_v0.csv,y2024v0csv_5018711_29867813_28628412_12514214,5018711,SWEENY REFINERY PETROCHEM,48039,2,29867813,28628412,12514214,40301141,SO2,-95.735653,29.077297,233692.28750233215,3219640.728031194,0.0,0.3615717768972875,0.010401204921864022,172.5552,4.963833214347033,0.0020953977445900642,fixed benzene facility-z/h0 source geometry; facility-total point-ready SO2 allocated by existing geometry weights,42.0,12.8016,3.0,0.9144,80.0,299.81666666666666,0.1,0.03048,FAC020,20
Q0000956,nonegu,run1_top20_facility_srcgroup_members_2021.csv,ptnonipm/nonegu_norailyard_2021_POINT_20240502_17may2024_v0.csv,2021hb_cb6_21k/inputs/ptnonipm/nonegu_norailyard_2021_POINT_20240502_17may2024_v0.csv,y2024v0csv_5018711_29868013_28644012_12514014,5018711,SWEENY REFINERY PETROCHEM,48039,2,29868013,28644012,12514014,40301018,SO2,-95.735825,29.075264,233670.30316645867,3219415.738999903,0.0,0.16435080768058524,0.004727820419029101,172.5552,4.963833214347033,0.0009524535202682111,fixed benzene facility-z/h0 source geometry; facility-total point-ready SO2 allocated by existing geometry weights,24.0,7.315200000000001,3.0,0.9144,70.0,294.26111111111106,0.1,0.03048,FAC020,20
Q0000957,nonegu,run1_top20_facility_srcgroup_members_2021.csv,ptnonipm/nonegu_norailyard_2021_POINT_20240502_17may2024_v0.csv,2021hb_cb6_21k/inputs/ptnonipm/nonegu_norailyard_2021_POINT_20240502_17may2024_v0.csv,y2024v0csv_5018711_29868413_28641612_12513614,5018711,SWEENY REFINERY PETROCHEM,48039,2,29868413,28641612,12513614,40301103,SO2,-95.73475,29.080425,233788.2777571256,3219985.455699524,0.0,0.013148064614446819,0.0003782256335223281,172.5552,4.963833214347033,7.61962816214569e-05,fixed benzene facility-z/h0 source geometry; facility-total point-ready SO2 allocated by existing geometry weights,40.0,12.192,3.0,0.9144,78.0,298.7055555555555,0.1,0.03048,FAC020,20
Q0000958,nonegu,run1_top20_facility_srcgroup_members_2021.csv,ptnonipm/nonegu_norailyard_2021_POINT_20240502_17may2024_v0.csv,2021hb_cb6_21k/inputs/ptnonipm/nonegu_norailyard_2021_POINT_20240502_17may2024_v0.csv,y2024v0csv_5018711_29868813_28642412_12513214,5018711,SWEENY REFINERY PETROCHEM,48039,2,29868813,28642412,12513214,30119701,SO2,-95.741392,29.071378000000003,233118.1181495405,3218997.5396762,0.0,12.194829929899424,0.3508042750919593,172.5552,4.963833214347033,0.07067205120390126,fixed benzene facility-z/h0 source geometry; facility-total point-ready SO2 allocated by existing geometry weights,20.0,6.096,10.0,3.048,375.0,463.7055555555555,16.9,5.15112,FAC020,20
Q0000959,nonegu,run1_top20_facility_srcgroup_members_2021.csv,ptnonipm/nonegu_norailyard_2021_POINT_20240502_17may2024_v0.csv,2021hb_cb6_21k/inputs/ptnonipm/nonegu_norailyard_2021_POINT_20240502_17may2024_v0.csv,y2024v0csv_5018711_29869513_28643912_12512414,5018711,SWEENY REFINERY PETROCHEM,48039,2,29869513,28643912,12512414,40301141,SO2,-95.746814,29.069491999999997,232585.18302843464,3218800.7554365364,0.0,0.04601822615056386,0.0013237897173281482,172.5552,4.963833214347033,0.0002666869856750991,fixed benzene facility-z/h0 source geometry; facility-total point-ready SO2 allocated by existing geometry weights,24.0,7.315200000000001,3.0,0.9144,77.0,298.15,0.1,0.03048,FAC020,20
Q0000960,nonegu,run1_top20_facility_srcgroup_members_2021.csv,ptnonipm/nonegu_norailyard_2021_POINT_20240502_17may2024_v0.csv,2021hb_cb6_21k/inputs/ptnonipm/nonegu_norailyard_2021_POINT_20240502_17may2024_v0.csv,y2024v0csv_5018711_29870713_28644212_12511114,5018711,SWEENY REFINERY PETROCHEM,48039,2,29870713,28644212,12511114,40301141,SO2,-95.732731,29.08065,233985.4733371759,3220005.836055427,0.0,0.0065740323072234095,0.00018911281676116406,172.5552,4.963833214347033,3.809814081072845e-05,fixed benzene facility-z/h0 source geometry; facility-total point-ready SO2 allocated by existing geometry weights,40.0,12.192,3.0,0.9144,78.0,298.7055555555555,0.1,0.03048,FAC020,20
Q0000961,nonegu,run1_top20_facility_srcgroup_members_2021.csv,ptnonipm/nonegu_norailyard_2021_POINT_20240502_17may2024_v0.csv,2021hb_cb6_21k/inputs/ptnonipm/nonegu_norailyard_2021_POINT_20240502_17may2024_v0.csv,y2024v0csv_5018711_29870913_28659412_12510914,5018711,SWEENY REFINERY PETROCHEM,48039,2,29870913,28659412,12510914,40301110,SO2,-95.731756,29.079819,234078.28534119832,3219911.5092959986,0.0,0.013148064614446819,0.0003782256335223281,172.5552,4.963833214347033,7.61962816214569e-05,fixed benzene facility-z/h0 source geometry; facility-total point-ready SO2 allocated by existing geometry weights,40.0,12.192,3.0,0.9144,78.0,298.7055555555555,0.1,0.03048,FAC020,20
Q0000962,nonegu,run1_top20_facility_srcgroup_members_2021.csv,ptnonipm/nonegu_norailyard_2021_POINT_20240502_17may2024_v0.csv,2021hb_cb6_21k/inputs/ptnonipm/nonegu_norailyard_2021_POINT_20240502_17may2024_v0.csv,y2024v0csv_5018711_29871013_28647012_12510814,5018711,SWEENY REFINERY PETROCHEM,48039,2,29871013,28647012,12510814,40301004,SO2,-95.751831,29.062833,232079.3173925932,3218073.936357881,0.0,0.8809203291679368,0.025341117445995983,172.5552,4.963833214347033,0.005105150868637612,fixed benzene facility-z/h0 source geometry; facility-total point-ready SO2 allocated by existing geometry weights,40.0,12.192,3.0,0.9144,70.0,294.26111111111106,0.1,0.03048,FAC020,20
Q0000963,nonegu,run1_top20_facility_srcgroup_members_2021.csv,ptnonipm/nonegu_norailyard_2021_POINT_20240502_17may2024_v0.csv,2021hb_cb6_21k/inputs/ptnonipm/nonegu_norailyard_2021_POINT_20240502_17may2024_v0.csv,y2024v0csv_5018711_29871213_28631512_12510214,5018711,SWEENY REFINERY PETROCHEM,48039,2,29871213,28631512,12510214,40301007,SO2,-95.733914,29.077153000000003,233861.27181762643,3219620.8327286923,0.0,2.747945504419385,0.07904915740616657,172.5552,4.963833214347033,0.01592502285888449,fixed benzene facility-z/h0 source geometry; facility-total point-ready SO2 allocated by existing geometry weights,40.0,12.192,3.0,0.9144,85.0,302.59444444444443,0.1,0.03048,FAC020,20
Q0000964,nonegu,run1_top20_facility_srcgroup_members_2021.csv,ptnonipm/nonegu_norailyard_2021_POINT_20240502_17may2024_v0.csv,2021hb_cb6_21k/inputs/ptnonipm/nonegu_norailyard_2021_POINT_20240502_17may2024_v0.csv,y2024v0csv_5018711_29871413_28631612_12509914,5018711,SWEENY REFINERY PETROCHEM,48039,2,29871413,28631612,12509914,40301007,SO2,-95.734911,29.077978,233766.30085578148,3219714.545745786,0.0,3.8129387381895707,0.10968543372147495,172.5552,4.963833214347033,0.02209692167022246,fixed benzene facility-z/h0 source geometry; facility-total point-ready SO2 allocated by existing geometry weights,40.0,12.192,3.0,0.9144,90.0,305.3722222222222,0.1,0.03048,FAC020,20
Q0000965,nonegu,run1_top20_facility_srcgroup_members_2021.csv,ptnonipm/nonegu_norailyard_2021_POINT_20240502_17may2024_v0.csv,2021hb_cb6_21k/inputs/ptnonipm/nonegu_norailyard_2021_POINT_20240502_17may2024_v0.csv,y2024v0csv_5018711_29871513_28631712_12509814,5018711,SWEENY REFINERY PETROCHEM,48039,2,29871513,28631712,12509814,40301007,SO2,-95.746886,29.072161,232585.06856106268,3219096.8050416997,0.0,3.2278498628466936,0.09285439302973153,172.5552,4.963833214347033,0.018706187138067664,fixed benzene facility-z/h0 source geometry; facility-total point-ready SO2 allocated by existing geometry weights,40.0,12.192,3.0,0.9144,91.0,305.92777777777775,0.1,0.03048,FAC020,20
Q0000966,nonegu,run1_top20_facility_srcgroup_members_2021.csv,ptnonipm/nonegu_norailyard_2021_POINT_20240502_17may2024_v0.csv,2021hb_cb6_21k/inputs/ptnonipm/nonegu_norailyard_2021_POINT_20240502_17may2024_v0.csv,y2024v0csv_5018711_29878413_28650512_12480614,5018711,SWEENY REFINERY PETROCHEM,48039,2,29878413,28650512,12480614,40301150,SO2,-95.750514,29.065444,232214.34959451016,3218360.398440005,0.0,0.0065740323072234095,0.00018911281676116406,172.5552,4.963833214347033,3.809814081072845e-05,fixed benzene facility-z/h0 source geometry; facility-total point-ready SO2 allocated by existing geometry weights,48.0,14.630400000000002,3.0,0.9144,68.0,293.15,0.1,0.03048,FAC020,20
Q0000967,nonegu,run1_top20_facility_srcgroup_members_2021.csv,ptnonipm/nonegu_norailyard_2021_POINT_20240502_17may2024_v0.csv,2021hb_cb6_21k/inputs/ptnonipm/nonegu_norailyard_2021_POINT_20240502_17may2024_v0.csv,y2024v0csv_5018711_29878813_28652912_13156714,5018711,SWEENY REFINERY PETROCHEM,48039,2,29878813,28652912,13156714,40301099,SO2,-95.758561,29.071111,231445.2924646227,3219006.966406952,0.0,0.052592258457787276,0.0015129025340893125,172.5552,4.963833214347033,0.0003047851264858276,fixed benzene facility-z/h0 source geometry; facility-total point-ready SO2 allocated by existing geometry weights,30.0,9.144,3.0,0.9144,78.0,298.7055555555555,0.1,0.03048,FAC020,20
Q0000968,nonegu,run1_top20_facility_srcgroup_members_2021.csv,ptnonipm/nonegu_norailyard_2021_POINT_20240502_17may2024_v0.csv,2021hb_cb6_21k/inputs/ptnonipm/nonegu_norailyard_2021_POINT_20240502_17may2024_v0.csv,y2024v0csv_5018711_29878913_28656112_13156614,5018711,SWEENY REFINERY PETROCHEM,48039,2,29878913,28656112,13156614,40301150,SO2,-95.748578,29.076310999999997,232431.0150545155,3219560.7187824,0.0,20.136260957025303,0.5792525577394455,172.5552,4.963833214347033,0.11669460530326123,fixed benzene facility-z/h0 source geometry; facility-total point-ready SO2 allocated by existing geometry weights,30.0,9.144,3.0,0.9144,83.0,301.4833333333333,0.1,0.03048,FAC020,20
Q0000969,nonegu,run1_top20_facility_srcgroup_members_2021.csv,ptnonipm/nonegu_norailyard_2021_POINT_20240502_17may2024_v0.csv,2021hb_cb6_21k/inputs/ptnonipm/nonegu_norailyard_2021_POINT_20240502_17may2024_v0.csv,y2024v0csv_5018711_29879013_28656212_13156514,5018711,SWEENY REFINERY PETROCHEM,48039,2,29879013,28656212,13156514,40301108,SO2,-95.748692,29.076396999999996,232420.1352896712,3219570.51181435,0.0,16.25758189576349,0.46767599585035863,172.5552,4.963833214347033,0.09421670222493143,fixed benzene facility-z/h0 source geometry; facility-total point-ready SO2 allocated by existing geometry weights,20.0,6.096,2.0,0.6096,70.0,294.26111111111106,0.1,0.03048,FAC020,20
Q0000970,nonegu,run1_top20_facility_srcgroup_members_2021.csv,ptnonipm/nonegu_norailyard_2021_POINT_20240502_17may2024_v0.csv,2021hb_cb6_21k/inputs/ptnonipm/nonegu_norailyard_2021_POINT_20240502_17may2024_v0.csv,y2024v0csv_5018711_29879113_28629612_13156314,5018711,SWEENY REFINERY PETROCHEM,48039,2,29879113,28629612,13156314,40301108,SO2,-95.748822,29.076294,232407.2084472794,3219559.388588287,0.0,16.57970947881744,0.47694252387165564,172.5552,4.963833214347033,0.09608351112465713,fixed benzene facility-z/h0 source geometry; facility-total point-ready SO2 allocated by existing geometry weights,28.0,8.5344,3.0,0.9144,78.0,298.7055555555555,0.1,0.03048,FAC020,20
Q0000971,nonegu,run1_top20_facility_srcgroup_members_2021.csv,ptnonipm/nonegu_norailyard_2021_POINT_20240502_17may2024_v0.csv,2021hb_cb6_21k/inputs/ptnonipm/nonegu_norailyard_2021_POINT_20240502_17may2024_v0.csv,y2024v0csv_5018711_29879413_28647812_13155614,5018711,SWEENY REFINERY PETROCHEM,48039,2,29879413,28647812,13155614,40301150,SO2,-95.758639,29.071414,231438.4822579882,3219040.7351120184,0.0,0.019722096921670224,0.000567338450283492,172.5552,4.963833214347033,0.00011429442243218532,fixed benzene facility-z/h0 source geometry; facility-total point-ready SO2 allocated by existing geometry weights,40.0,12.192,3.0,0.9144,78.0,298.7055555555555,0.1,0.03048,FAC020,20
Q0000972,nonegu,run1_top20_facility_srcgroup_members_2021.csv,ptnonipm/nonegu_norailyard_2021_POINT_20240502_17may2024_v0.csv,2021hb_cb6_21k/inputs/ptnonipm/nonegu_norailyard_2021_POINT_20240502_17may2024_v0.csv,y2024v0csv_5018711_29881913_28653712_13152614,5018711,SWEENY REFINERY PETROCHEM,48039,2,29881913,28653712,13152614,40301150,SO2,-95.754375,29.067696999999995,231844.13284975305,3218618.9505485776,0.0,0.09861048460835115,0.0028366922514174607,172.5552,4.963833214347033,0.0005714721121609267,fixed benzene facility-z/h0 source geometry; facility-total point-ready SO2 allocated by existing geometry weights,10.0,3.048,1.0,0.3048,100.0,310.92777777777775,1.0,0.3048,FAC020,20
Q0000973,nonegu,run1_top20_facility_srcgroup_members_2021.csv,ptnonipm/nonegu_norailyard_2021_POINT_20240502_17may2024_v0.csv,2021hb_cb6_21k/inputs/ptnonipm/nonegu_norailyard_2021_POINT_20240502_17may2024_v0.csv,y2024v0csv_5018711_29882113_28633312_13152414,5018711,SWEENY REFINERY PETROCHEM,48039,2,29882113,28633312,13152414,40301150,SO2,-95.754375,29.067696999999995,231844.13284975305,3218618.9505485776,0.0,0.013148064614446819,0.0003782256335223281,172.5552,4.963833214347033,7.61962816214569e-05,fixed benzene facility-z/h0 source geometry; facility-total point-ready SO2 allocated by existing geometry weights,10.0,3.048,0.1,0.03048,100.0,310.92777777777775,1.0,0.3048,FAC020,20
Q0000974,nonegu,run1_top20_facility_srcgroup_members_2021.csv,ptnonipm/nonegu_norailyard_2021_POINT_20240502_17may2024_v0.csv,2021hb_cb6_21k/inputs/ptnonipm/nonegu_norailyard_2021_POINT_20240502_17may2024_v0.csv,y2024v0csv_5018711_29882813_28647912_13151714,5018711,SWEENY REFINERY PETROCHEM,48039,2,29882813,28647912,13151714,30119701,SO2,-95.742392,29.076228000000004,233033.24117416877,3219537.477617245,0.0,22.857910332215795,0.6575452638785674,172.5552,4.963833214347033,0.1324672355989028,fixed benzene facility-z/h0 source geometry; facility-total point-ready SO2 allocated by existing geometry weights,54.0,16.4592,3.0,0.9144,70.0,294.26111111111106,0.1,0.03048,FAC020,20
Q0000975,nonegu,run1_top20_facility_srcgroup_members_2021.csv,ptnonipm/nonegu_norailyard_2021_POINT_20240502_17may2024_v0.csv,2021hb_cb6_21k/inputs/ptnonipm/nonegu_norailyard_2021_POINT_20240502_17may2024_v0.csv,y2024v0csv_5018711_29883113_28646312_13151414,5018711,SWEENY REFINERY PETROCHEM,48039,2,29883113,28646312,13151414,30119701,SO2,-95.742133,29.076469,233059.08645424485,3219563.6077750814,0.0,0.17092483998780864,0.004916933235790265,172.5552,4.963833214347033,0.0009905516610789395,fixed benzene facility-z/h0 source geometry; facility-total point-ready SO2 allocated by existing geometry weights,54.0,16.4592,3.0,0.9144,68.0,293.15,0.1,0.03048,FAC020,20
Q0000976,nonegu,run1_top20_facility_srcgroup_members_2021.csv,ptnonipm/nonegu_norailyard_2021_POINT_20240502_17may2024_v0.csv,2021hb_cb6_21k/inputs/ptnonipm/nonegu_norailyard_2021_POINT_20240502_17may2024_v0.csv,y2024v0csv_5018711_29883913_64313512_96904914,5018711,SWEENY REFINERY PETROCHEM,48039,2,29883913,64313512,96904914,40301198,SO2,-95.746128,29.078411,232675.04209246175,3219787.961180584,0.0,1.5317495275830544,0.044063286305351224,172.5552,4.963833214347033,0.008876866808899727,fixed benzene facility-z/h0 source geometry; facility-total point-ready SO2 allocated by existing geometry weights,40.0,12.192,33.5,10.2108,95.0,308.15,0.1,0.03048,FAC020,20
Q0000977,nonegu,run1_top20_facility_srcgroup_members_2021.csv,ptnonipm/nonegu_norailyard_2021_POINT_20240502_17may2024_v0.csv,2021hb_cb6_21k/inputs/ptnonipm/nonegu_norailyard_2021_POINT_20240502_17may2024_v0.csv,y2024v0csv_5018711_29884113_64314412_96904714,5018711,SWEENY REFINERY PETROCHEM,48039,2,29884113,64314412,96904714,40301098,SO2,-95.746128,29.078411,232675.04209246175,3219787.961180584,0.0,0.7165695214873516,0.02061329702696688,172.5552,4.963833214347033,0.0041526973483694005,fixed benzene facility-z/h0 source geometry; facility-total point-ready SO2 allocated by existing geometry weights,40.0,12.192,3.0,0.9144,79.0,299.26111111111106,0.1,0.03048,FAC020,20
Q0000978,nonegu,run1_top20_facility_srcgroup_members_2021.csv,ptnonipm/nonegu_norailyard_2021_POINT_20240502_17may2024_v0.csv,2021hb_cb6_21k/inputs/ptnonipm/nonegu_norailyard_2021_POINT_20240502_17may2024_v0.csv,y2024v0csv_5018711_29885613_28651812_13148214,5018711,SWEENY REFINERY PETROCHEM,48039,2,29885613,28651812,13148214,40301141,SO2,-95.756167,29.074533,231687.32613190095,3219380.875610897,0.0,0.20379500152392568,0.005862497319596085,172.5552,4.963833214347033,0.0011810423651325817,fixed benzene facility-z/h0 source geometry; facility-total point-ready SO2 allocated by existing geometry weights,40.0,12.192,3.0,0.9144,78.0,298.7055555555555,0.1,0.03048,FAC020,20
Q0000979,nonegu,run1_top20_facility_srcgroup_members_2021.csv,ptnonipm/nonegu_norailyard_2021_POINT_20240502_17may2024_v0.csv,2021hb_cb6_21k/inputs/ptnonipm/nonegu_norailyard_2021_POINT_20240502_17may2024_v0.csv,y2024v0csv_5018711_29886013_28655812_12661314,5018711,SWEENY REFINERY PETROCHEM,48039,2,29886013,28655812,12661314,40301004,SO2,-95.752747,29.063597,231992.07661634823,3218160.7172872946,0.0,4.384879548918013,0.1261382487796964,172.5552,4.963833214347033,0.025411459920755868,fixed benzene facility-z/h0 source geometry; facility-total point-ready SO2 allocated by existing geometry weights,44.0,13.4112,3.0,0.9144,70.0,294.26111111111106,0.1,0.03048,FAC020,20
Q0000980,nonegu,run1_top20_facility_srcgroup_members_2021.csv,ptnonipm/nonegu_norailyard_2021_POINT_20240502_17may2024_v0.csv,2021hb_cb6_21k/inputs/ptnonipm/nonegu_norailyard_2021_POINT_20240502_17may2024_v0.csv,y2024v0csv_5018711_29888513_28659112_12658314,5018711,SWEENY REFINERY PETROCHEM,48039,2,29888513,28659112,12658314,40301098,SO2,-95.755225,29.070006,231767.3313572381,3218876.8632354825,0.0,0.6705512953367877,0.019289507309638732,172.5552,4.963833214347033,0.0038860103626943013,fixed benzene facility-z/h0 source geometry; facility-total point-ready SO2 allocated by existing geometry weights,29.0,8.8392,3.0,0.9144,90.0,305.3722222222222,0.1,0.03048,FAC020,20
Q0000981,nonegu,run1_top20_facility_srcgroup_members_2021.csv,ptnonipm/nonegu_norailyard_2021_POINT_20240502_17may2024_v0.csv,2021hb_cb6_21k/inputs/ptnonipm/nonegu_norailyard_2021_POINT_20240502_17may2024_v0.csv,y2024v0csv_5018711_29888613_28640012_12658214,5018711,SWEENY REFINERY PETROCHEM,48039,2,29888613,28640012,12658214,40301108,SO2,-95.748647,29.076258000000003,232424.1582060248,3219554.9999598977,0.0,10.873449436147519,0.3127925989229653,172.5552,4.963833214347033,0.06301432490094484,fixed benzene facility-z/h0 source geometry; facility-total point-ready SO2 allocated by existing geometry weights,30.0,9.144,3.0,0.9144,75.0,297.0388888888889,0.1,0.03048,FAC020,20
Q0000982,nonegu,run1_top20_facility_srcgroup_members_2021.csv,ptnonipm/nonegu_norailyard_2021_POINT_20240502_17may2024_v0.csv,2021hb_cb6_21k/inputs/ptnonipm/nonegu_norailyard_2021_POINT_20240502_17may2024_v0.csv,y2024v0csv_5018711_29889413_28659612_12657414,5018711,SWEENY REFINERY PETROCHEM,48039,2,29889413,28659612,12657414,40301141,SO2,-95.755628,29.075039,231741.1313221332,3219435.7432438177,0.0,0.2103690338311491,0.00605161013635725,172.5552,4.963833214347033,0.0012191405059433103,fixed benzene facility-z/h0 source geometry; facility-total point-ready SO2 allocated by existing geometry weights,40.0,12.192,3.0,0.9144,77.0,298.15,0.1,0.03048,FAC020,20
Q0000983,nonegu,run1_top20_facility_srcgroup_members_2021.csv,ptnonipm/nonegu_norailyard_2021_POINT_20240502_17may2024_v0.csv,2021hb_cb6_21k/inputs/ptnonipm/nonegu_norailyard_2021_POINT_20240502_17may2024_v0.csv,y2024v0csv_5018711_29891313_28657812_12655214,5018711,SWEENY REFINERY PETROCHEM,48039,3,29891313,28657812,12655214,30181003,SO2,-95.746328,29.080217,232660.2327680277,3219988.629089687,0.0,0.019722096921670224,0.000567338450283492,172.5552,4.963833214347033,0.00011429442243218532,fixed benzene facility-z/h0 source geometry; facility-total point-ready SO2 allocated by existing geometry weights,40.0,12.192,3.0,0.9144,32.0,273.15,0.1,0.03048,FAC020,20
Q0000984,nonegu,run1_top20_facility_srcgroup_members_2021.csv,ptnonipm/nonegu_norailyard_2021_POINT_20240502_17may2024_v0.csv,2021hb_cb6_21k/inputs/ptnonipm/nonegu_norailyard_2021_POINT_20240502_17may2024_v0.csv,y2024v0csv_5018711_29891913_28629312_12654314,5018711,SWEENY REFINERY PETROCHEM,48039,2,29891913,28629312,12654314,40301007,SO2,-95.758558,29.070222,231443.27728382248,3218908.404250443,0.0,0.013148064614446819,0.0003782256335223281,172.5552,4.963833214347033,7.61962816214569e-05,fixed benzene facility-z/h0 source geometry; facility-total point-ready SO2 allocated by existing geometry weights,18.0,5.486400000000001,3.0,0.9144,70.0,294.26111111111106,0.1,0.03048,FAC020,20
Q0000985,nonegu,run1_top20_facility_srcgroup_members_2021.csv,ptnonipm/nonegu_norailyard_2021_POINT_20240502_17may2024_v0.csv,2021hb_cb6_21k/inputs/ptnonipm/nonegu_norailyard_2021_POINT_20240502_17may2024_v0.csv,y2024v0csv_5018711_29893513_28647612_12827614,5018711,SWEENY REFINERY PETROCHEM,48039,2,29893513,28647612,12827614,40301141,SO2,-95.738533,29.07675,233410.40498680953,3219586.6041949717,0.0,0.0065740323072234095,0.00018911281676116406,172.5552,4.963833214347033,3.809814081072845e-05,fixed benzene facility-z/h0 source geometry; facility-total point-ready SO2 allocated by existing geometry weights,42.0,12.8016,3.0,0.9144,81.0,300.3722222222222,0.1,0.03048,FAC020,20
Q0000986,nonegu,run1_top20_facility_srcgroup_members_2021.csv,ptnonipm/nonegu_norailyard_2021_POINT_20240502_17may2024_v0.csv,2021hb_cb6_21k/inputs/ptnonipm/nonegu_norailyard_2021_POINT_20240502_17may2024_v0.csv,y2024v0csv_5018711_29893613_28650312_12827514,5018711,SWEENY REFINERY PETROCHEM,48039,2,29893613,28650312,12827514,40301143,SO2,-95.736808,29.077003,233579.0490590755,3219610.7478139605,0.0,0.2103690338311491,0.00605161013635725,172.5552,4.963833214347033,0.0012191405059433103,fixed benzene facility-z/h0 source geometry; facility-total point-ready SO2 allocated by existing geometry weights,42.0,12.8016,3.0,0.9144,69.0,293.7055555555555,0.1,0.03048,FAC020,20
Q0000987,nonegu,run1_top20_facility_srcgroup_members_2021.csv,ptnonipm/nonegu_norailyard_2021_POINT_20240502_17may2024_v0.csv,2021hb_cb6_21k/inputs/ptnonipm/nonegu_norailyard_2021_POINT_20240502_17may2024_v0.csv,y2024v0csv_5018711_29893713_28662512_12827414,5018711,SWEENY REFINERY PETROCHEM,48039,2,29893713,28662512,12827414,40301141,SO2,-95.736103,29.077664,233649.40860258573,3219682.4313573013,0.0,3.8129387381895707,0.10968543372147495,172.5552,4.963833214347033,0.02209692167022246,fixed benzene facility-z/h0 source geometry; facility-total point-ready SO2 allocated by existing geometry weights,40.0,12.192,3.0,0.9144,81.0,300.3722222222222,0.1,0.03048,FAC020,20
Q0000988,nonegu,run1_top20_facility_srcgroup_members_2021.csv,ptnonipm/nonegu_norailyard_2021_POINT_20240502_17may2024_v0.csv,2021hb_cb6_21k/inputs/ptnonipm/nonegu_norailyard_2021_POINT_20240502_17may2024_v0.csv,y2024v0csv_5018711_29894013_28650212_12827114,5018711,SWEENY REFINERY PETROCHEM,48039,2,29894013,28650212,12827114,40301141,SO2,-95.733697,29.08145,233893.45955910935,3220096.706696989,0.0,0.23666516306004273,0.0068080614034019046,172.5552,4.963833214347033,0.0013715330691862239,fixed benzene facility-z/h0 source geometry; facility-total point-ready SO2 allocated by existing geometry weights,48.0,14.630400000000002,3.0,0.9144,82.0,300.92777777777775,0.1,0.03048,FAC020,20
Q0000989,nonegu,run1_top20_facility_srcgroup_members_2021.csv,ptnonipm/nonegu_norailyard_2021_POINT_20240502_17may2024_v0.csv,2021hb_cb6_21k/inputs/ptnonipm/nonegu_norailyard_2021_POINT_20240502_17may2024_v0.csv,y2024v0csv_5018711_29894213_28641412_12826914,5018711,SWEENY REFINERY PETROCHEM,48039,2,29894213,28641412,12826914,40301018,SO2,-95.738486,29.078333,233419.06168733904,3219761.9891278357,0.0,0.026296129228893638,0.0007564512670446562,172.5552,4.963833214347033,0.0001523925632429138,fixed benzene facility-z/h0 source geometry; facility-total point-ready SO2 allocated by existing geometry weights,40.0,12.192,3.0,0.9144,93.0,307.0388888888889,0.1,0.03048,FAC020,20
Q0000990,nonegu,run1_top20_facility_srcgroup_members_2021.csv,ptnonipm/nonegu_norailyard_2021_POINT_20240502_17may2024_v0.csv,2021hb_cb6_21k/inputs/ptnonipm/nonegu_norailyard_2021_POINT_20240502_17may2024_v0.csv,y2024v0csv_5018711_29897813_28633012_12822314,5018711,SWEENY REFINERY PETROCHEM,48039,2,29897813,28633012,12822314,40301004,SO2,-95.750714,29.063342,232189.43094290025,3218127.8245318993,0.0,0.11175854922279795,0.003214917884939788,172.5552,4.963833214347033,0.0006476683937823834,fixed benzene facility-z/h0 source geometry; facility-total point-ready SO2 allocated by existing geometry weights,40.0,12.192,3.0,0.9144,70.0,294.26111111111106,0.1,0.03048,FAC020,20
Q0000991,nonegu,run1_top20_facility_srcgroup_members_2021.csv,ptnonipm/nonegu_norailyard_2021_POINT_20240502_17may2024_v0.csv,2021hb_cb6_21k/inputs/ptnonipm/nonegu_norailyard_2021_POINT_20240502_17may2024_v0.csv,y2024v0csv_5018711_29898013_28651412_12822114,5018711,SWEENY REFINERY PETROCHEM,48039,2,29898013,28651412,12822114,40301150,SO2,-95.750725,29.065244,232193.2810531704,3218338.706027858,0.0,0.0065740323072234095,0.00018911281676116406,172.5552,4.963833214347033,3.809814081072845e-05,fixed benzene facility-z/h0 source geometry; facility-total point-ready SO2 allocated by existing geometry weights,48.0,14.630400000000002,3.0,0.9144,68.0,293.15,0.1,0.03048,FAC020,20
Q0000992,nonegu,run1_top20_facility_srcgroup_members_2021.csv,ptnonipm/nonegu_norailyard_2021_POINT_20240502_17may2024_v0.csv,2021hb_cb6_21k/inputs/ptnonipm/nonegu_norailyard_2021_POINT_20240502_17may2024_v0.csv,y2024v0csv_5018711_29898713_28659712_12947414,5018711,SWEENY REFINERY PETROCHEM,48039,2,29898713,28659712,12947414,40301141,SO2,-95.738625,29.079728000000003,233409.1204772893,3219916.953513261,0.0,5.265799878085951,0.15147936622569239,172.5552,4.963833214347033,0.030516610789393484,fixed benzene facility-z/h0 source geometry; facility-total point-ready SO2 allocated by existing geometry weights,40.0,12.192,3.0,0.9144,80.0,299.81666666666666,0.1,0.03048,FAC020,20
Q0000993,nonegu,run1_top20_facility_srcgroup_members_2021.csv,ptnonipm/nonegu_norailyard_2021_POINT_20240502_17may2024_v0.csv,2021hb_cb6_21k/inputs/ptnonipm/nonegu_norailyard_2021_POINT_20240502_17may2024_v0.csv,y2024v0csv_5018711_29899313_28640812_12946614,5018711,SWEENY REFINERY PETROCHEM,48039,2,29899313,28640812,12946614,40301007,SO2,-95.742933,29.075697,232979.1838641367,3219479.837455437,0.0,0.0065740323072234095,0.00018911281676116406,172.5552,4.963833214347033,3.809814081072845e-05,fixed benzene facility-z/h0 source geometry; facility-total point-ready SO2 allocated by existing geometry weights,41.0,12.4968,3.0,0.9144,73.0,295.92777777777775,0.1,0.03048,FAC020,20
Q0000994,nonegu,run1_top20_facility_srcgroup_members_2021.csv,ptnonipm/nonegu_norailyard_2021_POINT_20240502_17may2024_v0.csv,2021hb_cb6_21k/inputs/ptnonipm/nonegu_norailyard_2021_POINT_20240502_17may2024_v0.csv,y2024v0csv_5018711_29899513_28660112_12946414,5018711,SWEENY REFINERY PETROCHEM,48039,2,29899513,28660112,12946414,40301141,SO2,-95.737675,29.076046999999996,233492.15192303283,3219506.7275844137,0.0,0.19064693690947884,0.005484271686073757,172.5552,4.963833214347033,0.0011048460835111247,fixed benzene facility-z/h0 source geometry; facility-total point-ready SO2 allocated by existing geometry weights,40.0,12.192,3.0,0.9144,81.0,300.3722222222222,0.1,0.03048,FAC020,20
Q0000995,nonegu,run1_top20_facility_srcgroup_members_2021.csv,ptnonipm/nonegu_norailyard_2021_POINT_20240502_17may2024_v0.csv,2021hb_cb6_21k/inputs/ptnonipm/nonegu_norailyard_2021_POINT_20240502_17may2024_v0.csv,y2024v0csv_5018711_29899613_28640912_12946314,5018711,SWEENY REFINERY PETROCHEM,48039,2,29899613,28640912,12946314,40301141,SO2,-95.739333,29.079042,233338.40394190932,3219842.506709165,0.0,0.13148064614446817,0.0037822563352232805,172.5552,4.963833214347033,0.0007619628162145688,fixed benzene facility-z/h0 source geometry; facility-total point-ready SO2 allocated by existing geometry weights,40.0,12.192,3.0,0.9144,80.0,299.81666666666666,0.1,0.03048,FAC020,20
Q0000996,nonegu,run1_top20_facility_srcgroup_members_2021.csv,ptnonipm/nonegu_norailyard_2021_POINT_20240502_17may2024_v0.csv,2021hb_cb6_21k/inputs/ptnonipm/nonegu_norailyard_2021_POINT_20240502_17may2024_v0.csv,y2024v0csv_5018711_29900413_28642812_12777814,5018711,SWEENY REFINERY PETROCHEM,48039,2,29900413,28642812,12777814,40301119,SO2,-95.752736,29.071042,232012.42825657467,3218986.0490007875,0.0,0.03944419384334045,0.001134676900566984,172.5552,4.963833214347033,0.00022858884486437063,fixed benzene facility-z/h0 source geometry; facility-total point-ready SO2 allocated by existing geometry weights,35.0,10.668,3.0,0.9144,76.0,297.59444444444443,0.1,0.03048,FAC020,20
Q0000997,nonegu,run1_top20_facility_srcgroup_members_2021.csv,ptnonipm/nonegu_norailyard_2021_POINT_20240502_17may2024_v0.csv,2021hb_cb6_21k/inputs/ptnonipm/nonegu_norailyard_2021_POINT_20240502_17may2024_v0.csv,y2024v0csv_5018711_29902413_28650112_12774114,5018711,SWEENY REFINERY PETROCHEM,48039,2,29902413,28650112,12774114,30600505,SO2,-95.762883,29.072139,231027.0311643855,3219130.7943259375,0.0,0.0065740323072234095,0.00018911281676116406,172.5552,4.963833214347033,3.809814081072845e-05,fixed benzene facility-z/h0 source geometry; facility-total point-ready SO2 allocated by existing geometry weights,48.0,14.630400000000002,3.0,0.9144,70.0,294.26111111111106,0.1,0.03048,FAC020,20
Q0000998,nonegu,run1_top20_facility_srcgroup_members_2021.csv,ptnonipm/nonegu_norailyard_2021_POINT_20240502_17may2024_v0.csv,2021hb_cb6_21k/inputs/ptnonipm/nonegu_norailyard_2021_POINT_20240502_17may2024_v0.csv,y2024v0csv_5018711_29902513_28660612_12774014,5018711,SWEENY REFINERY PETROCHEM,48039,2,29902513,28660612,12774014,30600505,SO2,-95.76315,29.071889,231000.37741939403,3219103.688856136,0.0,0.0065740323072234095,0.00018911281676116406,172.5552,4.963833214347033,3.809814081072845e-05,fixed benzene facility-z/h0 source geometry; facility-total point-ready SO2 allocated by existing geometry weights,48.0,14.630400000000002,3.0,0.9144,70.0,294.26111111111106,0.1,0.03048,FAC020,20
Q0002140,nonegu,run1_top20_facility_srcgroup_members_2021.csv,ptnonipm/nonegu_norailyard_2021_POINT_20240502_17may2024_v0.csv,2021hb_cb6_21k/inputs/ptnonipm/nonegu_norailyard_2021_POINT_20240502_17may2024_v0.csv,y2024v0csv_5018711_69944013_64313812_96911114,5018711,SWEENY REFINERY PETROCHEM,48039,2,69944013,64313812,96911114,30600505,SO2,-95.750642,29.064903,232200.4827695157,3218300.71393838,0.0,0.0065740323072234095,0.00018911281676116406,172.5552,4.963833214347033,3.809814081072845e-05,fixed benzene facility-z/h0 source geometry; facility-total point-ready SO2 allocated by existing geometry weights,40.0,12.192,0.5,0.1524,70.0,294.26111111111106,0.1,0.03048,FAC020,20
Q0002141,nonegu,run1_top20_facility_srcgroup_members_2021.csv,ptnonipm/nonegu_norailyard_2021_POINT_20240502_17may2024_v0.csv,2021hb_cb6_21k/inputs/ptnonipm/nonegu_norailyard_2021_POINT_20240502_17may2024_v0.csv,y2024v0csv_5018711_69944813_64315112_96912214,5018711,SWEENY REFINERY PETROCHEM,48039,2,69944813,64315112,96912214,30630006,SO2,-95.730328,29.078983,234215.20123409503,3219815.6065312354,0.0,0.24323919536726615,0.00699717422016307,172.5552,4.963833214347033,0.0014096312099969525,fixed benzene facility-z/h0 source geometry; facility-total point-ready SO2 allocated by existing geometry weights,40.0,12.192,3.0,0.9144,68.0,293.15,0.1,0.03048,FAC020,20
Q0002495,nonegu,run1_top20_facility_srcgroup_members_2021.csv,ptnonipm/nonegu_norailyard_2021_POINT_20240502_17may2024_v0.csv,2021hb_cb6_21k/inputs/ptnonipm/nonegu_norailyard_2021_POINT_20240502_17may2024_v0.csv,y2024v0csv_5018711_90232113_86195412_122162014,5018711,SWEENY REFINERY PETROCHEM,48039,2,90232113,86195412,122162014,38500101,SO2,-95.747572,29.070911,232515.0264086216,3218959.787415259,0.0,0.013148064614446819,0.0003782256335223281,172.5552,4.963833214347033,7.61962816214569e-05,fixed benzene facility-z/h0 source geometry; facility-total point-ready SO2 allocated by existing geometry weights,21.0,6.4008,10.0,3.048,89.0,304.81666666666666,157.8,48.097440000000006,FAC020,20
Q0002563,nonegu,run1_top20_facility_srcgroup_members_2021.csv,ptnonipm/nonegu_norailyard_2021_POINT_20240502_17may2024_v0.csv,2021hb_cb6_21k/inputs/ptnonipm/nonegu_norailyard_2021_POINT_20240502_17may2024_v0.csv,y2024v0csv_5018711_99132613_96065412_138767314,5018711,SWEENY REFINERY PETROCHEM,48039,2,99132613,96065412,138767314,40301099,SO2,-95.751183,29.066183,232151.10281566647,3218443.845291039,0.0,0.2761093569033832,0.00794273830396889,172.5552,4.963833214347033,0.0016001219140505945,fixed benzene facility-z/h0 source geometry; facility-total point-ready SO2 allocated by existing geometry weights,50.0,15.24,3.0,0.9144,75.0,297.0388888888889,0.1,0.03048,FAC020,20
Q0002564,nonegu,run1_top20_facility_srcgroup_members_2021.csv,ptnonipm/nonegu_norailyard_2021_POINT_20240502_17may2024_v0.csv,2021hb_cb6_21k/inputs/ptnonipm/nonegu_norailyard_2021_POINT_20240502_17may2024_v0.csv,y2024v0csv_5018711_99132713_96065512_138767414,5018711,SWEENY REFINERY PETROCHEM,48039,2,99132713,96065512,138767414,40301099,SO2,-95.751508,29.071606,232133.4869267104,3219045.7808301784,0.0,34.336170740627864,0.9877362419435597,172.5552,4.963833214347033,0.19898658945443465,fixed benzene facility-z/h0 source geometry; facility-total point-ready SO2 allocated by existing geometry weights,40.0,12.192,3.0,0.9144,75.0,297.0388888888889,0.1,0.03048,FAC020,20
Q0000195,nonegu,run1_top20_facility_srcgroup_members_2021.csv,ptnonipm/nonegu_norailyard_2021_POINT_20240502_17may2024_v0.csv,2021hb_cb6_21k/inputs/ptnonipm/nonegu_norailyard_2021_POINT_20240502_17may2024_v0.csv,y2024v0csv_5632711_123098213_125200812_175208514,5632711,DOW TEXAS OPERATIONS FREEPORT,48039,2,123098213,125200812,175208514,39999999,SO2,-95.353744,28.982103,270671.5499624507,3208286.001660328,0.0,0.032569329165373646,0.0009369101474779269,12.5088,0.35983613887975646,0.002603713319053278,fixed benzene facility-z/h0 source geometry; facility-total point-ready SO2 allocated by existing geometry weights,10.0,3.048,2.0,0.6096,400.0,477.5944444444444,424.2424,129.30908352,FAC003,3
Q0000194,nonegu,run1_top20_facility_srcgroup_members_2021.csv,ptnonipm/nonegu_norailyard_2021_POINT_20240502_17may2024_v0.csv,2021hb_cb6_21k/inputs/ptnonipm/nonegu_norailyard_2021_POINT_20240502_17may2024_v0.csv,y2024v0csv_5632711_123098213_125200912_175208614,5632711,DOW TEXAS OPERATIONS FREEPORT,48039,2,123098213,125200912,175208614,39999999,SO2,-95.353697,28.982144,270676.2211199531,3208290.4549159394,0.0,0.0007574262596598522,2.1788608080882023e-05,12.5088,0.35983613887975646,6.055147253612274e-05,fixed benzene facility-z/h0 source geometry; facility-total point-ready SO2 allocated by existing geometry weights,10.0,3.048,2.0,0.6096,400.0,477.5944444444444,5.303,1.6163544,FAC003,3
Q0000324,nonegu,run1_top20_facility_srcgroup_members_2021.csv,ptnonipm/nonegu_norailyard_2021_POINT_20240502_17may2024_v0.csv,2021hb_cb6_21k/inputs/ptnonipm/nonegu_norailyard_2021_POINT_20240502_17may2024_v0.csv,y2024v0csv_5632711_127897213_129867712_184024914,5632711,DOW TEXAS OPERATIONS FREEPORT,48039,2,127897213,129867712,184024914,39999999,SO2,-95.350247,28.979708,271007.0905411687,3208013.7548004542,0.0,0.3090299139412197,0.008889752096999866,12.5088,0.35983613887975646,0.02470500079473808,fixed benzene facility-z/h0 source geometry; facility-total point-ready SO2 allocated by existing geometry weights,10.0,3.048,2.0,0.6096,100.0,310.92777777777775,1060.606,323.27270880000003,FAC003,3
Q0000325,nonegu,run1_top20_facility_srcgroup_members_2021.csv,ptnonipm/nonegu_norailyard_2021_POINT_20240502_17may2024_v0.csv,2021hb_cb6_21k/inputs/ptnonipm/nonegu_norailyard_2021_POINT_20240502_17may2024_v0.csv,y2024v0csv_5632711_127897313_129867812_184025014,5632711,DOW TEXAS OPERATIONS FREEPORT,48039,2,127897313,129867812,184025014,39999999,SO2,-95.349275,28.979861,271102.16140554985,3208028.8300384865,0.0,0.19030334773953786,0.0054743877803216075,12.5088,0.35983613887975646,0.015213557474700838,fixed benzene facility-z/h0 source geometry; facility-total point-ready SO2 allocated by existing geometry weights,40.0,12.192,1.25,0.381,959.09,788.1999999999999,502.30300000000005,153.1019544,FAC003,3
Q0000326,nonegu,run1_top20_facility_srcgroup_members_2021.csv,ptnonipm/nonegu_norailyard_2021_POINT_20240502_17may2024_v0.csv,2021hb_cb6_21k/inputs/ptnonipm/nonegu_norailyard_2021_POINT_20240502_17may2024_v0.csv,y2024v0csv_5632711_127897413_129870812_184025114,5632711,DOW TEXAS OPERATIONS FREEPORT,48039,2,127897413,129870812,184025114,30190013,SO2,-95.349769,28.980331,271055.05061932537,3208081.882373275,0.0,0.010319932787865485,0.00029686978510201753,12.5088,0.35983613887975646,0.0008250138133046723,fixed benzene facility-z/h0 source geometry; facility-total point-ready SO2 allocated by existing geometry weights,75.0,22.86,3.42,1.042416,1400.0,1033.15,50.0,15.24,FAC003,3
Q0000503,nonegu,run1_top20_facility_srcgroup_members_2021.csv,ptnonipm/nonegu_norailyard_2021_POINT_20240502_17may2024_v0.csv,2021hb_cb6_21k/inputs/ptnonipm/nonegu_norailyard_2021_POINT_20240502_17may2024_v0.csv,y2024v0csv_5632711_139206113_20284412_220957514,5632711,DOW TEXAS OPERATIONS FREEPORT,48039,2,139206113,20284412,220957514,30119799,SO2,-95.348292,28.982783,271204.4024331991,3208350.803056235,0.0,0.0027456701912669636,7.898370429319732e-05,12.5088,0.35983613887975646,0.0002194990879434449,fixed benzene facility-z/h0 source geometry; facility-total point-ready SO2 allocated by existing geometry weights,75.0,22.86,1.29,0.393192,959.09,788.1999999999999,0.1274,0.03883152,FAC003,3
Q0000801,nonegu,run1_top20_facility_srcgroup_members_2021.csv,ptnonipm/nonegu_norailyard_2021_POINT_20240502_17may2024_v0.csv,2021hb_cb6_21k/inputs/ptnonipm/nonegu_norailyard_2021_POINT_20240502_17may2024_v0.csv,y2024v0csv_5632711_20902013_20164312_13352214,5632711,DOW TEXAS OPERATIONS FREEPORT,48039,2,20902013,20164312,13352214,30181003,SO2,-95.352336,28.984589,270814.25939544296,3208558.8203079854,0.0,0.025184423133690084,0.0007244712186893271,12.5088,0.35983613887975646,0.002013336461826081,fixed benzene facility-z/h0 source geometry; facility-total point-ready SO2 allocated by existing geometry weights,56.0,17.0688,3.0,0.9144,82.0,300.92777777777775,0.1,0.03048,FAC003,3
Q0000802,nonegu,run1_top20_facility_srcgroup_members_2021.csv,ptnonipm/nonegu_norailyard_2021_POINT_20240502_17may2024_v0.csv,2021hb_cb6_21k/inputs/ptnonipm/nonegu_norailyard_2021_POINT_20240502_17may2024_v0.csv,y2024v0csv_5632711_20914313_140475112_202046614,5632711,DOW TEXAS OPERATIONS FREEPORT,48039,2,20914313,140475112,202046614,30119799,SO2,-95.351603,29.044986,271019.04201595474,3215251.889443578,0.0,7.933756035089578,0.22822749891920882,12.5088,0.35983613887975646,0.6342539680136846,fixed benzene facility-z/h0 source geometry; facility-total point-ready SO2 allocated by existing geometry weights,47.0,14.3256,1.4,0.42672,1600.0,1144.261111111111,22.4025,6.828282000000001,FAC003,3
Q0000803,nonegu,run1_top20_facility_srcgroup_members_2021.csv,ptnonipm/nonegu_norailyard_2021_POINT_20240502_17may2024_v0.csv,2021hb_cb6_21k/inputs/ptnonipm/nonegu_norailyard_2021_POINT_20240502_17may2024_v0.csv,y2024v0csv_5632711_21063613_20189312_9654214,5632711,DOW TEXAS OPERATIONS FREEPORT,48039,2,21063613,20189312,9654214,10200602,SO2,-95.397131,28.98665,266453.2141404891,3208874.9993754756,0.0,9.467828245748152e-05,2.723576010110253e-06,12.5088,0.35983613887975646,7.568934067015343e-06,fixed benzene facility-z/h0 source geometry; facility-total point-ready SO2 allocated by existing geometry weights,80.0,24.384,3.0,0.9144,140.0,333.15,47.0,14.3256,FAC003,3
Q0000804,nonegu,run1_top20_facility_srcgroup_members_2021.csv,ptnonipm/nonegu_norailyard_2021_POINT_20240502_17may2024_v0.csv,2021hb_cb6_21k/inputs/ptnonipm/nonegu_norailyard_2021_POINT_20240502_17may2024_v0.csv,y2024v0csv_5632711_21072213_20251912_125597914,5632711,DOW TEXAS OPERATIONS FREEPORT,48039,2,21072213,20251912,125597914,30181003,SO2,-95.351531,28.985244,270894.15798113483,3208629.8597501414,0.0,0.04696042809891083,0.0013508937010146852,12.5088,0.35983613887975646,0.0037541912972396097,fixed benzene facility-z/h0 source geometry; facility-total point-ready SO2 allocated by existing geometry weights,56.0,17.0688,3.0,0.9144,85.0,302.59444444444443,0.1,0.03048,FAC003,3
Q0000805,nonegu,run1_top20_facility_srcgroup_members_2021.csv,ptnonipm/nonegu_norailyard_2021_POINT_20240502_17may2024_v0.csv,2021hb_cb6_21k/inputs/ptnonipm/nonegu_norailyard_2021_POINT_20240502_17may2024_v0.csv,y2024v0csv_5632711_21073313_20315112_9932314,5632711,DOW TEXAS OPERATIONS FREEPORT,48039,2,21073313,20315112,9932314,30119799,SO2,-95.350806,28.984956,270964.17968812,3208596.531716278,0.0,0.5629570674921852,0.016194382956115562,12.5088,0.35983613887975646,0.04500488196247323,fixed benzene facility-z/h0 source geometry; facility-total point-ready SO2 allocated by existing geometry weights,20.0,6.096,0.5,0.1524,959.09,788.1999999999999,13.5757,4.13787336,FAC003,3
Q0000806,nonegu,run1_top20_facility_srcgroup_members_2021.csv,ptnonipm/nonegu_norailyard_2021_POINT_20240502_17may2024_v0.csv,2021hb_cb6_21k/inputs/ptnonipm/nonegu_norailyard_2021_POINT_20240502_17may2024_v0.csv,y2024v0csv_5632711_21073413_20328912_125597714,5632711,DOW TEXAS OPERATIONS FREEPORT,48039,2,21073413,20328912,125597714,30181003,SO2,-95.350058,28.9837,271034.3096113963,3208455.8655067096,0.0,1.0823621250539286,0.031135920947580404,12.5088,0.35983613887975646,0.08652805425411939,fixed benzene facility-z/h0 source geometry; facility-total point-ready SO2 allocated by existing geometry weights,56.0,17.0688,3.0,0.9144,83.0,301.4833333333333,0.1,0.03048,FAC003,3
Q0000808,nonegu,run1_top20_facility_srcgroup_members_2021.csv,ptnonipm/nonegu_norailyard_2021_POINT_20240502_17may2024_v0.csv,2021hb_cb6_21k/inputs/ptnonipm/nonegu_norailyard_2021_POINT_20240502_17may2024_v0.csv,y2024v0csv_5632711_21097913_144529012_220955614,5632711,DOW TEXAS OPERATIONS FREEPORT,48039,2,21097913,144529012,220955614,30119799,SO2,-95.350247,28.979708,271007.0905411687,3208013.7548004542,0.0,0.27750204588287836,0.007982801285633152,12.5088,0.35983613887975646,0.02218454575042197,fixed benzene facility-z/h0 source geometry; facility-total point-ready SO2 allocated by existing geometry weights,10.0,3.048,9.9,3.01752,1500.0,1088.7055555555555,0.3376,0.10290048,FAC003,3
Q0000807,nonegu,run1_top20_facility_srcgroup_members_2021.csv,ptnonipm/nonegu_norailyard_2021_POINT_20240502_17may2024_v0.csv,2021hb_cb6_21k/inputs/ptnonipm/nonegu_norailyard_2021_POINT_20240502_17may2024_v0.csv,y2024v0csv_5632711_21097913_20252112_125599614,5632711,DOW TEXAS OPERATIONS FREEPORT,48039,2,21097913,20252112,125599614,30119799,SO2,-95.351669,28.979139,270867.2435903492,3207953.4430637937,0.0,0.22618641679092333,0.006506623088153393,12.5088,0.35983613887975646,0.018082183486099652,fixed benzene facility-z/h0 source geometry; facility-total point-ready SO2 allocated by existing geometry weights,300.0,91.44,4.0,1.2192,1500.0,1088.7055555555555,0.3579,0.10908792,FAC003,3
Q0000810,nonegu,run1_top20_facility_srcgroup_members_2021.csv,ptnonipm/nonegu_norailyard_2021_POINT_20240502_17may2024_v0.csv,2021hb_cb6_21k/inputs/ptnonipm/nonegu_norailyard_2021_POINT_20240502_17may2024_v0.csv,y2024v0csv_5632711_21099013_20284412_10043214,5632711,DOW TEXAS OPERATIONS FREEPORT,48039,2,21099013,20284412,10043214,30119799,SO2,-95.348292,28.982783,271204.4024331991,3208350.803056235,0.0,0.029823658974106677,0.0008579264431847295,12.5088,0.35983613887975646,0.0023842142311098326,fixed benzene facility-z/h0 source geometry; facility-total point-ready SO2 allocated by existing geometry weights,75.0,22.86,1.29,0.393192,959.09,788.1999999999999,0.1274,0.03883152,FAC003,3
Q0000809,nonegu,run1_top20_facility_srcgroup_members_2021.csv,ptnonipm/nonegu_norailyard_2021_POINT_20240502_17may2024_v0.csv,2021hb_cb6_21k/inputs/ptnonipm/nonegu_norailyard_2021_POINT_20240502_17may2024_v0.csv,y2024v0csv_5632711_21099013_20315212_125599914,5632711,DOW TEXAS OPERATIONS FREEPORT,48039,2,21099013,20315212,125599914,30119799,SO2,-95.348386,28.982456,271194.5209780058,3208314.740134379,0.0,0.05188369878669988,0.0014925196535404185,12.5088,0.35983613887975646,0.004147775868724408,fixed benzene facility-z/h0 source geometry; facility-total point-ready SO2 allocated by existing geometry weights,65.0,19.812,3.0,0.9144,1666.0,1180.927777777778,50.0,15.24,FAC003,3
Q0000811,nonegu,run1_top20_facility_srcgroup_members_2021.csv,ptnonipm/nonegu_norailyard_2021_POINT_20240502_17may2024_v0.csv,2021hb_cb6_21k/inputs/ptnonipm/nonegu_norailyard_2021_POINT_20240502_17may2024_v0.csv,y2024v0csv_5632711_21124113_20315412_125597814,5632711,DOW TEXAS OPERATIONS FREEPORT,48039,2,21124113,20315412,125597814,30181003,SO2,-95.350775,28.983110999999997,270963.1328458575,3208391.9699869608,0.0,1.0691071655098814,0.030754620306164975,12.5088,0.35983613887975646,0.08546840348473725,fixed benzene facility-z/h0 source geometry; facility-total point-ready SO2 allocated by existing geometry weights,56.0,17.0688,3.0,0.9144,83.0,301.4833333333333,0.1,0.03048,FAC003,3
Q0000812,nonegu,run1_top20_facility_srcgroup_members_2021.csv,ptnonipm/nonegu_norailyard_2021_POINT_20240502_17may2024_v0.csv,2021hb_cb6_21k/inputs/ptnonipm/nonegu_norailyard_2021_POINT_20240502_17may2024_v0.csv,y2024v0csv_5632711_21124213_20313112_9873414,5632711,DOW TEXAS OPERATIONS FREEPORT,48039,2,21124213,20313112,9873414,40799999,SO2,-95.354228,29.043758,270760.64645455,3215120.8759938423,0.0,0.0043552009930441496,0.0001252844964650716,12.5088,0.35983613887975646,0.0003481709670827057,fixed benzene facility-z/h0 source geometry; facility-total point-ready SO2 allocated by existing geometry weights,1.0,0.3048,0.3,0.09144,70.0,294.26111111111106,0.1,0.03048,FAC003,3
Q0000813,nonegu,run1_top20_facility_srcgroup_members_2021.csv,ptnonipm/nonegu_norailyard_2021_POINT_20240502_17may2024_v0.csv,2021hb_cb6_21k/inputs/ptnonipm/nonegu_norailyard_2021_POINT_20240502_17may2024_v0.csv,y2024v0csv_5632711_21136213_20202712_9867214,5632711,DOW TEXAS OPERATIONS FREEPORT,48039,2,21136213,20202712,9867214,31000202,SO2,-95.357381,29.039344,270443.75814635307,3214637.752924292,0.0,0.05358790787093454,0.001541544021722403,12.5088,0.35983613887975646,0.004284016681930684,fixed benzene facility-z/h0 source geometry; facility-total point-ready SO2 allocated by existing geometry weights,21.6,6.583680000000001,0.1669999999999999,0.0509015999999999,1600.0,1144.261111111111,3.0423,0.92729304,FAC003,3
Q0000814,nonegu,run1_top20_facility_srcgroup_members_2021.csv,ptnonipm/nonegu_norailyard_2021_POINT_20240502_17may2024_v0.csv,2021hb_cb6_21k/inputs/ptnonipm/nonegu_norailyard_2021_POINT_20240502_17may2024_v0.csv,y2024v0csv_5632711_21139413_20191012_9862914,5632711,DOW TEXAS OPERATIONS FREEPORT,48039,2,21139413,20191012,9862914,30199998,SO2,-95.409289,28.987522,265270.28789839544,3208995.753786341,0.0,0.5977986754365383,0.017196658927836134,12.5088,0.35983613887975646,0.04779024969913487,fixed benzene facility-z/h0 source geometry; facility-total point-ready SO2 allocated by existing geometry weights,250.0,76.2,4.0,1.2192,1600.0,1144.261111111111,0.4242,0.12929616,FAC003,3
Q0000815,nonegu,run1_top20_facility_srcgroup_members_2021.csv,ptnonipm/nonegu_norailyard_2021_POINT_20240502_17may2024_v0.csv,2021hb_cb6_21k/inputs/ptnonipm/nonegu_norailyard_2021_POINT_20240502_17may2024_v0.csv,y2024v0csv_5632711_21143713_20292412_9858314,5632711,DOW TEXAS OPERATIONS FREEPORT,48039,2,21143713,20292412,9858314,10200602,SO2,-95.397242,28.986322,266441.6587144787,3208838.8623318514,0.0,0.0007574262596598522,2.1788608080882023e-05,12.5088,0.35983613887975646,6.055147253612274e-05,fixed benzene facility-z/h0 source geometry; facility-total point-ready SO2 allocated by existing geometry weights,80.0,24.384,5.0,1.524,1800.0,1255.3722222222225,50.7,15.453360000000002,FAC003,3
Q0000816,nonegu,run1_top20_facility_srcgroup_members_2021.csv,ptnonipm/nonegu_norailyard_2021_POINT_20240502_17may2024_v0.csv,2021hb_cb6_21k/inputs/ptnonipm/nonegu_norailyard_2021_POINT_20240502_17may2024_v0.csv,y2024v0csv_5632711_21145813_20173812_9703214,5632711,DOW TEXAS OPERATIONS FREEPORT,48039,2,21145813,20173812,9703214,30190099,SO2,-95.371608,29.036361,269051.2991831477,3214334.885961987,0.0,0.0007574262596598522,2.1788608080882023e-05,12.5088,0.35983613887975646,6.055147253612274e-05,fixed benzene facility-z/h0 source geometry; facility-total point-ready SO2 allocated by existing geometry weights,100.0,30.48,1.36,0.414528,1350.0,1005.372222222222,11.4684,3.4955683200000003,FAC003,3
Q0001779,nonegu,run1_top20_facility_srcgroup_members_2021.csv,ptnonipm/nonegu_norailyard_2021_POINT_20240502_17may2024_v0.csv,2021hb_cb6_21k/inputs/ptnonipm/nonegu_norailyard_2021_POINT_20240502_17may2024_v0.csv,y2024v0csv_4058611_33358713_31824512_9240514,4058611,DEER PARK TERMINAL,48201,2,33358713,31824512,9240514,40301150,SO2,-95.093894,29.738928,297499.19833160774,3291693.0456339247,0.0,0.3632167839186281,0.01044852624565122,2.1184,0.0609392488970066,0.17145807397971494,fixed benzene facility-z/h0 source geometry; facility-total point-ready SO2 allocated by existing geometry weights,50.0,15.24,3.0,0.9144,69.0,293.7055555555555,0.1,0.03048,FAC004,4
Q0001780,nonegu,run1_top20_facility_srcgroup_members_2021.csv,ptnonipm/nonegu_norailyard_2021_POINT_20240502_17may2024_v0.csv,2021hb_cb6_21k/inputs/ptnonipm/nonegu_norailyard_2021_POINT_20240502_17may2024_v0.csv,y2024v0csv_4058611_33371013_31825612_9210014,4058611,DEER PARK TERMINAL,48201,2,33371013,31825612,9210014,40899997,SO2,-95.093861,29.749278000000004,297523.1997781268,3292840.198792471,0.0,0.006398764752998852,0.0001840709582309243,2.1184,0.0609392488970066,0.0030205649324956817,fixed benzene facility-z/h0 source geometry; facility-total point-ready SO2 allocated by existing geometry weights,48.0,14.630400000000002,13.0,3.9624,575.0,574.8166666666666,41.0,12.4968,FAC004,4
Q0001781,nonegu,run1_top20_facility_srcgroup_members_2021.csv,ptnonipm/nonegu_norailyard_2021_POINT_20240502_17may2024_v0.csv,2021hb_cb6_21k/inputs/ptnonipm/nonegu_norailyard_2021_POINT_20240502_17may2024_v0.csv,y2024v0csv_4058611_33371013_31842012_9210114,4058611,DEER PARK TERMINAL,48201,2,33371013,31842012,9210114,40899997,SO2,-95.093969,29.749433000000003,297513.0654811028,3292857.5687753274,0.0,0.006398764752998852,0.0001840709582309243,2.1184,0.0609392488970066,0.0030205649324956817,fixed benzene facility-z/h0 source geometry; facility-total point-ready SO2 allocated by existing geometry weights,48.0,14.630400000000002,13.0,3.9624,574.0,574.2611111111111,41.0,12.4968,FAC004,4
Q0001782,nonegu,run1_top20_facility_srcgroup_members_2021.csv,ptnonipm/nonegu_norailyard_2021_POINT_20240502_17may2024_v0.csv,2021hb_cb6_21k/inputs/ptnonipm/nonegu_norailyard_2021_POINT_20240502_17may2024_v0.csv,y2024v0csv_4058611_33375913_31828912_9170614,4058611,DEER PARK TERMINAL,48201,2,33375913,31828912,9170614,40400170,SO2,-95.093508,29.738214000000003,297535.101895798,3291613.2276369366,0.0,0.020893091302124044,0.0006010240233610371,2.1184,0.0609392488970066,0.009862675274794206,fixed benzene facility-z/h0 source geometry; facility-total point-ready SO2 allocated by existing geometry weights,50.0,15.24,3.0,0.9144,69.0,293.7055555555555,0.1,0.03048,FAC004,4
Q0001783,nonegu,run1_top20_facility_srcgroup_members_2021.csv,ptnonipm/nonegu_norailyard_2021_POINT_20240502_17may2024_v0.csv,2021hb_cb6_21k/inputs/ptnonipm/nonegu_norailyard_2021_POINT_20240502_17may2024_v0.csv,y2024v0csv_4058611_33376213_31846512_9170314,4058611,DEER PARK TERMINAL,48201,2,33376213,31846512,9170314,40400170,SO2,-95.092956,29.738942,297589.961229278,3291692.9521788163,0.0,0.3607635833743474,0.010377955910227223,2.1184,0.0609392488970066,0.17030002991613832,fixed benzene facility-z/h0 source geometry; facility-total point-ready SO2 allocated by existing geometry weights,50.0,15.24,3.0,0.9144,69.0,293.7055555555555,0.1,0.03048,FAC004,4
Q0001784,nonegu,run1_top20_facility_srcgroup_members_2021.csv,ptnonipm/nonegu_norailyard_2021_POINT_20240502_17may2024_v0.csv,2021hb_cb6_21k/inputs/ptnonipm/nonegu_norailyard_2021_POINT_20240502_17may2024_v0.csv,y2024v0csv_4058611_33376313_31828712_9170214,4058611,DEER PARK TERMINAL,48201,2,33376313,31828712,9170214,40400170,SO2,-95.093442,29.736969,297538.9841195446,3291475.114158309,0.0,0.12441815427077,0.003579092178253691,2.1184,0.0609392488970066,0.05873213475772754,fixed benzene facility-z/h0 source geometry; facility-total point-ready SO2 allocated by existing geometry weights,50.0,15.24,3.0,0.9144,69.0,293.7055555555555,0.1,0.03048,FAC004,4
Q0001785,nonegu,run1_top20_facility_srcgroup_members_2021.csv,ptnonipm/nonegu_norailyard_2021_POINT_20240502_17may2024_v0.csv,2021hb_cb6_21k/inputs/ptnonipm/nonegu_norailyard_2021_POINT_20240502_17may2024_v0.csv,y2024v0csv_4058611_33377913_31823312_9168614,4058611,DEER PARK TERMINAL,48201,2,33377913,31823312,9168614,30187598,SO2,-95.091717,29.739033000000003,297709.99506138614,3291700.866700321,0.0,0.05047460119857561,0.0014519846513487288,2.1184,0.0609392488970066,0.02382675660808894,fixed benzene facility-z/h0 source geometry; facility-total point-ready SO2 allocated by existing geometry weights,50.0,15.24,3.0,0.9144,78.0,298.7055555555555,0.1,0.03048,FAC004,4
Q0001786,nonegu,run1_top20_facility_srcgroup_members_2021.csv,ptnonipm/nonegu_norailyard_2021_POINT_20240502_17may2024_v0.csv,2021hb_cb6_21k/inputs/ptnonipm/nonegu_norailyard_2021_POINT_20240502_17may2024_v0.csv,y2024v0csv_4058611_33379313_31847012_9167214,4058611,DEER PARK TERMINAL,48201,2,33379313,31847012,9167214,30187598,SO2,-95.091706,29.738553000000003,297710.0951970221,3291647.6435058364,0.0,0.19684890034065794,0.005662681331647188,2.1184,0.0609392488970066,0.09292338573482721,fixed benzene facility-z/h0 source geometry; facility-total point-ready SO2 allocated by existing geometry weights,40.0,12.192,3.0,0.9144,78.0,298.7055555555555,0.1,0.03048,FAC004,4
Q0001787,nonegu,run1_top20_facility_srcgroup_members_2021.csv,ptnonipm/nonegu_norailyard_2021_POINT_20240502_17may2024_v0.csv,2021hb_cb6_21k/inputs/ptnonipm/nonegu_norailyard_2021_POINT_20240502_17may2024_v0.csv,y2024v0csv_4058611_33380813_31846712_9165714,4058611,DEER PARK TERMINAL,48201,2,33380813,31846712,9165714,40400170,SO2,-95.093425,29.7394,297545.5143604657,3291744.54013966,0.0,0.376607170222827,0.010833722659840535,2.1184,0.0609392488970066,0.177779064493404,fixed benzene facility-z/h0 source geometry; facility-total point-ready SO2 allocated by existing geometry weights,50.0,15.24,3.0,0.9144,69.0,293.7055555555555,0.1,0.03048,FAC004,4
Q0001788,nonegu,run1_top20_facility_srcgroup_members_2021.csv,ptnonipm/nonegu_norailyard_2021_POINT_20240502_17may2024_v0.csv,2021hb_cb6_21k/inputs/ptnonipm/nonegu_norailyard_2021_POINT_20240502_17may2024_v0.csv,y2024v0csv_4058611_33380913_31844012_9165614,4058611,DEER PARK TERMINAL,48201,2,33380913,31844012,9165614,40400170,SO2,-95.092964,29.739428000000004,297590.1639372419,3291746.835197821,0.0,0.23346291846404751,0.0067159435878503355,2.1184,0.0609392488970066,0.11020719338370824,fixed benzene facility-z/h0 source geometry; facility-total point-ready SO2 allocated by existing geometry weights,50.0,15.24,3.0,0.9144,69.0,293.7055555555555,0.1,0.03048,FAC004,4
Q0001789,nonegu,run1_top20_facility_srcgroup_members_2021.csv,ptnonipm/nonegu_norailyard_2021_POINT_20240502_17may2024_v0.csv,2021hb_cb6_21k/inputs/ptnonipm/nonegu_norailyard_2021_POINT_20240502_17may2024_v0.csv,y2024v0csv_4058611_33383113_31840012_6402814,4058611,DEER PARK TERMINAL,48201,2,33383113,31840012,6402814,40301150,SO2,-95.093906,29.739414,297499.01455033297,3291746.935693216,0.0,0.3756463333429837,0.010806082611799469,2.1184,0.0609392488970066,0.1773254972351698,fixed benzene facility-z/h0 source geometry; facility-total point-ready SO2 allocated by existing geometry weights,50.0,15.24,3.0,0.9144,69.0,293.7055555555555,0.1,0.03048,FAC004,4
Q0002575,nonegu,run1_top20_facility_srcgroup_members_2021.csv,ptnonipm/nonegu_norailyard_2021_POINT_20240502_17may2024_v0.csv,2021hb_cb6_21k/inputs/ptnonipm/nonegu_norailyard_2021_POINT_20240502_17may2024_v0.csv,y2024v0csv_4058611_99273713_31825612_138934714,4058611,DEER PARK TERMINAL,48201,2,99273713,31825612,138934714,40899997,SO2,-95.093861,29.749278000000004,297523.1997781268,3292840.198792471,0.0,0.0016354670295204733,4.704689028266436e-05,2.1184,0.0609392488970066,0.0007720293757177461,fixed benzene facility-z/h0 source geometry; facility-total point-ready SO2 allocated by existing geometry weights,48.0,14.630400000000002,13.0,3.9624,575.0,574.8166666666666,41.0,12.4968,FAC004,4
Q0002576,nonegu,run1_top20_facility_srcgroup_members_2021.csv,ptnonipm/nonegu_norailyard_2021_POINT_20240502_17may2024_v0.csv,2021hb_cb6_21k/inputs/ptnonipm/nonegu_norailyard_2021_POINT_20240502_17may2024_v0.csv,y2024v0csv_4058611_99273713_31842012_138934614,4058611,DEER PARK TERMINAL,48201,2,99273713,31842012,138934614,40899997,SO2,-95.093969,29.749433000000003,297513.0654811028,3292857.5687753274,0.0,0.0016354670295204733,4.704689028266436e-05,2.1184,0.0609392488970066,0.0007720293757177461,fixed benzene facility-z/h0 source geometry; facility-total point-ready SO2 allocated by existing geometry weights,48.0,14.630400000000002,13.0,3.9624,574.0,574.2611111111111,41.0,12.4968,FAC004,4
Q0000082,nonegu,run1_top20_facility_srcgroup_members_2021.csv,ptnonipm/nonegu_norailyard_2021_POINT_20240502_17may2024_v0.csv,2021hb_cb6_21k/inputs/ptnonipm/nonegu_norailyard_2021_POINT_20240502_17may2024_v0.csv,y2024v0csv_6422011_109839713_113232612_155456214,6422011,DEER PARK TERMINAL,48201,3,109839713,113232612,155456214,40400170,SO2,-95.097211,29.734553,297169.52923173364,3291213.937248972,0.0,0.002515670462070881,7.236738502217948e-05,0.2101,0.006043870937151192,0.011973681399671018,fixed benzene facility-z/h0 source geometry; facility-total point-ready SO2 allocated by existing geometry weights,67.0,20.4216,3.0,0.9144,90.0,305.3722222222222,0.1,0.03048,FAC005,5
Q0000083,nonegu,run1_top20_facility_srcgroup_members_2021.csv,ptnonipm/nonegu_norailyard_2021_POINT_20240502_17may2024_v0.csv,2021hb_cb6_21k/inputs/ptnonipm/nonegu_norailyard_2021_POINT_20240502_17may2024_v0.csv,y2024v0csv_6422011_109839913_113232812_155456414,6422011,DEER PARK TERMINAL,48201,3,109839913,113232812,155456414,40400170,SO2,-95.096569,29.733864,297230.2474011544,3291136.4395626932,0.0,0.0012140746833009337,3.492484861462899e-05,0.2101,0.006043870937151192,0.0057785563222319545,fixed benzene facility-z/h0 source geometry; facility-total point-ready SO2 allocated by existing geometry weights,67.0,20.4216,3.0,0.9144,90.0,305.3722222222222,0.1,0.03048,FAC005,5
Q0000084,nonegu,run1_top20_facility_srcgroup_members_2021.csv,ptnonipm/nonegu_norailyard_2021_POINT_20240502_17may2024_v0.csv,2021hb_cb6_21k/inputs/ptnonipm/nonegu_norailyard_2021_POINT_20240502_17may2024_v0.csv,y2024v0csv_6422011_109840013_113232912_155456514,6422011,DEER PARK TERMINAL,48201,3,109840013,113232912,155456514,40400170,SO2,-95.097,29.733789,297188.40272497304,3291128.8835448055,0.0,0.0041314445322680575,0.0001188477750453456,0.2101,0.006043870937151192,0.01966418149580227,fixed benzene facility-z/h0 source geometry; facility-total point-ready SO2 allocated by existing geometry weights,67.0,20.4216,3.0,0.9144,90.0,305.3722222222222,0.1,0.03048,FAC005,5
Q0000612,nonegu,run1_top20_facility_srcgroup_members_2021.csv,ptnonipm/nonegu_norailyard_2021_POINT_20240502_17may2024_v0.csv,2021hb_cb6_21k/inputs/ptnonipm/nonegu_norailyard_2021_POINT_20240502_17may2024_v0.csv,y2024v0csv_6422011_16817313_16379212_8604114,6422011,DEER PARK TERMINAL,48201,2,16817313,16379212,8604114,40714698,SO2,-95.0978,29.738391999999997,297120.2827044467,3291640.4934758833,0.0,0.006824401315930016,0.00019631509175062247,0.2101,0.006043870937151192,0.03248168165602102,fixed benzene facility-z/h0 source geometry; facility-total point-ready SO2 allocated by existing geometry weights,47.0,14.3256,3.0,0.9144,77.0,298.15,0.1,0.03048,FAC005,5
Q0000613,nonegu,run1_top20_facility_srcgroup_members_2021.csv,ptnonipm/nonegu_norailyard_2021_POINT_20240502_17may2024_v0.csv,2021hb_cb6_21k/inputs/ptnonipm/nonegu_norailyard_2021_POINT_20240502_17may2024_v0.csv,y2024v0csv_6422011_16817413_16380812_8604014,6422011,DEER PARK TERMINAL,48201,2,16817413,16380812,8604014,40400170,SO2,-95.097992,29.738583,297102.0947128786,3291662.0017250683,0.0,0.012300080109376003,0.0003538319690513521,0.2101,0.006043870937151192,0.058543931981799156,fixed benzene facility-z/h0 source geometry; facility-total point-ready SO2 allocated by existing geometry weights,47.0,14.3256,3.0,0.9144,77.0,298.15,0.1,0.03048,FAC005,5
Q0000614,nonegu,run1_top20_facility_srcgroup_members_2021.csv,ptnonipm/nonegu_norailyard_2021_POINT_20240502_17may2024_v0.csv,2021hb_cb6_21k/inputs/ptnonipm/nonegu_norailyard_2021_POINT_20240502_17may2024_v0.csv,y2024v0csv_6422011_16819613_16378712_8601814,6422011,DEER PARK TERMINAL,48201,2,16819613,16378712,8601814,40400170,SO2,-95.094722,29.742492,297426.27191674203,3292089.5381132574,0.0,0.0026727596077844953,7.68863118299873e-05,0.2101,0.006043870937151192,0.012721368909017112,fixed benzene facility-z/h0 source geometry; facility-total point-ready SO2 allocated by existing geometry weights,54.0,16.4592,3.0,0.9144,70.0,294.26111111111106,0.1,0.03048,FAC005,5
Q0000615,nonegu,run1_top20_facility_srcgroup_members_2021.csv,ptnonipm/nonegu_norailyard_2021_POINT_20240502_17may2024_v0.csv,2021hb_cb6_21k/inputs/ptnonipm/nonegu_norailyard_2021_POINT_20240502_17may2024_v0.csv,y2024v0csv_6422011_16821713_16385312_8599614,6422011,DEER PARK TERMINAL,48201,2,16821713,16385312,8599614,40899997,SO2,-95.100919,29.744433,296830.75869057036,3292315.575324379,0.0,0.0036377357885966975,0.00010464543364937816,0.2101,0.006043870937151192,0.01731430646642883,fixed benzene facility-z/h0 source geometry; facility-total point-ready SO2 allocated by existing geometry weights,50.0,15.24,0.7,0.21336,650.0,616.4833333333333,25.974,7.916875200000001,FAC005,5
Q0000616,nonegu,run1_top20_facility_srcgroup_members_2021.csv,ptnonipm/nonegu_norailyard_2021_POINT_20240502_17may2024_v0.csv,2021hb_cb6_21k/inputs/ptnonipm/nonegu_norailyard_2021_POINT_20240502_17may2024_v0.csv,y2024v0csv_6422011_16823813_16371912_8596614,6422011,DEER PARK TERMINAL,48201,2,16823813,16371912,8596614,40799999,SO2,-95.096667,29.735894,297224.8529187955,3291361.620176505,0.0,0.021321485334643567,0.0006133474800140296,0.2101,0.006043870937151192,0.10148255751853197,fixed benzene facility-z/h0 source geometry; facility-total point-ready SO2 allocated by existing geometry weights,60.0,18.288,3.0,0.9144,650.0,616.4833333333333,0.2356,0.07181088,FAC005,5
Q0000617,nonegu,run1_top20_facility_srcgroup_members_2021.csv,ptnonipm/nonegu_norailyard_2021_POINT_20240502_17may2024_v0.csv,2021hb_cb6_21k/inputs/ptnonipm/nonegu_norailyard_2021_POINT_20240502_17may2024_v0.csv,y2024v0csv_6422011_16824213_16385312_8596114,6422011,DEER PARK TERMINAL,48201,2,16824213,16385312,8596114,40899997,SO2,-95.100919,29.744433,296830.75869057036,3292315.575324379,0.0,0.0756294471384931,0.0021756050335704465,0.2101,0.006043870937151192,0.3599688107496101,fixed benzene facility-z/h0 source geometry; facility-total point-ready SO2 allocated by existing geometry weights,50.0,15.24,0.7,0.21336,650.0,616.4833333333333,25.974,7.916875200000001,FAC005,5
Q0000618,nonegu,run1_top20_facility_srcgroup_members_2021.csv,ptnonipm/nonegu_norailyard_2021_POINT_20240502_17may2024_v0.csv,2021hb_cb6_21k/inputs/ptnonipm/nonegu_norailyard_2021_POINT_20240502_17may2024_v0.csv,y2024v0csv_6422011_16828013_16385012_8705014,6422011,DEER PARK TERMINAL,48201,2,16828013,16385012,8705014,40400170,SO2,-95.09125,29.730583000000003,297738.2057386574,3290763.438365085,0.0,0.0021566095575826197,6.203840946147589e-05,0.2101,0.006043870937151192,0.010264681378308518,fixed benzene facility-z/h0 source geometry; facility-total point-ready SO2 allocated by existing geometry weights,47.0,14.3256,3.0,0.9144,70.0,294.26111111111106,0.1,0.03048,FAC005,5
Q0000619,nonegu,run1_top20_facility_srcgroup_members_2021.csv,ptnonipm/nonegu_norailyard_2021_POINT_20240502_17may2024_v0.csv,2021hb_cb6_21k/inputs/ptnonipm/nonegu_norailyard_2021_POINT_20240502_17may2024_v0.csv,y2024v0csv_6422011_16828113_16374312_8704914,6422011,DEER PARK TERMINAL,48201,2,16828113,16374312,8704914,40400170,SO2,-95.09125,29.730991999999997,297739.0266947375,3290808.7724812487,0.0,0.0024259052359488155,6.978514113200358e-05,0.2101,0.006043870937151192,0.011546431394330392,fixed benzene facility-z/h0 source geometry; facility-total point-ready SO2 allocated by existing geometry weights,47.0,14.3256,3.0,0.9144,70.0,294.26111111111106,0.1,0.03048,FAC005,5
Q0000620,nonegu,run1_top20_facility_srcgroup_members_2021.csv,ptnonipm/nonegu_norailyard_2021_POINT_20240502_17may2024_v0.csv,2021hb_cb6_21k/inputs/ptnonipm/nonegu_norailyard_2021_POINT_20240502_17may2024_v0.csv,y2024v0csv_6422011_16828213_16369512_8704814,6422011,DEER PARK TERMINAL,48201,2,16828213,16369512,8704814,40400170,SO2,-95.091111,29.731392,297753.2763633422,3290852.8655234426,0.0,0.015127684732221062,0.00043517265159189286,0.2101,0.006043870937151192,0.07200230715002885,fixed benzene facility-z/h0 source geometry; facility-total point-ready SO2 allocated by existing geometry weights,47.0,14.3256,3.0,0.9144,78.0,298.7055555555555,0.1,0.03048,FAC005,5
Q0000621,nonegu,run1_top20_facility_srcgroup_members_2021.csv,ptnonipm/nonegu_norailyard_2021_POINT_20240502_17may2024_v0.csv,2021hb_cb6_21k/inputs/ptnonipm/nonegu_norailyard_2021_POINT_20240502_17may2024_v0.csv,y2024v0csv_6422011_16829713_16383512_8703314,6422011,DEER PARK TERMINAL,48201,2,16829713,16383512,8703314,40400170,SO2,-95.090772,29.730981,297785.2462036776,3290806.715927585,0.0,0.0018424312661553912,5.3000555845860266e-05,0.2101,0.006043870937151192,0.00876930635961633,fixed benzene facility-z/h0 source geometry; facility-total point-ready SO2 allocated by existing geometry weights,47.0,14.3256,3.0,0.9144,70.0,294.26111111111106,0.1,0.03048,FAC005,5
Q0000622,nonegu,run1_top20_facility_srcgroup_members_2021.csv,ptnonipm/nonegu_norailyard_2021_POINT_20240502_17may2024_v0.csv,2021hb_cb6_21k/inputs/ptnonipm/nonegu_norailyard_2021_POINT_20240502_17may2024_v0.csv,y2024v0csv_6422011_16834313_16378112_8698614,6422011,DEER PARK TERMINAL,48201,2,16834313,16378112,8698614,40400170,SO2,-95.094444,29.743481,297455.15144389134,3292198.672594086,0.0,0.014880830360385382,0.00042807148089390914,0.2101,0.006043870937151192,0.07082736963534213,fixed benzene facility-z/h0 source geometry; facility-total point-ready SO2 allocated by existing geometry weights,54.0,16.4592,3.0,0.9144,77.0,298.15,0.1,0.03048,FAC005,5
Q0000623,nonegu,run1_top20_facility_srcgroup_members_2021.csv,ptnonipm/nonegu_norailyard_2021_POINT_20240502_17may2024_v0.csv,2021hb_cb6_21k/inputs/ptnonipm/nonegu_norailyard_2021_POINT_20240502_17may2024_v0.csv,y2024v0csv_6422011_16834413_16380212_8698514,6422011,DEER PARK TERMINAL,48201,2,16834413,16380212,8698514,40400170,SO2,-95.094361,29.744106,297464.4367402923,3292267.8029699214,0.0,0.01721472623955908,0.0004952098220384825,0.2101,0.006043870937151192,0.08193586977419838,fixed benzene facility-z/h0 source geometry; facility-total point-ready SO2 allocated by existing geometry weights,54.0,16.4592,3.0,0.9144,77.0,298.15,0.1,0.03048,FAC005,5
Q0000624,nonegu,run1_top20_facility_srcgroup_members_2021.csv,ptnonipm/nonegu_norailyard_2021_POINT_20240502_17may2024_v0.csv,2021hb_cb6_21k/inputs/ptnonipm/nonegu_norailyard_2021_POINT_20240502_17may2024_v0.csv,y2024v0csv_6422011_16834813_16375512_8698114,6422011,DEER PARK TERMINAL,48201,2,16834813,16375512,8698114,40400170,SO2,-95.09555,29.742558,297346.3132786488,3292098.3072586088,0.0,0.014050502018756277,0.0004041857249097821,0.2101,0.006043870937151192,0.06687530708594135,fixed benzene facility-z/h0 source geometry; facility-total point-ready SO2 allocated by existing geometry weights,54.0,16.4592,3.0,0.9144,70.0,294.26111111111106,0.1,0.03048,FAC005,5
Q0000625,nonegu,run1_top20_facility_srcgroup_members_2021.csv,ptnonipm/nonegu_norailyard_2021_POINT_20240502_17may2024_v0.csv,2021hb_cb6_21k/inputs/ptnonipm/nonegu_norailyard_2021_POINT_20240502_17may2024_v0.csv,y2024v0csv_6422011_16835313_16380512_8697614,6422011,DEER PARK TERMINAL,48201,2,16835313,16380512,8697614,40301150,SO2,-95.098889,29.739289000000003,297016.7481683204,3291741.8330913186,0.0,0.00300937920574224,8.65697264181469e-05,0.2101,0.006043870937151192,0.014323556429044456,fixed benzene facility-z/h0 source geometry; facility-total point-ready SO2 allocated by existing geometry weights,44.0,13.4112,3.0,0.9144,72.0,295.3722222222222,0.1,0.03048,FAC005,5
Q0002433,nonegu,run1_top20_facility_srcgroup_members_2021.csv,ptnonipm/nonegu_norailyard_2021_POINT_20240502_17may2024_v0.csv,2021hb_cb6_21k/inputs/ptnonipm/nonegu_norailyard_2021_POINT_20240502_17may2024_v0.csv,y2024v0csv_6422011_71110113_65390712_98521714,6422011,DEER PARK TERMINAL,48201,2,71110113,65390712,98521714,40400170,SO2,-95.095444,29.741506,297354.4499494602,3291981.515696269,0.0,0.00042862895473286196,1.2330214575589902e-05,0.2101,0.006043870937151192,0.0020401187755014847,fixed benzene facility-z/h0 source geometry; facility-total point-ready SO2 allocated by existing geometry weights,54.0,16.4592,3.0,0.9144,70.0,294.26111111111106,0.1,0.03048,FAC005,5
Q0002434,nonegu,run1_top20_facility_srcgroup_members_2021.csv,ptnonipm/nonegu_norailyard_2021_POINT_20240502_17may2024_v0.csv,2021hb_cb6_21k/inputs/ptnonipm/nonegu_norailyard_2021_POINT_20240502_17may2024_v0.csv,y2024v0csv_6422011_71110213_65389512_98521814,6422011,DEER PARK TERMINAL,48201,2,71110213,65389512,98521814,40400170,SO2,-95.095853,29.741233,297314.33812155214,3291951.9740982777,0.0,0.005163744632671809,0.00014854357978236841,0.2101,0.006043870937151192,0.02457755655721946,fixed benzene facility-z/h0 source geometry; facility-total point-ready SO2 allocated by existing geometry weights,54.0,16.4592,3.0,0.9144,70.0,294.26111111111106,0.1,0.03048,FAC005,5
Q0002435,nonegu,run1_top20_facility_srcgroup_members_2021.csv,ptnonipm/nonegu_norailyard_2021_POINT_20240502_17may2024_v0.csv,2021hb_cb6_21k/inputs/ptnonipm/nonegu_norailyard_2021_POINT_20240502_17may2024_v0.csv,y2024v0csv_6422011_71111313_65392312_98522914,6422011,DEER PARK TERMINAL,48201,2,71111313,65392312,98522914,40400170,SO2,-95.096389,29.7419,297263.83338599553,3292026.8469062583,0.0,0.0013487225224840316,3.879821444989283e-05,0.2101,0.006043870937151192,0.006419431330242892,fixed benzene facility-z/h0 source geometry; facility-total point-ready SO2 allocated by existing geometry weights,54.0,16.4592,3.0,0.9144,70.0,294.26111111111106,0.1,0.03048,FAC005,5
Q0002569,nonegu,run1_top20_facility_srcgroup_members_2021.csv,ptnonipm/nonegu_norailyard_2021_POINT_20240502_17may2024_v0.csv,2021hb_cb6_21k/inputs/ptnonipm/nonegu_norailyard_2021_POINT_20240502_17may2024_v0.csv,y2024v0csv_6422011_99259013_96180012_138915614,6422011,DEER PARK TERMINAL,48201,3,99259013,96180012,138915614,40400170,SO2,-95.096806,29.734694,297208.991311852,3291228.854399765,0.0,0.001573135587789195,4.525382417533257e-05,0.2101,0.006043870937151192,0.007487556343594454,fixed benzene facility-z/h0 source geometry; facility-total point-ready SO2 allocated by existing geometry weights,65.0,19.812,3.0,0.9144,90.0,305.3722222222222,0.1,0.03048,FAC005,5
Q0002570,nonegu,run1_top20_facility_srcgroup_members_2021.csv,ptnonipm/nonegu_norailyard_2021_POINT_20240502_17may2024_v0.csv,2021hb_cb6_21k/inputs/ptnonipm/nonegu_norailyard_2021_POINT_20240502_17may2024_v0.csv,y2024v0csv_6422011_99259113_96180112_138915714,6422011,DEER PARK TERMINAL,48201,3,99259113,96180112,138915714,40400170,SO2,-95.096703,29.734297,297218.15611309896,3291184.669347923,0.0,0.000630600713507509,1.8140263328485667e-05,0.2101,0.006043870937151192,0.003001431287517891,fixed benzene facility-z/h0 source geometry; facility-total point-ready SO2 allocated by existing geometry weights,65.0,19.812,3.0,0.9144,90.0,305.3722222222222,0.1,0.03048,FAC005,5
Q0000046,nonegu,run1_top20_facility_srcgroup_members_2021.csv,ptnonipm/nonegu_norailyard_2021_POINT_20240502_17may2024_v0.csv,2021hb_cb6_21k/inputs/ptnonipm/nonegu_norailyard_2021_POINT_20240502_17may2024_v0.csv,y2024v0csv_4924411_106721613_110280912_151133014,4924411,BAYTOWN REFINERY,48201,3,106721613,110280912,151133014,20200102,SO2,-95.012222,29.726389,305375.18719557405,3290162.755737416,0.0,0.06351359377005691,0.0018270726487428558,1484.3762,42.70051487376928,4.278807068589278e-05,fixed benzene facility-z/h0 source geometry; facility-total point-ready SO2 allocated by existing geometry weights,1.0,0.3048,0.1,0.03048,30.0,272.0388888888889,68.7,20.939760000000003,FAC006,6
Q0000184,nonegu,run1_top20_facility_srcgroup_members_2021.csv,ptnonipm/nonegu_norailyard_2021_POINT_20240502_17may2024_v0.csv,2021hb_cb6_21k/inputs/ptnonipm/nonegu_norailyard_2021_POINT_20240502_17may2024_v0.csv,y2024v0csv_4924411_123049613_125159612_175137114,4924411,BAYTOWN REFINERY,48201,2,123049613,125159612,175137114,30600106,SO2,-94.997764,29.747871999999997,306815.07432199654,3292519.6117488914,0.0,0.06351359377005691,0.0018270726487428558,1484.3762,42.70051487376928,4.278807068589278e-05,fixed benzene facility-z/h0 source geometry; facility-total point-ready SO2 allocated by existing geometry weights,200.0,60.96,5.5,1.6764,500.0,533.15,25.0,7.62,FAC006,6
Q0000271,nonegu,run1_top20_facility_srcgroup_members_2021.csv,ptnonipm/nonegu_norailyard_2021_POINT_20240502_17may2024_v0.csv,2021hb_cb6_21k/inputs/ptnonipm/nonegu_norailyard_2021_POINT_20240502_17may2024_v0.csv,y2024v0csv_4924411_126573913_128191712_181827614,4924411,BAYTOWN REFINERY,48201,2,126573913,128191712,181827614,20200102,SO2,-95.007133,29.733860999999997,305881.8988656774,3290982.373863936,0.0,0.03175679688502846,0.0009135363243714279,1484.3762,42.70051487376928,2.139403534294639e-05,fixed benzene facility-z/h0 source geometry; facility-total point-ready SO2 allocated by existing geometry weights,6.0,1.8288,0.5,0.1524,538.0,554.2611111111111,27.5,8.382,FAC006,6
Q0000320,nonegu,run1_top20_facility_srcgroup_members_2021.csv,ptnonipm/nonegu_norailyard_2021_POINT_20240502_17may2024_v0.csv,2021hb_cb6_21k/inputs/ptnonipm/nonegu_norailyard_2021_POINT_20240502_17may2024_v0.csv,y2024v0csv_4924411_127853113_129824412_183964914,4924411,BAYTOWN REFINERY,48201,2,127853113,129824412,183964914,20200102,SO2,-94.995647,29.747697,307019.496431942,3292496.673029666,0.0,0.07939199221257114,0.0022838408109285696,1484.3762,42.70051487376928,5.3485088357365966e-05,fixed benzene facility-z/h0 source geometry; facility-total point-ready SO2 allocated by existing geometry weights,6.0,1.8288,0.5,0.1524,896.0,753.15,108.5,33.0708,FAC006,6
Q0000321,nonegu,run1_top20_facility_srcgroup_members_2021.csv,ptnonipm/nonegu_norailyard_2021_POINT_20240502_17may2024_v0.csv,2021hb_cb6_21k/inputs/ptnonipm/nonegu_norailyard_2021_POINT_20240502_17may2024_v0.csv,y2024v0csv_4924411_127853313_129824612_183965114,4924411,BAYTOWN REFINERY,48201,2,127853313,129824612,183965114,40301130,SO2,-94.996228,29.748583,306965.0000722535,3292595.8474421324,0.0,0.6668927345855975,0.019184262811799985,1484.3762,42.70051487376928,0.0004492747422018741,fixed benzene facility-z/h0 source geometry; facility-total point-ready SO2 allocated by existing geometry weights,50.0,15.24,49.9,15.20952,150.0,338.7055555555555,0.1,0.03048,FAC006,6
Q0000489,nonegu,run1_top20_facility_srcgroup_members_2021.csv,ptnonipm/nonegu_norailyard_2021_POINT_20240502_17may2024_v0.csv,2021hb_cb6_21k/inputs/ptnonipm/nonegu_norailyard_2021_POINT_20240502_17may2024_v0.csv,y2024v0csv_4924411_139180113_144503412_220903014,4924411,BAYTOWN REFINERY,48201,2,139180113,144503412,220903014,20200102,SO2,-95.003003,29.745792,306304.35406152403,3292297.84944847,0.0,0.03175679688502846,0.0009135363243714279,1484.3762,42.70051487376928,2.139403534294639e-05,fixed benzene facility-z/h0 source geometry; facility-total point-ready SO2 allocated by existing geometry weights,6.0,1.8288,0.5,0.1524,752.0,673.15,92.9,28.31592,FAC006,6
Q0000490,nonegu,run1_top20_facility_srcgroup_members_2021.csv,ptnonipm/nonegu_norailyard_2021_POINT_20240502_17may2024_v0.csv,2021hb_cb6_21k/inputs/ptnonipm/nonegu_norailyard_2021_POINT_20240502_17may2024_v0.csv,y2024v0csv_4924411_139180213_144503512_220903114,4924411,BAYTOWN REFINERY,48201,2,139180213,144503512,220903114,20200102,SO2,-95.002944,29.740269,306299.43960982456,3291685.5898509985,0.0,0.03175679688502846,0.0009135363243714279,1484.3762,42.70051487376928,2.139403534294639e-05,fixed benzene facility-z/h0 source geometry; facility-total point-ready SO2 allocated by existing geometry weights,6.0,1.8288,0.5,0.1524,752.0,673.15,92.9,28.31592,FAC006,6
Q0000554,nonegu,run1_top20_facility_srcgroup_members_2021.csv,ptnonipm/nonegu_norailyard_2021_POINT_20240502_17may2024_v0.csv,2021hb_cb6_21k/inputs/ptnonipm/nonegu_norailyard_2021_POINT_20240502_17may2024_v0.csv,y2024v0csv_4924411_156255613_166641412_242367114,4924411,BAYTOWN REFINERY,48201,2,156255613,166641412,242367114,10200601,SO2,-94.989625,29.746653,307599.95347627054,3292370.903116136,0.0,0.4287167579478841,0.012332740379014277,1484.3762,42.70051487376928,0.00028881947712977623,fixed benzene facility-z/h0 source geometry; facility-total point-ready SO2 allocated by existing geometry weights,150.0,45.72,6.5,1.9812,332.0,439.8166666666666,62.0,18.8976,FAC006,6
Q0000555,nonegu,run1_top20_facility_srcgroup_members_2021.csv,ptnonipm/nonegu_norailyard_2021_POINT_20240502_17may2024_v0.csv,2021hb_cb6_21k/inputs/ptnonipm/nonegu_norailyard_2021_POINT_20240502_17may2024_v0.csv,y2024v0csv_4924411_156255713_166641512_242367214,4924411,BAYTOWN REFINERY,48201,2,156255713,166641512,242367214,10200601,SO2,-94.989625,29.746636,307599.92099824845,3292369.0188699467,0.0,0.3969599610628557,0.011419204054642848,1484.3762,42.70051487376928,0.00026742544178682984,fixed benzene facility-z/h0 source geometry; facility-total point-ready SO2 allocated by existing geometry weights,150.0,45.72,6.5,1.9812,332.0,439.8166666666666,62.0,18.8976,FAC006,6
Q0000556,nonegu,run1_top20_facility_srcgroup_members_2021.csv,ptnonipm/nonegu_norailyard_2021_POINT_20240502_17may2024_v0.csv,2021hb_cb6_21k/inputs/ptnonipm/nonegu_norailyard_2021_POINT_20240502_17may2024_v0.csv,y2024v0csv_4924411_156255813_166641612_242367314,4924411,BAYTOWN REFINERY,48201,2,156255813,166641612,242367314,20200102,SO2,-95.014714,29.729128000000003,305139.4025757206,3290470.5453111674,0.0,0.3652031641778272,0.01050566773027142,1484.3762,42.70051487376928,0.00024603140644388345,fixed benzene facility-z/h0 source geometry; facility-total point-ready SO2 allocated by existing geometry weights,6.0,1.8288,0.5,0.1524,728.0,659.8166666666666,137.5,41.91,FAC006,6
Q0000557,nonegu,run1_top20_facility_srcgroup_members_2021.csv,ptnonipm/nonegu_norailyard_2021_POINT_20240502_17may2024_v0.csv,2021hb_cb6_21k/inputs/ptnonipm/nonegu_norailyard_2021_POINT_20240502_17may2024_v0.csv,y2024v0csv_4924411_156255913_166641712_242367414,4924411,BAYTOWN REFINERY,48201,2,156255913,166641712,242367414,20200102,SO2,-95.006944,29.739444,305910.9375067598,3291600.8672249806,0.0,0.1746623828676565,0.0050244497840428535,1484.3762,42.70051487376928,0.00011766719438620514,fixed benzene facility-z/h0 source geometry; facility-total point-ready SO2 allocated by existing geometry weights,6.0,1.8288,0.5,0.1524,728.0,659.8166666666666,137.5,41.91,FAC006,6
Q0000558,nonegu,run1_top20_facility_srcgroup_members_2021.csv,ptnonipm/nonegu_norailyard_2021_POINT_20240502_17may2024_v0.csv,2021hb_cb6_21k/inputs/ptnonipm/nonegu_norailyard_2021_POINT_20240502_17may2024_v0.csv,y2024v0csv_4924411_156256113_166641912_242367614,4924411,BAYTOWN REFINERY,48201,2,156256113,166641912,242367614,20200102,SO2,-95.001786,29.754056,306437.952027141,3293211.776704651,0.0,0.09527039065508534,0.0027406089731142834,1484.3762,42.70051487376928,6.418210602883915e-05,fixed benzene facility-z/h0 source geometry; facility-total point-ready SO2 allocated by existing geometry weights,6.0,1.8288,0.5,0.1524,728.0,659.8166666666666,137.5,41.91,FAC006,6
Q0001183,nonegu,run1_top20_facility_srcgroup_members_2021.csv,ptnonipm/nonegu_norailyard_2021_POINT_20240502_17may2024_v0.csv,2021hb_cb6_21k/inputs/ptnonipm/nonegu_norailyard_2021_POINT_20240502_17may2024_v0.csv,y2024v0csv_4924411_31406513_30072212_9288714,4924411,BAYTOWN REFINERY,48201,2,31406513,30072212,9288714,30600104,SO2,-95.010556,29.745556,305573.3505120884,3292284.392010935,0.0,0.04763519532754267,0.0013703044865571417,1484.3762,42.70051487376928,3.209105301441958e-05,fixed benzene facility-z/h0 source geometry; facility-total point-ready SO2 allocated by existing geometry weights,78.0,23.7744,5.0,1.524,580.0,577.5944444444444,5.43,1.655064,FAC006,6
Q0001182,nonegu,run1_top20_facility_srcgroup_members_2021.csv,ptnonipm/nonegu_norailyard_2021_POINT_20240502_17may2024_v0.csv,2021hb_cb6_21k/inputs/ptnonipm/nonegu_norailyard_2021_POINT_20240502_17may2024_v0.csv,y2024v0csv_4924411_31406513_30092012_9288614,4924411,BAYTOWN REFINERY,48201,2,31406513,30092012,9288614,30600104,SO2,-95.010278,29.745556,305600.2395674656,3292283.92370284,0.0,0.04763519532754267,0.0013703044865571417,1484.3762,42.70051487376928,3.209105301441958e-05,fixed benzene facility-z/h0 source geometry; facility-total point-ready SO2 allocated by existing geometry weights,78.0,23.7744,5.0,1.524,540.0,555.3722222222223,5.22,1.591056,FAC006,6
Q0001184,nonegu,run1_top20_facility_srcgroup_members_2021.csv,ptnonipm/nonegu_norailyard_2021_POINT_20240502_17may2024_v0.csv,2021hb_cb6_21k/inputs/ptnonipm/nonegu_norailyard_2021_POINT_20240502_17may2024_v0.csv,y2024v0csv_4924411_31406613_30063112_9288514,4924411,BAYTOWN REFINERY,48201,2,31406613,30063112,9288514,30600104,SO2,-94.996111,29.746944,306973.1747046652,3292413.98784211,0.0,1.190879883188567,0.034257612163928544,1484.3762,42.70051487376928,0.0008022763253604895,fixed benzene facility-z/h0 source geometry; facility-total point-ready SO2 allocated by existing geometry weights,225.0,68.58,12.0,3.6576,396.0,475.3722222222222,16.79,5.117592,FAC006,6
Q0001185,nonegu,run1_top20_facility_srcgroup_members_2021.csv,ptnonipm/nonegu_norailyard_2021_POINT_20240502_17may2024_v0.csv,2021hb_cb6_21k/inputs/ptnonipm/nonegu_norailyard_2021_POINT_20240502_17may2024_v0.csv,y2024v0csv_4924411_31406713_30053212_9288414,4924411,BAYTOWN REFINERY,48201,2,31406713,30053212,9288414,30600104,SO2,-94.996667,29.747221999999997,306919.9305722179,3292445.730976301,0.0,1.063852695648453,0.030603466866442833,1484.3762,42.70051487376928,0.000716700183988704,fixed benzene facility-z/h0 source geometry; facility-total point-ready SO2 allocated by existing geometry weights,225.0,68.58,12.0,3.6576,401.0,478.15,19.65,5.98932,FAC006,6
Q0001186,nonegu,run1_top20_facility_srcgroup_members_2021.csv,ptnonipm/nonegu_norailyard_2021_POINT_20240502_17may2024_v0.csv,2021hb_cb6_21k/inputs/ptnonipm/nonegu_norailyard_2021_POINT_20240502_17may2024_v0.csv,y2024v0csv_4924411_31408113_30068512_9287014,4924411,BAYTOWN REFINERY,48201,2,31408113,30068512,9287014,40301130,SO2,-94.991944,29.745278000000003,307373.02623523836,3292222.369137196,0.0,5.605074650207522,0.161239161251557,1484.3762,42.70051487376928,0.003776047238030037,fixed benzene facility-z/h0 source geometry; facility-total point-ready SO2 allocated by existing geometry weights,52.0,15.8496,3.0,0.9144,73.0,295.92777777777775,0.1,0.03048,FAC006,6
Q0001187,nonegu,run1_top20_facility_srcgroup_members_2021.csv,ptnonipm/nonegu_norailyard_2021_POINT_20240502_17may2024_v0.csv,2021hb_cb6_21k/inputs/ptnonipm/nonegu_norailyard_2021_POINT_20240502_17may2024_v0.csv,y2024v0csv_4924411_31408213_30056312_9286914,4924411,BAYTOWN REFINERY,48201,2,31408213,30056312,9286914,40301130,SO2,-94.994722,29.743889000000003,307101.6695313155,3292073.054799429,0.0,3.6837884386633006,0.10597021362708563,1484.3762,42.70051487376928,0.002481708099781781,fixed benzene facility-z/h0 source geometry; facility-total point-ready SO2 allocated by existing geometry weights,52.0,15.8496,3.0,0.9144,100.0,310.92777777777775,0.1,0.03048,FAC006,6
Q0001188,nonegu,run1_top20_facility_srcgroup_members_2021.csv,ptnonipm/nonegu_norailyard_2021_POINT_20240502_17may2024_v0.csv,2021hb_cb6_21k/inputs/ptnonipm/nonegu_norailyard_2021_POINT_20240502_17may2024_v0.csv,y2024v0csv_4924411_31408313_30073912_9286814,4924411,BAYTOWN REFINERY,48201,2,31408313,30073912,9286814,40301130,SO2,-94.994167,29.745,307157.4787841324,3292195.26850612,0.0,4.255410782593812,0.12241386746577133,1484.3762,42.70051487376928,0.002866800735954816,fixed benzene facility-z/h0 source geometry; facility-total point-ready SO2 allocated by existing geometry weights,52.0,15.8496,3.0,0.9144,100.0,310.92777777777775,0.25,0.0762,FAC006,6
Q0001189,nonegu,run1_top20_facility_srcgroup_members_2021.csv,ptnonipm/nonegu_norailyard_2021_POINT_20240502_17may2024_v0.csv,2021hb_cb6_21k/inputs/ptnonipm/nonegu_norailyard_2021_POINT_20240502_17may2024_v0.csv,y2024v0csv_4924411_31408413_30074012_9286714,4924411,BAYTOWN REFINERY,48201,2,31408413,30074012,9286714,40301130,SO2,-94.993333,29.746111,307240.27240154427,3292317.0164159983,0.0,2.746962930554961,0.07902089205812851,1484.3762,42.70051487376928,0.0018505840571648624,fixed benzene facility-z/h0 source geometry; facility-total point-ready SO2 allocated by existing geometry weights,52.0,15.8496,3.0,0.9144,100.0,310.92777777777775,0.1,0.03048,FAC006,6
Q0001190,nonegu,run1_top20_facility_srcgroup_members_2021.csv,ptnonipm/nonegu_norailyard_2021_POINT_20240502_17may2024_v0.csv,2021hb_cb6_21k/inputs/ptnonipm/nonegu_norailyard_2021_POINT_20240502_17may2024_v0.csv,y2024v0csv_4924411_31408513_30067312_9286614,4924411,BAYTOWN REFINERY,48201,2,31408513,30067312,9286614,40301130,SO2,-94.991389,29.746667,307429.36340424564,3292375.397011102,0.0,5.287506681357238,0.15210379800784274,1484.3762,42.70051487376928,0.0035621068846005736,fixed benzene facility-z/h0 source geometry; facility-total point-ready SO2 allocated by existing geometry weights,52.0,15.8496,3.0,0.9144,73.0,295.92777777777775,0.1,0.03048,FAC006,6
Q0001191,nonegu,run1_top20_facility_srcgroup_members_2021.csv,ptnonipm/nonegu_norailyard_2021_POINT_20240502_17may2024_v0.csv,2021hb_cb6_21k/inputs/ptnonipm/nonegu_norailyard_2021_POINT_20240502_17may2024_v0.csv,y2024v0csv_4924411_31408613_30056412_9286514,4924411,BAYTOWN REFINERY,48201,2,31408613,30056412,9286514,40301130,SO2,-94.990556,29.7475,307511.5246593744,3292466.335426359,0.0,15.10035691883103,0.434386522238614,1484.3762,42.70051487376928,0.010172863805571008,fixed benzene facility-z/h0 source geometry; facility-total point-ready SO2 allocated by existing geometry weights,52.0,15.8496,3.0,0.9144,73.0,295.92777777777775,0.1,0.03048,FAC006,6
Q0001192,nonegu,run1_top20_facility_srcgroup_members_2021.csv,ptnonipm/nonegu_norailyard_2021_POINT_20240502_17may2024_v0.csv,2021hb_cb6_21k/inputs/ptnonipm/nonegu_norailyard_2021_POINT_20240502_17may2024_v0.csv,y2024v0csv_4924411_31408713_30074112_9286414,4924411,BAYTOWN REFINERY,48201,2,31408713,30074112,9286414,40301130,SO2,-94.993333,29.751389,307250.37534376804,3292902.020275189,0.0,1.8736510162166786,0.05389864313791424,1484.3762,42.70051487376928,0.0012622480852338368,fixed benzene facility-z/h0 source geometry; facility-total point-ready SO2 allocated by existing geometry weights,48.0,14.630400000000002,3.0,0.9144,73.0,295.92777777777775,0.1,0.03048,FAC006,6
Q0001193,nonegu,run1_top20_facility_srcgroup_members_2021.csv,ptnonipm/nonegu_norailyard_2021_POINT_20240502_17may2024_v0.csv,2021hb_cb6_21k/inputs/ptnonipm/nonegu_norailyard_2021_POINT_20240502_17may2024_v0.csv,y2024v0csv_4924411_31409513_30066312_8945514,4924411,BAYTOWN REFINERY,48201,2,31409513,30066312,8945514,30600104,SO2,-94.998611,29.742222,306722.30949698016,3291894.793570663,0.0,0.6033791408155406,0.01735719016305713,1484.3762,42.70051487376928,0.00040648667151598134,fixed benzene facility-z/h0 source geometry; facility-total point-ready SO2 allocated by existing geometry weights,120.0,36.576,10.0,3.048,350.0,449.8166666666666,50.0,15.24,FAC006,6
Q0001194,nonegu,run1_top20_facility_srcgroup_members_2021.csv,ptnonipm/nonegu_norailyard_2021_POINT_20240502_17may2024_v0.csv,2021hb_cb6_21k/inputs/ptnonipm/nonegu_norailyard_2021_POINT_20240502_17may2024_v0.csv,y2024v0csv_4924411_31412413_30081612_8942614,4924411,BAYTOWN REFINERY,48201,2,31412413,30081612,8942614,40301140,SO2,-95.004167,29.746944,306193.98569109116,3292427.489575915,0.0,0.33344636729279875,0.009592131405899993,1484.3762,42.70051487376928,0.00022463737110093706,fixed benzene facility-z/h0 source geometry; facility-total point-ready SO2 allocated by existing geometry weights,56.0,17.0688,3.0,0.9144,68.0,293.15,0.1,0.03048,FAC006,6
Q0001195,nonegu,run1_top20_facility_srcgroup_members_2021.csv,ptnonipm/nonegu_norailyard_2021_POINT_20240502_17may2024_v0.csv,2021hb_cb6_21k/inputs/ptnonipm/nonegu_norailyard_2021_POINT_20240502_17may2024_v0.csv,y2024v0csv_4924411_31412513_30082712_8942514,4924411,BAYTOWN REFINERY,48201,2,31412513,30082712,8942514,40301140,SO2,-95.003333,29.746667,306274.1187213034,3292395.387016827,0.0,0.349324765735313,0.010048899568085707,1484.3762,42.70051487376928,0.00023533438877241028,fixed benzene facility-z/h0 source geometry; facility-total point-ready SO2 allocated by existing geometry weights,56.0,17.0688,3.0,0.9144,68.0,293.15,0.1,0.03048,FAC006,6
Q0001196,nonegu,run1_top20_facility_srcgroup_members_2021.csv,ptnonipm/nonegu_norailyard_2021_POINT_20240502_17may2024_v0.csv,2021hb_cb6_21k/inputs/ptnonipm/nonegu_norailyard_2021_POINT_20240502_17may2024_v0.csv,y2024v0csv_4924411_31413813_30114612_9229314,4924411,BAYTOWN REFINERY,48201,2,31413813,30114612,9229314,30600104,SO2,-95.012778,29.746944,305361.1140366616,3292441.9816987165,0.0,0.22229757819519916,0.0063947542705999946,1484.3762,42.70051487376928,0.0001497582474006247,fixed benzene facility-z/h0 source geometry; facility-total point-ready SO2 allocated by existing geometry weights,127.0,38.7096,8.0,2.4384,480.0,522.0388888888889,14.1,4.29768,FAC006,6
Q0001197,nonegu,run1_top20_facility_srcgroup_members_2021.csv,ptnonipm/nonegu_norailyard_2021_POINT_20240502_17may2024_v0.csv,2021hb_cb6_21k/inputs/ptnonipm/nonegu_norailyard_2021_POINT_20240502_17may2024_v0.csv,y2024v0csv_4924411_31414013_30046912_9229114,4924411,BAYTOWN REFINERY,48201,2,31414013,30046912,9229114,30600104,SO2,-95.009444,29.743056,305676.083240453,3292005.422515793,0.0,0.14290558598262804,0.004110913459671425,1484.3762,42.70051487376928,9.627315904325874e-05,fixed benzene facility-z/h0 source geometry; facility-total point-ready SO2 allocated by existing geometry weights,173.0,52.7304,4.0,1.2192,530.0,549.8166666666666,14.37,4.379976,FAC006,6
Q0001198,nonegu,run1_top20_facility_srcgroup_members_2021.csv,ptnonipm/nonegu_norailyard_2021_POINT_20240502_17may2024_v0.csv,2021hb_cb6_21k/inputs/ptnonipm/nonegu_norailyard_2021_POINT_20240502_17may2024_v0.csv,y2024v0csv_4924411_31414213_30025312_9228914,4924411,BAYTOWN REFINERY,48201,2,31414213,30025312,9228914,30600104,SO2,-95.008889,29.743333000000003,305730.3002165867,3292035.1905138427,0.0,0.01587839844251423,0.00045676816218571394,1484.3762,42.70051487376928,1.0697017671473195e-05,fixed benzene facility-z/h0 source geometry; facility-total point-ready SO2 allocated by existing geometry weights,77.0,23.4696,4.0,1.2192,586.0,580.9277777777777,12.67,3.861816,FAC006,6
Q0001199,nonegu,run1_top20_facility_srcgroup_members_2021.csv,ptnonipm/nonegu_norailyard_2021_POINT_20240502_17may2024_v0.csv,2021hb_cb6_21k/inputs/ptnonipm/nonegu_norailyard_2021_POINT_20240502_17may2024_v0.csv,y2024v0csv_4924411_31414313_30065212_9228714,4924411,BAYTOWN REFINERY,48201,2,31414313,30065212,9228714,30600104,SO2,-94.999722,29.740833,306612.1801015715,3291742.7001264337,0.0,0.11114878909759958,0.0031973771352999973,1484.3762,42.70051487376928,7.487912370031235e-05,fixed benzene facility-z/h0 source geometry; facility-total point-ready SO2 allocated by existing geometry weights,62.0,18.8976,5.0,1.524,550.0,560.9277777777777,11.79,3.593592,FAC006,6
Q0001200,nonegu,run1_top20_facility_srcgroup_members_2021.csv,ptnonipm/nonegu_norailyard_2021_POINT_20240502_17may2024_v0.csv,2021hb_cb6_21k/inputs/ptnonipm/nonegu_norailyard_2021_POINT_20240502_17may2024_v0.csv,y2024v0csv_4924411_31414413_30114512_9228614,4924411,BAYTOWN REFINERY,48201,2,31414413,30114512,9228614,30600104,SO2,-95.016111,29.746389,305037.66513540124,3292386.0921628796,0.0,0.01587839844251423,0.00045676816218571394,1484.3762,42.70051487376928,1.0697017671473195e-05,fixed benzene facility-z/h0 source geometry; facility-total point-ready SO2 allocated by existing geometry weights,32.0,9.7536,2.0,0.6096,641.0,611.4833333333333,12.33,3.758184,FAC006,6
Q0001201,nonegu,run1_top20_facility_srcgroup_members_2021.csv,ptnonipm/nonegu_norailyard_2021_POINT_20240502_17may2024_v0.csv,2021hb_cb6_21k/inputs/ptnonipm/nonegu_norailyard_2021_POINT_20240502_17may2024_v0.csv,y2024v0csv_4924411_31414513_64864212_97766814,4924411,BAYTOWN REFINERY,48201,2,31414513,64864212,97766814,30600104,SO2,-95.013333,29.746667,305306.8978271378,3292412.2155293184,0.0,0.06351359377005691,0.0018270726487428558,1484.3762,42.70051487376928,4.278807068589278e-05,fixed benzene facility-z/h0 source geometry; facility-total point-ready SO2 allocated by existing geometry weights,75.0,22.86,7.0,2.1336,586.0,580.9277777777777,4.84,1.475232,FAC006,6
Q0001202,nonegu,run1_top20_facility_srcgroup_members_2021.csv,ptnonipm/nonegu_norailyard_2021_POINT_20240502_17may2024_v0.csv,2021hb_cb6_21k/inputs/ptnonipm/nonegu_norailyard_2021_POINT_20240502_17may2024_v0.csv,y2024v0csv_4924411_31414613_30022912_9228414,4924411,BAYTOWN REFINERY,48201,2,31414613,30022912,9228414,30600104,SO2,-95.012778,29.746944,305361.1140366616,3292441.9816987165,0.0,0.01587839844251423,0.00045676816218571394,1484.3762,42.70051487376928,1.0697017671473195e-05,fixed benzene facility-z/h0 source geometry; facility-total point-ready SO2 allocated by existing geometry weights,79.0,24.0792,4.0,1.2192,586.0,580.9277777777777,2.32,0.707136,FAC006,6
Q0001204,nonegu,run1_top20_facility_srcgroup_members_2021.csv,ptnonipm/nonegu_norailyard_2021_POINT_20240502_17may2024_v0.csv,2021hb_cb6_21k/inputs/ptnonipm/nonegu_norailyard_2021_POINT_20240502_17may2024_v0.csv,y2024v0csv_4924411_31414713_30061512_9228214,4924411,BAYTOWN REFINERY,48201,2,31414713,30061512,9228214,30600104,SO2,-95.008611,29.743056,305756.6556507794,3292004.0203195573,0.0,0.04763519532754267,0.0013703044865571417,1484.3762,42.70051487376928,3.209105301441958e-05,fixed benzene facility-z/h0 source geometry; facility-total point-ready SO2 allocated by existing geometry weights,57.0,17.3736,3.0,0.9144,586.0,580.9277777777777,7.73,2.356104,FAC006,6
Q0001203,nonegu,run1_top20_facility_srcgroup_members_2021.csv,ptnonipm/nonegu_norailyard_2021_POINT_20240502_17may2024_v0.csv,2021hb_cb6_21k/inputs/ptnonipm/nonegu_norailyard_2021_POINT_20240502_17may2024_v0.csv,y2024v0csv_4924411_31414713_30108512_9228314,4924411,BAYTOWN REFINERY,48201,2,31414713,30108512,9228314,30600104,SO2,-95.008333,29.742778,305783.0093070285,3291972.7393579897,0.0,0.04763519532754267,0.0013703044865571417,1484.3762,42.70051487376928,3.209105301441958e-05,fixed benzene facility-z/h0 source geometry; facility-total point-ready SO2 allocated by existing geometry weights,57.0,17.3736,3.0,0.9144,586.0,580.9277777777777,7.98,2.432304,FAC006,6
Q0001205,nonegu,run1_top20_facility_srcgroup_members_2021.csv,ptnonipm/nonegu_norailyard_2021_POINT_20240502_17may2024_v0.csv,2021hb_cb6_21k/inputs/ptnonipm/nonegu_norailyard_2021_POINT_20240502_17may2024_v0.csv,y2024v0csv_4924411_31414813_30054812_9228114,4924411,BAYTOWN REFINERY,48201,2,31414813,30054812,9228114,30600104,SO2,-95.0125,29.746944,305388.0027396985,3292441.512858865,0.0,0.12702718754011383,0.0036541452974857115,1484.3762,42.70051487376928,8.557614137178556e-05,fixed benzene facility-z/h0 source geometry; facility-total point-ready SO2 allocated by existing geometry weights,81.0,24.6888,5.0,1.524,335.0,441.48333333333335,11.27,3.435096,FAC006,6
Q0001206,nonegu,run1_top20_facility_srcgroup_members_2021.csv,ptnonipm/nonegu_norailyard_2021_POINT_20240502_17may2024_v0.csv,2021hb_cb6_21k/inputs/ptnonipm/nonegu_norailyard_2021_POINT_20240502_17may2024_v0.csv,y2024v0csv_4924411_31414913_30091812_9228014,4924411,BAYTOWN REFINERY,48201,2,31414913,30091812,9228014,30600104,SO2,-95.007778,29.7425,305836.15623928775,3291940.9924547942,0.0,0.11114878909759958,0.0031973771352999973,1484.3762,42.70051487376928,7.487912370031235e-05,fixed benzene facility-z/h0 source geometry; facility-total point-ready SO2 allocated by existing geometry weights,99.0,30.1752,6.0,1.8288,490.0,527.5944444444444,6.14,1.871472,FAC006,6
Q0001207,nonegu,run1_top20_facility_srcgroup_members_2021.csv,ptnonipm/nonegu_norailyard_2021_POINT_20240502_17may2024_v0.csv,2021hb_cb6_21k/inputs/ptnonipm/nonegu_norailyard_2021_POINT_20240502_17may2024_v0.csv,y2024v0csv_4924411_31415013_30054712_9227914,4924411,BAYTOWN REFINERY,48201,2,31415013,30054712,9227914,30600104,SO2,-95.015278,29.744721999999996,305115.0092733289,3292199.9167940873,0.0,0.11114878909759958,0.0031973771352999973,1484.3762,42.70051487376928,7.487912370031235e-05,fixed benzene facility-z/h0 source geometry; facility-total point-ready SO2 allocated by existing geometry weights,117.0,35.6616,7.0,2.1336,610.0,594.2611111111111,14.68,4.474464,FAC006,6
Q0001208,nonegu,run1_top20_facility_srcgroup_members_2021.csv,ptnonipm/nonegu_norailyard_2021_POINT_20240502_17may2024_v0.csv,2021hb_cb6_21k/inputs/ptnonipm/nonegu_norailyard_2021_POINT_20240502_17may2024_v0.csv,y2024v0csv_4924411_31415213_30114712_9227714,4924411,BAYTOWN REFINERY,48201,2,31415213,30114712,9227714,30600104,SO2,-95.0125,29.746667,305387.46744319604,3292410.8105102773,0.0,0.349324765735313,0.010048899568085707,1484.3762,42.70051487376928,0.00023533438877241028,fixed benzene facility-z/h0 source geometry; facility-total point-ready SO2 allocated by existing geometry weights,200.0,60.96,10.0,3.048,410.0,483.15,14.74,4.492752,FAC006,6
Q0001209,nonegu,run1_top20_facility_srcgroup_members_2021.csv,ptnonipm/nonegu_norailyard_2021_POINT_20240502_17may2024_v0.csv,2021hb_cb6_21k/inputs/ptnonipm/nonegu_norailyard_2021_POINT_20240502_17may2024_v0.csv,y2024v0csv_4924411_31415313_30054612_9227614,4924411,BAYTOWN REFINERY,48201,2,31415313,30054612,9227614,30600104,SO2,-95.015278,29.744721999999996,305115.0092733289,3292199.9167940873,0.0,0.11114878909759958,0.0031973771352999973,1484.3762,42.70051487376928,7.487912370031235e-05,fixed benzene facility-z/h0 source geometry; facility-total point-ready SO2 allocated by existing geometry weights,117.0,35.6616,7.0,2.1336,386.0,469.8166666666666,7.25,2.2098,FAC006,6
Q0001210,nonegu,run1_top20_facility_srcgroup_members_2021.csv,ptnonipm/nonegu_norailyard_2021_POINT_20240502_17may2024_v0.csv,2021hb_cb6_21k/inputs/ptnonipm/nonegu_norailyard_2021_POINT_20240502_17may2024_v0.csv,y2024v0csv_4924411_31415513_30046112_9227414,4924411,BAYTOWN REFINERY,48201,2,31415513,30046112,9227414,30600104,SO2,-95.012222,29.746667,305414.35621794383,3292410.341737955,0.0,0.41283835950536985,0.01187597221682856,1484.3762,42.70051487376928,0.000278122459458303,fixed benzene facility-z/h0 source geometry; facility-total point-ready SO2 allocated by existing geometry weights,180.0,54.864,10.0,3.048,450.0,505.3722222222222,10.98,3.3467040000000003,FAC006,6
Q0001212,nonegu,run1_top20_facility_srcgroup_members_2021.csv,ptnonipm/nonegu_norailyard_2021_POINT_20240502_17may2024_v0.csv,2021hb_cb6_21k/inputs/ptnonipm/nonegu_norailyard_2021_POINT_20240502_17may2024_v0.csv,y2024v0csv_4924411_31416913_30106912_9225914,4924411,BAYTOWN REFINERY,48201,2,31416913,30106912,9225914,30600104,SO2,-95.008333,29.742778,305783.0093070285,3291972.7393579897,0.0,0.03175679688502846,0.0009135363243714279,1484.3762,42.70051487376928,2.139403534294639e-05,fixed benzene facility-z/h0 source geometry; facility-total point-ready SO2 allocated by existing geometry weights,57.0,17.3736,3.0,0.9144,586.0,580.9277777777777,7.24,2.2067520000000003,FAC006,6
Q0001211,nonegu,run1_top20_facility_srcgroup_members_2021.csv,ptnonipm/nonegu_norailyard_2021_POINT_20240502_17may2024_v0.csv,2021hb_cb6_21k/inputs/ptnonipm/nonegu_norailyard_2021_POINT_20240502_17may2024_v0.csv,y2024v0csv_4924411_31416913_30107012_9225814,4924411,BAYTOWN REFINERY,48201,2,31416913,30107012,9225814,30600104,SO2,-95.008333,29.748333,305793.7215538046,3292588.4480064986,0.0,0.03175679688502846,0.0009135363243714279,1484.3762,42.70051487376928,2.139403534294639e-05,fixed benzene facility-z/h0 source geometry; facility-total point-ready SO2 allocated by existing geometry weights,57.0,17.3736,3.0,0.9144,586.0,580.9277777777777,7.24,2.2067520000000003,FAC006,6
Q0001213,nonegu,run1_top20_facility_srcgroup_members_2021.csv,ptnonipm/nonegu_norailyard_2021_POINT_20240502_17may2024_v0.csv,2021hb_cb6_21k/inputs/ptnonipm/nonegu_norailyard_2021_POINT_20240502_17may2024_v0.csv,y2024v0csv_4924411_31417413_30091412_9225314,4924411,BAYTOWN REFINERY,48201,2,31417413,30091412,9225314,30600104,SO2,-94.995278,29.745833,307051.615108917,3292289.4536113176,0.0,0.06351359377005691,0.0018270726487428558,1484.3762,42.70051487376928,4.278807068589278e-05,fixed benzene facility-z/h0 source geometry; facility-total point-ready SO2 allocated by existing geometry weights,182.0,55.473600000000005,4.0,1.2192,416.0,486.48333333333335,5.37,1.636776,FAC006,6
Q0001214,nonegu,run1_top20_facility_srcgroup_members_2021.csv,ptnonipm/nonegu_norailyard_2021_POINT_20240502_17may2024_v0.csv,2021hb_cb6_21k/inputs/ptnonipm/nonegu_norailyard_2021_POINT_20240502_17may2024_v0.csv,y2024v0csv_4924411_31417513_30059912_9225214,4924411,BAYTOWN REFINERY,48201,2,31417513,30059912,9225214,30600104,SO2,-95.011667,29.7425,305459.988287525,3291947.5410356713,0.0,0.06351359377005691,0.0018270726487428558,1484.3762,42.70051487376928,4.278807068589278e-05,fixed benzene facility-z/h0 source geometry; facility-total point-ready SO2 allocated by existing geometry weights,130.0,39.624,6.0,1.8288,414.0,485.3722222222222,5.1,1.55448,FAC006,6
Q0001215,nonegu,run1_top20_facility_srcgroup_members_2021.csv,ptnonipm/nonegu_norailyard_2021_POINT_20240502_17may2024_v0.csv,2021hb_cb6_21k/inputs/ptnonipm/nonegu_norailyard_2021_POINT_20240502_17may2024_v0.csv,y2024v0csv_4924411_31417613_30080512_9225114,4924411,BAYTOWN REFINERY,48201,2,31417613,30080512,9225114,30600104,SO2,-94.995556,29.745556,307024.19548835815,3292259.2162411995,0.0,0.07939199221257114,0.0022838408109285696,1484.3762,42.70051487376928,5.3485088357365966e-05,fixed benzene facility-z/h0 source geometry; facility-total point-ready SO2 allocated by existing geometry weights,209.0,63.7032,4.0,1.2192,438.0,498.7055555555555,25.05,7.63524,FAC006,6
Q0001216,nonegu,run1_top20_facility_srcgroup_members_2021.csv,ptnonipm/nonegu_norailyard_2021_POINT_20240502_17may2024_v0.csv,2021hb_cb6_21k/inputs/ptnonipm/nonegu_norailyard_2021_POINT_20240502_17may2024_v0.csv,y2024v0csv_4924411_31417713_30079312_9225014,4924411,BAYTOWN REFINERY,48201,2,31417713,30079312,9225014,30600104,SO2,-95.006667,29.739721999999997,305938.2669874402,3291631.214601184,0.0,0.12702718754011383,0.0036541452974857115,1484.3762,42.70051487376928,8.557614137178556e-05,fixed benzene facility-z/h0 source geometry; facility-total point-ready SO2 allocated by existing geometry weights,161.0,49.0728,4.0,1.2192,600.0,588.7055555555555,31.25,9.525,FAC006,6
Q0001217,nonegu,run1_top20_facility_srcgroup_members_2021.csv,ptnonipm/nonegu_norailyard_2021_POINT_20240502_17may2024_v0.csv,2021hb_cb6_21k/inputs/ptnonipm/nonegu_norailyard_2021_POINT_20240502_17may2024_v0.csv,y2024v0csv_4924411_31419413_30061312_9204814,4924411,BAYTOWN REFINERY,48201,2,31419413,30061312,9204814,30699999,SO2,-95.005556,29.738056,306042.524968161,3291444.69044019,0.0,10.606770159599503,0.3051211323400569,1484.3762,42.70051487376928,0.007145607804544093,fixed benzene facility-z/h0 source geometry; facility-total point-ready SO2 allocated by existing geometry weights,3.0,0.9144,1.0,0.3048,71.0,294.81666666666666,1.0,0.3048,FAC006,6
Q0001218,nonegu,run1_top20_facility_srcgroup_members_2021.csv,ptnonipm/nonegu_norailyard_2021_POINT_20240502_17may2024_v0.csv,2021hb_cb6_21k/inputs/ptnonipm/nonegu_norailyard_2021_POINT_20240502_17may2024_v0.csv,y2024v0csv_4924411_31419513_30061312_9204714,4924411,BAYTOWN REFINERY,48201,2,31419513,30061312,9204714,30699999,SO2,-95.005556,29.738056,306042.524968161,3291444.69044019,0.0,9.717579846818706,0.27954211525765693,1484.3762,42.70051487376928,0.0065465748149415946,fixed benzene facility-z/h0 source geometry; facility-total point-ready SO2 allocated by existing geometry weights,3.0,0.9144,1.0,0.3048,71.0,294.81666666666666,1.0,0.3048,FAC006,6
Q0001219,nonegu,run1_top20_facility_srcgroup_members_2021.csv,ptnonipm/nonegu_norailyard_2021_POINT_20240502_17may2024_v0.csv,2021hb_cb6_21k/inputs/ptnonipm/nonegu_norailyard_2021_POINT_20240502_17may2024_v0.csv,y2024v0csv_4924411_31419613_30061312_9204614,4924411,BAYTOWN REFINERY,48201,2,31419613,30061312,9204614,30699999,SO2,-95.005556,29.738056,306042.524968161,3291444.69044019,0.0,21.912189850669634,0.6303400638162853,1484.3762,42.70051487376928,0.014761884386633008,fixed benzene facility-z/h0 source geometry; facility-total point-ready SO2 allocated by existing geometry weights,3.0,0.9144,1.0,0.3048,71.0,294.81666666666666,1.0,0.3048,FAC006,6
Q0001220,nonegu,run1_top20_facility_srcgroup_members_2021.csv,ptnonipm/nonegu_norailyard_2021_POINT_20240502_17may2024_v0.csv,2021hb_cb6_21k/inputs/ptnonipm/nonegu_norailyard_2021_POINT_20240502_17may2024_v0.csv,y2024v0csv_4924411_31420113_30029312_9204014,4924411,BAYTOWN REFINERY,48201,2,31420113,30029312,9204014,40301097,SO2,-94.997222,29.740833,306853.99860488775,3291738.5141885704,0.0,113.94338722348209,3.2777683318446833,1484.3762,42.70051487376928,0.07676179881049164,fixed benzene facility-z/h0 source geometry; facility-total point-ready SO2 allocated by existing geometry weights,56.0,17.0688,3.0,0.9144,68.0,293.15,0.1,0.03048,FAC006,6
Q0001221,nonegu,run1_top20_facility_srcgroup_members_2021.csv,ptnonipm/nonegu_norailyard_2021_POINT_20240502_17may2024_v0.csv,2021hb_cb6_21k/inputs/ptnonipm/nonegu_norailyard_2021_POINT_20240502_17may2024_v0.csv,y2024v0csv_4924411_31420213_30074212_9203914,4924411,BAYTOWN REFINERY,48201,2,31420213,30074212,9203914,40301130,SO2,-94.994722,29.75,307113.37448425347,3292750.386983457,0.0,1.6037182426939367,0.0461335843807571,1484.3762,42.70051487376928,0.0010803987848187924,fixed benzene facility-z/h0 source geometry; facility-total point-ready SO2 allocated by existing geometry weights,42.0,12.8016,3.0,0.9144,73.0,295.92777777777775,0.1,0.03048,FAC006,6
Q0001222,nonegu,run1_top20_facility_srcgroup_members_2021.csv,ptnonipm/nonegu_norailyard_2021_POINT_20240502_17may2024_v0.csv,2021hb_cb6_21k/inputs/ptnonipm/nonegu_norailyard_2021_POINT_20240502_17may2024_v0.csv,y2024v0csv_4924411_31420413_30054112_9203714,4924411,BAYTOWN REFINERY,48201,2,31420413,30054112,9203714,40301130,SO2,-95.016111,29.7275,305001.10802113137,3290292.458366439,0.0,0.20641917975268492,0.00593798610841428,1484.3762,42.70051487376928,0.0001390612297291515,fixed benzene facility-z/h0 source geometry; facility-total point-ready SO2 allocated by existing geometry weights,40.0,12.192,3.0,0.9144,73.0,295.92777777777775,0.1,0.03048,FAC006,6
Q0001223,nonegu,run1_top20_facility_srcgroup_members_2021.csv,ptnonipm/nonegu_norailyard_2021_POINT_20240502_17may2024_v0.csv,2021hb_cb6_21k/inputs/ptnonipm/nonegu_norailyard_2021_POINT_20240502_17may2024_v0.csv,y2024v0csv_4924411_31421013_30050212_9203114,4924411,BAYTOWN REFINERY,48201,2,31421013,30050212,9203114,40301130,SO2,-94.992222,29.751667,307358.35990432673,3292930.977961121,0.0,1.826015820889136,0.0525283386513571,1484.3762,42.70051487376928,0.0012301570322194172,fixed benzene facility-z/h0 source geometry; facility-total point-ready SO2 allocated by existing geometry weights,48.0,14.630400000000002,3.0,0.9144,73.0,295.92777777777775,0.1,0.03048,FAC006,6
Q0001224,nonegu,run1_top20_facility_srcgroup_members_2021.csv,ptnonipm/nonegu_norailyard_2021_POINT_20240502_17may2024_v0.csv,2021hb_cb6_21k/inputs/ptnonipm/nonegu_norailyard_2021_POINT_20240502_17may2024_v0.csv,y2024v0csv_4924411_31422213_30101712_9201914,4924411,BAYTOWN REFINERY,48201,2,31422213,30101712,9201914,40301097,SO2,-94.995556,29.741944,307017.274878367,3291858.868762234,0.0,13.036165121304181,0.3750066611544712,1484.3762,42.70051487376928,0.008782251508279493,fixed benzene facility-z/h0 source geometry; facility-total point-ready SO2 allocated by existing geometry weights,56.0,17.0688,3.0,0.9144,150.0,338.7055555555555,40.0,12.192,FAC006,6
Q0001225,nonegu,run1_top20_facility_srcgroup_members_2021.csv,ptnonipm/nonegu_norailyard_2021_POINT_20240502_17may2024_v0.csv,2021hb_cb6_21k/inputs/ptnonipm/nonegu_norailyard_2021_POINT_20240502_17may2024_v0.csv,y2024v0csv_4924411_31422313_30057112_9201814,4924411,BAYTOWN REFINERY,48201,2,31422313,30057112,9201814,40301130,SO2,-95.012222,29.737778,305397.1832087769,3291425.096297524,0.0,8.669605549612768,0.2493954165533998,1484.3762,42.70051487376928,0.0058405716486243636,fixed benzene facility-z/h0 source geometry; facility-total point-ready SO2 allocated by existing geometry weights,42.0,12.8016,3.0,0.9144,73.0,295.92777777777775,0.1,0.03048,FAC006,6
Q0001226,nonegu,run1_top20_facility_srcgroup_members_2021.csv,ptnonipm/nonegu_norailyard_2021_POINT_20240502_17may2024_v0.csv,2021hb_cb6_21k/inputs/ptnonipm/nonegu_norailyard_2021_POINT_20240502_17may2024_v0.csv,y2024v0csv_4924411_31422713_30089912_9201414,4924411,BAYTOWN REFINERY,48201,2,31422713,30089912,9201414,40301141,SO2,-95.011389,29.737221999999996,305476.6863588805,3291362.066034986,0.0,1.2385150785161096,0.03562791665048568,1484.3762,42.70051487376928,0.000834367378374909,fixed benzene facility-z/h0 source geometry; facility-total point-ready SO2 allocated by existing geometry weights,52.0,15.8496,3.0,0.9144,73.0,295.92777777777775,0.1,0.03048,FAC006,6
Q0001227,nonegu,run1_top20_facility_srcgroup_members_2021.csv,ptnonipm/nonegu_norailyard_2021_POINT_20240502_17may2024_v0.csv,2021hb_cb6_21k/inputs/ptnonipm/nonegu_norailyard_2021_POINT_20240502_17may2024_v0.csv,y2024v0csv_4924411_31422913_30067012_9201014,4924411,BAYTOWN REFINERY,48201,2,31422913,30067012,9201014,40301130,SO2,-95.011111,29.736944,305503.04095133906,3291330.784478764,0.0,1.3179070707286809,0.03791175746141426,1484.3762,42.70051487376928,0.0008878524667322751,fixed benzene facility-z/h0 source geometry; facility-total point-ready SO2 allocated by existing geometry weights,52.0,15.8496,3.0,0.9144,73.0,295.92777777777775,0.1,0.03048,FAC006,6
Q0001228,nonegu,run1_top20_facility_srcgroup_members_2021.csv,ptnonipm/nonegu_norailyard_2021_POINT_20240502_17may2024_v0.csv,2021hb_cb6_21k/inputs/ptnonipm/nonegu_norailyard_2021_POINT_20240502_17may2024_v0.csv,y2024v0csv_4924411_31424113_30081412_8901714,4924411,BAYTOWN REFINERY,48201,2,31424113,30081412,8901714,40301140,SO2,-95.001111,29.745556,306486.9000234179,3292268.51765474,0.0,0.5081087501604553,0.014616581189942846,1484.3762,42.70051487376928,0.00034230456548714223,fixed benzene facility-z/h0 source geometry; facility-total point-ready SO2 allocated by existing geometry weights,56.0,17.0688,3.0,0.9144,68.0,293.15,0.1,0.03048,FAC006,6
Q0001229,nonegu,run1_top20_facility_srcgroup_members_2021.csv,ptnonipm/nonegu_norailyard_2021_POINT_20240502_17may2024_v0.csv,2021hb_cb6_21k/inputs/ptnonipm/nonegu_norailyard_2021_POINT_20240502_17may2024_v0.csv,y2024v0csv_4924411_31426913_30086612_8897814,4924411,BAYTOWN REFINERY,48201,2,31426913,30086612,8897814,39990013,SO2,-95.019444,29.725833,304675.4403511372,3290113.3233035593,0.0,268.2972984831629,7.718011636452008,1484.3762,42.70051487376928,0.18074750759488256,fixed benzene facility-z/h0 source geometry; facility-total point-ready SO2 allocated by existing geometry weights,76.0,23.1648,8.5,2.5908,543.0,557.0388888888889,75.0,22.86,FAC006,6
Q0001230,nonegu,run1_top20_facility_srcgroup_members_2021.csv,ptnonipm/nonegu_norailyard_2021_POINT_20240502_17may2024_v0.csv,2021hb_cb6_21k/inputs/ptnonipm/nonegu_norailyard_2021_POINT_20240502_17may2024_v0.csv,y2024v0csv_4924411_31426913_30097412_8897914,4924411,BAYTOWN REFINERY,48201,2,31426913,30097412,8897914,39990013,SO2,-95.019167,29.725833,304702.2380100243,3290112.8548044884,0.0,381.5102793782893,10.974768632836147,1484.3762,42.70051487376928,0.2570172435924864,fixed benzene facility-z/h0 source geometry; facility-total point-ready SO2 allocated by existing geometry weights,76.0,23.1648,8.5,2.5908,543.0,557.0388888888889,75.0,22.86,FAC006,6
Q0001231,nonegu,run1_top20_facility_srcgroup_members_2021.csv,ptnonipm/nonegu_norailyard_2021_POINT_20240502_17may2024_v0.csv,2021hb_cb6_21k/inputs/ptnonipm/nonegu_norailyard_2021_POINT_20240502_17may2024_v0.csv,y2024v0csv_4924411_31427013_30019412_8897714,4924411,BAYTOWN REFINERY,48201,2,31427013,30019412,8897714,40600199,SO2,-95.009722,29.736389000000003,305636.33029648394,3291266.9296389148,0.0,0.01587839844251423,0.00045676816218571394,1484.3762,42.70051487376928,1.0697017671473195e-05,fixed benzene facility-z/h0 source geometry; facility-total point-ready SO2 allocated by existing geometry weights,35.0,10.668,8.0,2.4384,543.0,557.0388888888889,70.0,21.336,FAC006,6
Q0001232,nonegu,run1_top20_facility_srcgroup_members_2021.csv,ptnonipm/nonegu_norailyard_2021_POINT_20240502_17may2024_v0.csv,2021hb_cb6_21k/inputs/ptnonipm/nonegu_norailyard_2021_POINT_20240502_17may2024_v0.csv,y2024v0csv_4924411_31427913_30031012_8896614,4924411,BAYTOWN REFINERY,48201,2,31427913,30031012,8896614,30600106,SO2,-94.997778,29.748333,306814.60461471847,3292570.7316476735,0.0,0.20641917975268492,0.00593798610841428,1484.3762,42.70051487376928,0.0001390612297291515,fixed benzene facility-z/h0 source geometry; facility-total point-ready SO2 allocated by existing geometry weights,200.0,60.96,5.5,1.6764,500.0,533.15,25.0,7.62,FAC006,6
Q0001233,nonegu,run1_top20_facility_srcgroup_members_2021.csv,ptnonipm/nonegu_norailyard_2021_POINT_20240502_17may2024_v0.csv,2021hb_cb6_21k/inputs/ptnonipm/nonegu_norailyard_2021_POINT_20240502_17may2024_v0.csv,y2024v0csv_4924411_31430013_30039512_9198614,4924411,BAYTOWN REFINERY,48201,2,31430013,30039512,9198614,40301130,SO2,-95.010833,29.733056,305522.42778878583,3290899.3757557063,0.0,2.3976381648196483,0.06897199249004281,1484.3762,42.70051487376928,0.0016152496683924523,fixed benzene facility-z/h0 source geometry; facility-total point-ready SO2 allocated by existing geometry weights,56.0,17.0688,3.0,0.9144,73.0,295.92777777777775,0.1,0.03048,FAC006,6
Q0001234,nonegu,run1_top20_facility_srcgroup_members_2021.csv,ptnonipm/nonegu_norailyard_2021_POINT_20240502_17may2024_v0.csv,2021hb_cb6_21k/inputs/ptnonipm/nonegu_norailyard_2021_POINT_20240502_17may2024_v0.csv,y2024v0csv_4924411_31430513_30036312_9163814,4924411,BAYTOWN REFINERY,48201,3,31430513,30036312,9163814,20200102,SO2,-95.010278,29.743333000000003,305595.94872889324,3292037.5292911413,0.0,0.3016895704077703,0.008678595081528564,1484.3762,42.70051487376928,0.00020324333575799067,fixed benzene facility-z/h0 source geometry; facility-total point-ready SO2 allocated by existing geometry weights,8.0,2.4384,0.33,0.100584,538.0,554.2611111111111,86.0,26.2128,FAC006,6
Q0001235,nonegu,run1_top20_facility_srcgroup_members_2021.csv,ptnonipm/nonegu_norailyard_2021_POINT_20240502_17may2024_v0.csv,2021hb_cb6_21k/inputs/ptnonipm/nonegu_norailyard_2021_POINT_20240502_17may2024_v0.csv,y2024v0csv_4924411_31430613_30099512_9163714,4924411,BAYTOWN REFINERY,48201,3,31430613,30099512,9163714,20200102,SO2,-95.013056,29.724167,305290.2122877904,3289917.8784994055,0.0,0.5081087501604553,0.014616581189942846,1484.3762,42.70051487376928,0.00034230456548714223,fixed benzene facility-z/h0 source geometry; facility-total point-ready SO2 allocated by existing geometry weights,8.0,2.4384,0.42,0.128016,538.0,554.2611111111111,88.0,26.8224,FAC006,6
Q0001236,nonegu,run1_top20_facility_srcgroup_members_2021.csv,ptnonipm/nonegu_norailyard_2021_POINT_20240502_17may2024_v0.csv,2021hb_cb6_21k/inputs/ptnonipm/nonegu_norailyard_2021_POINT_20240502_17may2024_v0.csv,y2024v0csv_4924411_31431713_30097912_9162614,4924411,BAYTOWN REFINERY,48201,2,31431713,30097912,9162614,40301130,SO2,-95.010278,29.733056,305576.11584848457,3290898.4410004313,0.0,2.0324350006418213,0.058466324759771385,1484.3762,42.70051487376928,0.001369218261948569,fixed benzene facility-z/h0 source geometry; facility-total point-ready SO2 allocated by existing geometry weights,56.0,17.0688,3.0,0.9144,73.0,295.92777777777775,0.1,0.03048,FAC006,6
Q0001237,nonegu,run1_top20_facility_srcgroup_members_2021.csv,ptnonipm/nonegu_norailyard_2021_POINT_20240502_17may2024_v0.csv,2021hb_cb6_21k/inputs/ptnonipm/nonegu_norailyard_2021_POINT_20240502_17may2024_v0.csv,y2024v0csv_4924411_31433013_30070512_6130714,4924411,BAYTOWN REFINERY,48201,2,31433013,30070512,6130714,40301130,SO2,-95.003889,29.745,306217.1337769821,3292211.5527148233,0.0,0.7621631252406827,0.021924871784914268,1484.3762,42.70051487376928,0.0005134568482307132,fixed benzene facility-z/h0 source geometry; facility-total point-ready SO2 allocated by existing geometry weights,52.0,15.8496,3.0,0.9144,73.0,295.92777777777775,0.1,0.03048,FAC006,6
Q0001238,nonegu,run1_top20_facility_srcgroup_members_2021.csv,ptnonipm/nonegu_norailyard_2021_POINT_20240502_17may2024_v0.csv,2021hb_cb6_21k/inputs/ptnonipm/nonegu_norailyard_2021_POINT_20240502_17may2024_v0.csv,y2024v0csv_4924411_31433313_30071512_6130414,4924411,BAYTOWN REFINERY,48201,2,31433313,30071512,6130414,40301130,SO2,-95.006667,29.746111,305950.5762856916,3292339.362059132,0.0,0.4445951563903983,0.012789508541199989,1484.3762,42.70051487376928,0.0002995164948012494,fixed benzene facility-z/h0 source geometry; facility-total point-ready SO2 allocated by existing geometry weights,56.0,17.0688,3.0,0.9144,73.0,295.92777777777775,0.1,0.03048,FAC006,6
Q0001239,nonegu,run1_top20_facility_srcgroup_members_2021.csv,ptnonipm/nonegu_norailyard_2021_POINT_20240502_17may2024_v0.csv,2021hb_cb6_21k/inputs/ptnonipm/nonegu_norailyard_2021_POINT_20240502_17may2024_v0.csv,y2024v0csv_4924411_31434513_30060312_6129214,4924411,BAYTOWN REFINERY,48201,2,31434513,30060312,6129214,40301130,SO2,-95.023889,29.736944,304267.0030829067,3291352.3819206813,0.0,0.9527039065508536,0.027406089731142832,1484.3762,42.70051487376928,0.0006418210602883916,fixed benzene facility-z/h0 source geometry; facility-total point-ready SO2 allocated by existing geometry weights,56.0,17.0688,3.0,0.9144,68.0,293.15,0.1,0.03048,FAC006,6
Q0001240,nonegu,run1_top20_facility_srcgroup_members_2021.csv,ptnonipm/nonegu_norailyard_2021_POINT_20240502_17may2024_v0.csv,2021hb_cb6_21k/inputs/ptnonipm/nonegu_norailyard_2021_POINT_20240502_17may2024_v0.csv,y2024v0csv_4924411_31434713_30113512_6129014,4924411,BAYTOWN REFINERY,48201,2,31434713,30113512,6129014,40301130,SO2,-95.005833,29.745556,306030.1739662137,3292276.444635321,0.0,2.6993277352274188,0.07765058757157137,1484.3762,42.70051487376928,0.001818493004150443,fixed benzene facility-z/h0 source geometry; facility-total point-ready SO2 allocated by existing geometry weights,56.0,17.0688,3.0,0.9144,73.0,295.92777777777775,0.1,0.03048,FAC006,6
Q0001241,nonegu,run1_top20_facility_srcgroup_members_2021.csv,ptnonipm/nonegu_norailyard_2021_POINT_20240502_17may2024_v0.csv,2021hb_cb6_21k/inputs/ptnonipm/nonegu_norailyard_2021_POINT_20240502_17may2024_v0.csv,y2024v0csv_4924411_31436813_30066312_6042214,4924411,BAYTOWN REFINERY,48201,2,31436813,30066312,6042214,20200201,SO2,-94.998611,29.742222,306722.30949698016,3291894.793570663,0.0,1.810137422446622,0.05207157048917139,1484.3762,42.70051487376928,0.0012194600145479441,fixed benzene facility-z/h0 source geometry; facility-total point-ready SO2 allocated by existing geometry weights,120.0,36.576,10.0,3.048,350.0,449.8166666666666,50.0,15.24,FAC006,6
Q0001242,nonegu,run1_top20_facility_srcgroup_members_2021.csv,ptnonipm/nonegu_norailyard_2021_POINT_20240502_17may2024_v0.csv,2021hb_cb6_21k/inputs/ptnonipm/nonegu_norailyard_2021_POINT_20240502_17may2024_v0.csv,y2024v0csv_4924411_31444013_30087012_6522414,4924411,BAYTOWN REFINERY,48201,2,31444013,30087012,6522414,40301097,SO2,-94.996111,29.739167,306958.2701013568,3291551.999305634,0.0,49.90580630482222,1.435622333749699,1484.3762,42.70051487376928,0.03362072654144025,fixed benzene facility-z/h0 source geometry; facility-total point-ready SO2 allocated by existing geometry weights,56.0,17.0688,3.0,0.9144,290.0,416.48333333333335,0.1,0.03048,FAC006,6
Q0001243,nonegu,run1_top20_facility_srcgroup_members_2021.csv,ptnonipm/nonegu_norailyard_2021_POINT_20240502_17may2024_v0.csv,2021hb_cb6_21k/inputs/ptnonipm/nonegu_norailyard_2021_POINT_20240502_17may2024_v0.csv,y2024v0csv_4924411_31445713_30107612_6520514,4924411,BAYTOWN REFINERY,48201,2,31445713,30107612,6520514,38500101,SO2,-95.002778,29.7475,306329.40137282404,3292486.783938424,0.0,0.01587839844251423,0.00045676816218571394,1484.3762,42.70051487376928,1.0697017671473195e-05,fixed benzene facility-z/h0 source geometry; facility-total point-ready SO2 allocated by existing geometry weights,30.0,9.144,12.0,3.6576,85.0,302.59444444444443,20.0,6.096,FAC006,6
Q0001244,nonegu,run1_top20_facility_srcgroup_members_2021.csv,ptnonipm/nonegu_norailyard_2021_POINT_20240502_17may2024_v0.csv,2021hb_cb6_21k/inputs/ptnonipm/nonegu_norailyard_2021_POINT_20240502_17may2024_v0.csv,y2024v0csv_4924411_31445813_30095412_6520414,4924411,BAYTOWN REFINERY,48201,2,31445813,30095412,6520414,30600104,SO2,-95.003056,29.745833,306299.3066115483,3292302.482779038,0.0,0.3969599610628557,0.011419204054642848,1484.3762,42.70051487376928,0.00026742544178682984,fixed benzene facility-z/h0 source geometry; facility-total point-ready SO2 allocated by existing geometry weights,15.0,4.572,3.0,0.9144,300.0,422.0388888888889,10.0,3.048,FAC006,6
Q0001245,nonegu,run1_top20_facility_srcgroup_members_2021.csv,ptnonipm/nonegu_norailyard_2021_POINT_20240502_17may2024_v0.csv,2021hb_cb6_21k/inputs/ptnonipm/nonegu_norailyard_2021_POINT_20240502_17may2024_v0.csv,y2024v0csv_4924411_31445913_30045512_6520314,4924411,BAYTOWN REFINERY,48201,2,31445913,30045512,6520314,30600104,SO2,-94.997778,29.737221999999996,306793.2927806236,3291339.2080214457,0.0,0.07939199221257114,0.0022838408109285696,1484.3762,42.70051487376928,5.3485088357365966e-05,fixed benzene facility-z/h0 source geometry; facility-total point-ready SO2 allocated by existing geometry weights,80.0,24.384,6.0,1.8288,590.0,583.15,6.76,2.060448,FAC006,6
Q0001246,nonegu,run1_top20_facility_srcgroup_members_2021.csv,ptnonipm/nonegu_norailyard_2021_POINT_20240502_17may2024_v0.csv,2021hb_cb6_21k/inputs/ptnonipm/nonegu_norailyard_2021_POINT_20240502_17may2024_v0.csv,y2024v0csv_4924411_31446013_30045612_6520214,4924411,BAYTOWN REFINERY,48201,2,31446013,30045612,6520214,30600104,SO2,-94.997778,29.736666999999997,306792.2284343654,3291277.692848831,0.0,0.3652031641778272,0.01050566773027142,1484.3762,42.70051487376928,0.00024603140644388345,fixed benzene facility-z/h0 source geometry; facility-total point-ready SO2 allocated by existing geometry weights,114.0,34.7472,8.0,2.4384,450.0,505.3722222222222,16.12,4.913376,FAC006,6
Q0001247,nonegu,run1_top20_facility_srcgroup_members_2021.csv,ptnonipm/nonegu_norailyard_2021_POINT_20240502_17may2024_v0.csv,2021hb_cb6_21k/inputs/ptnonipm/nonegu_norailyard_2021_POINT_20240502_17may2024_v0.csv,y2024v0csv_4924411_31446213_30096012_6520014,4924411,BAYTOWN REFINERY,48201,2,31446213,30096012,6520014,30600104,SO2,-94.998056,29.737221999999996,306766.40160260897,3291339.6733336467,0.0,0.03175679688502846,0.0009135363243714279,1484.3762,42.70051487376928,2.139403534294639e-05,fixed benzene facility-z/h0 source geometry; facility-total point-ready SO2 allocated by existing geometry weights,39.0,11.8872,3.0,0.9144,586.0,580.9277777777777,10.62,3.236976,FAC006,6
Q0001248,nonegu,run1_top20_facility_srcgroup_members_2021.csv,ptnonipm/nonegu_norailyard_2021_POINT_20240502_17may2024_v0.csv,2021hb_cb6_21k/inputs/ptnonipm/nonegu_norailyard_2021_POINT_20240502_17may2024_v0.csv,y2024v0csv_4924411_31446913_30101612_6519314,4924411,BAYTOWN REFINERY,48201,2,31446913,30101612,6519314,40301097,SO2,-94.995,29.741389,307069.9916480547,3291796.4241203247,0.0,11.178392503530016,0.3215647861787426,1484.3762,42.70051487376928,0.007530700440717129,fixed benzene facility-z/h0 source geometry; facility-total point-ready SO2 allocated by existing geometry weights,56.0,17.0688,3.0,0.9144,150.0,338.7055555555555,0.1,0.03048,FAC006,6
Q0001249,nonegu,run1_top20_facility_srcgroup_members_2021.csv,ptnonipm/nonegu_norailyard_2021_POINT_20240502_17may2024_v0.csv,2021hb_cb6_21k/inputs/ptnonipm/nonegu_norailyard_2021_POINT_20240502_17may2024_v0.csv,y2024v0csv_4924411_31449313_30052412_6228614,4924411,BAYTOWN REFINERY,48201,2,31449313,30052412,6228614,38500101,SO2,-95.011944,29.747221999999997,305442.31722366065,3292471.3885568846,0.0,10.590891761156989,0.3046643641778712,1484.3762,42.70051487376928,0.0071349107868726195,fixed benzene facility-z/h0 source geometry; facility-total point-ready SO2 allocated by existing geometry weights,30.0,9.144,12.0,3.6576,85.0,302.59444444444443,20.0,6.096,FAC006,6
Q0001250,nonegu,run1_top20_facility_srcgroup_members_2021.csv,ptnonipm/nonegu_norailyard_2021_POINT_20240502_17may2024_v0.csv,2021hb_cb6_21k/inputs/ptnonipm/nonegu_norailyard_2021_POINT_20240502_17may2024_v0.csv,y2024v0csv_4924411_31449613_30077812_6228314,4924411,BAYTOWN REFINERY,48201,2,31449613,30077812,6228314,38500101,SO2,-95.005278,29.739167,306071.5547161125,3291567.364869332,0.0,0.25405437508022766,0.007308290594971423,1484.3762,42.70051487376928,0.00017115228274357111,fixed benzene facility-z/h0 source geometry; facility-total point-ready SO2 allocated by existing geometry weights,30.0,9.144,12.0,3.6576,85.0,302.59444444444443,20.0,6.096,FAC006,6
Q0001251,nonegu,run1_top20_facility_srcgroup_members_2021.csv,ptnonipm/nonegu_norailyard_2021_POINT_20240502_17may2024_v0.csv,2021hb_cb6_21k/inputs/ptnonipm/nonegu_norailyard_2021_POINT_20240502_17may2024_v0.csv,y2024v0csv_4924411_31450013_30051212_6227914,4924411,BAYTOWN REFINERY,48201,2,31450013,30051212,6227914,38500101,SO2,-95.011667,29.743889000000003,305462.67109010695,3292101.4960199315,0.0,0.03175679688502846,0.0009135363243714279,1484.3762,42.70051487376928,2.139403534294639e-05,fixed benzene facility-z/h0 source geometry; facility-total point-ready SO2 allocated by existing geometry weights,30.0,9.144,12.0,3.6576,85.0,302.59444444444443,20.0,6.096,FAC006,6
Q0001252,nonegu,run1_top20_facility_srcgroup_members_2021.csv,ptnonipm/nonegu_norailyard_2021_POINT_20240502_17may2024_v0.csv,2021hb_cb6_21k/inputs/ptnonipm/nonegu_norailyard_2021_POINT_20240502_17may2024_v0.csv,y2024v0csv_4924411_31450213_30060812_6227714,4924411,BAYTOWN REFINERY,48201,2,31450213,30060812,6227714,38500101,SO2,-95.013889,29.744721999999996,305249.35911637836,3292197.572122109,0.0,4.969938712506953,0.14296843476412846,1484.3762,42.70051487376928,0.0033481665311711098,fixed benzene facility-z/h0 source geometry; facility-total point-ready SO2 allocated by existing geometry weights,30.0,9.144,12.0,3.6576,85.0,302.59444444444443,20.0,6.096,FAC006,6
Q0001253,nonegu,run1_top20_facility_srcgroup_members_2021.csv,ptnonipm/nonegu_norailyard_2021_POINT_20240502_17may2024_v0.csv,2021hb_cb6_21k/inputs/ptnonipm/nonegu_norailyard_2021_POINT_20240502_17may2024_v0.csv,y2024v0csv_4924411_31451913_30065012_6507214,4924411,BAYTOWN REFINERY,48201,2,31451913,30065012,6507214,30600201,SO2,-95.013333,29.744721999999996,305303.13772685174,3292196.6340318336,0.0,12.893259535321551,0.37089574769479966,1484.3762,42.70051487376928,0.008685978349236232,fixed benzene facility-z/h0 source geometry; facility-total point-ready SO2 allocated by existing geometry weights,200.0,60.96,9.5,2.8956,147.0,337.0388888888889,42.0,12.8016,FAC006,6
Q0001254,nonegu,run1_top20_facility_srcgroup_members_2021.csv,ptnonipm/nonegu_norailyard_2021_POINT_20240502_17may2024_v0.csv,2021hb_cb6_21k/inputs/ptnonipm/nonegu_norailyard_2021_POINT_20240502_17may2024_v0.csv,y2024v0csv_4924411_31453213_30105012_6505614,4924411,BAYTOWN REFINERY,48201,2,31453213,30105012,6505614,30600104,SO2,-95.007778,29.741944,305835.08445674845,3291879.366208574,0.0,0.01587839844251423,0.00045676816218571394,1484.3762,42.70051487376928,1.0697017671473195e-05,fixed benzene facility-z/h0 source geometry; facility-total point-ready SO2 allocated by existing geometry weights,112.0,34.1376,3.0,0.9144,500.0,533.15,21.94,6.687312,FAC006,6
Q0001255,nonegu,run1_top20_facility_srcgroup_members_2021.csv,ptnonipm/nonegu_norailyard_2021_POINT_20240502_17may2024_v0.csv,2021hb_cb6_21k/inputs/ptnonipm/nonegu_norailyard_2021_POINT_20240502_17may2024_v0.csv,y2024v0csv_4924411_31453513_30046412_6505314,4924411,BAYTOWN REFINERY,48201,2,31453513,30046412,6505314,30600104,SO2,-95.008056,29.742222,305808.7304201763,3291910.6470238827,0.0,0.03175679688502846,0.0009135363243714279,1484.3762,42.70051487376928,2.139403534294639e-05,fixed benzene facility-z/h0 source geometry; facility-total point-ready SO2 allocated by existing geometry weights,112.0,34.1376,3.0,0.9144,500.0,533.15,21.9,6.67512,FAC006,6
Q0001256,nonegu,run1_top20_facility_srcgroup_members_2021.csv,ptnonipm/nonegu_norailyard_2021_POINT_20240502_17may2024_v0.csv,2021hb_cb6_21k/inputs/ptnonipm/nonegu_norailyard_2021_POINT_20240502_17may2024_v0.csv,y2024v0csv_4924411_31454413_30055112_6360714,4924411,BAYTOWN REFINERY,48201,2,31454413,30055112,6360714,40301130,SO2,-95.004722,29.745833,306138.16649829235,3292305.2801483204,0.0,0.3969599610628557,0.011419204054642848,1484.3762,42.70051487376928,0.00026742544178682984,fixed benzene facility-z/h0 source geometry; facility-total point-ready SO2 allocated by existing geometry weights,48.0,14.630400000000002,3.0,0.9144,73.0,295.92777777777775,0.1,0.03048,FAC006,6
Q0001257,nonegu,run1_top20_facility_srcgroup_members_2021.csv,ptnonipm/nonegu_norailyard_2021_POINT_20240502_17may2024_v0.csv,2021hb_cb6_21k/inputs/ptnonipm/nonegu_norailyard_2021_POINT_20240502_17may2024_v0.csv,y2024v0csv_4924411_31455613_30053412_6359414,4924411,BAYTOWN REFINERY,48201,2,31455613,30053412,6359414,40301130,SO2,-95.015,29.740833,305134.3747632784,3291768.3951776023,0.0,11.321298089512645,0.32567569963841403,1484.3762,42.70051487376928,0.007626973599760388,fixed benzene facility-z/h0 source geometry; facility-total point-ready SO2 allocated by existing geometry weights,56.0,17.0688,3.0,0.9144,73.0,295.92777777777775,0.1,0.03048,FAC006,6
Q0001258,nonegu,run1_top20_facility_srcgroup_members_2021.csv,ptnonipm/nonegu_norailyard_2021_POINT_20240502_17may2024_v0.csv,2021hb_cb6_21k/inputs/ptnonipm/nonegu_norailyard_2021_POINT_20240502_17may2024_v0.csv,y2024v0csv_4924411_31455713_30034712_6359214,4924411,BAYTOWN REFINERY,48201,2,31455713,30034712,6359214,40301130,SO2,-95.013056,29.740556,305321.8784014088,3291734.4124896303,0.0,10.209810198536646,0.293701928285414,1484.3762,42.70051487376928,0.006878182362757263,fixed benzene facility-z/h0 source geometry; facility-total point-ready SO2 allocated by existing geometry weights,56.0,17.0688,3.0,0.9144,73.0,295.92777777777775,0.1,0.03048,FAC006,6
Q0001259,nonegu,run1_top20_facility_srcgroup_members_2021.csv,ptnonipm/nonegu_norailyard_2021_POINT_20240502_17may2024_v0.csv,2021hb_cb6_21k/inputs/ptnonipm/nonegu_norailyard_2021_POINT_20240502_17may2024_v0.csv,y2024v0csv_4924411_31456413_30108012_6358514,4924411,BAYTOWN REFINERY,48201,2,31456413,30108012,6358514,40301130,SO2,-95.0125,29.741111,305376.7315540141,3291794.9903557617,0.0,6.98649531470626,0.20097799136171413,1484.3762,42.70051487376928,0.004706687775448205,fixed benzene facility-z/h0 source geometry; facility-total point-ready SO2 allocated by existing geometry weights,56.0,17.0688,3.0,0.9144,73.0,295.92777777777775,0.1,0.03048,FAC006,6
Q0001260,nonegu,run1_top20_facility_srcgroup_members_2021.csv,ptnonipm/nonegu_norailyard_2021_POINT_20240502_17may2024_v0.csv,2021hb_cb6_21k/inputs/ptnonipm/nonegu_norailyard_2021_POINT_20240502_17may2024_v0.csv,y2024v0csv_4924411_31456813_30095312_6503214,4924411,BAYTOWN REFINERY,48201,2,31456813,30095312,6503214,40301130,SO2,-95.016389,29.738889,304996.2564729996,3291555.270257803,0.0,23.484151296478544,0.675560111872671,1484.3762,42.70051487376928,0.015820889136108855,fixed benzene facility-z/h0 source geometry; facility-total point-ready SO2 allocated by existing geometry weights,56.0,17.0688,3.28,0.999744,70.0,294.26111111111106,0.1,0.03048,FAC006,6
Q0001261,nonegu,run1_top20_facility_srcgroup_members_2021.csv,ptnonipm/nonegu_norailyard_2021_POINT_20240502_17may2024_v0.csv,2021hb_cb6_21k/inputs/ptnonipm/nonegu_norailyard_2021_POINT_20240502_17may2024_v0.csv,y2024v0csv_4924411_31457013_30079612_6503014,4924411,BAYTOWN REFINERY,48201,2,31457013,30079612,6503014,40301130,SO2,-94.9925,29.747221999999997,307322.9675675075,3292438.7665335415,0.0,4.350681173248898,0.1251544764388856,1484.3762,42.70051487376928,0.002930982841983655,fixed benzene facility-z/h0 source geometry; facility-total point-ready SO2 allocated by existing geometry weights,56.0,17.0688,3.0,0.9144,100.0,310.92777777777775,0.25,0.0762,FAC006,6
Q0001262,nonegu,run1_top20_facility_srcgroup_members_2021.csv,ptnonipm/nonegu_norailyard_2021_POINT_20240502_17may2024_v0.csv,2021hb_cb6_21k/inputs/ptnonipm/nonegu_norailyard_2021_POINT_20240502_17may2024_v0.csv,y2024v0csv_4924411_31457213_30058512_6502814,4924411,BAYTOWN REFINERY,48201,2,31457213,30058512,6502814,30600104,SO2,-95.0,29.746944,306597.0247409891,3292420.4989477536,0.0,0.03175679688502846,0.0009135363243714279,1484.3762,42.70051487376928,2.139403534294639e-05,fixed benzene facility-z/h0 source geometry; facility-total point-ready SO2 allocated by existing geometry weights,200.0,60.96,7.0,2.1336,341.0,444.8166666666666,1.48,0.451104,FAC006,6
Q0001263,nonegu,run1_top20_facility_srcgroup_members_2021.csv,ptnonipm/nonegu_norailyard_2021_POINT_20240502_17may2024_v0.csv,2021hb_cb6_21k/inputs/ptnonipm/nonegu_norailyard_2021_POINT_20240502_17may2024_v0.csv,y2024v0csv_4924411_31457413_30065012_6502614,4924411,BAYTOWN REFINERY,48201,2,31457413,30065012,6502614,30600201,SO2,-95.013333,29.744721999999996,305303.13772685174,3292196.6340318336,0.0,30.486525009627314,0.8769948713965706,1484.3762,42.70051487376928,0.02053827392922853,fixed benzene facility-z/h0 source geometry; facility-total point-ready SO2 allocated by existing geometry weights,200.0,60.96,9.5,2.8956,147.0,337.0388888888889,42.0,12.8016,FAC006,6
Q0001264,nonegu,run1_top20_facility_srcgroup_members_2021.csv,ptnonipm/nonegu_norailyard_2021_POINT_20240502_17may2024_v0.csv,2021hb_cb6_21k/inputs/ptnonipm/nonegu_norailyard_2021_POINT_20240502_17may2024_v0.csv,y2024v0csv_4924411_31459513_30105212_6498914,4924411,BAYTOWN REFINERY,48201,2,31459513,30105212,6498914,30600104,SO2,-95.005278,29.741389,306075.8323946921,3291813.6479210933,0.0,0.2381759766377134,0.006851522432785708,1484.3762,42.70051487376928,0.0001604552650720979,fixed benzene facility-z/h0 source geometry; facility-total point-ready SO2 allocated by existing geometry weights,197.0,60.0456,5.0,1.524,550.0,560.9277777777777,24.48,7.461504000000001,FAC006,6
Q0001265,nonegu,run1_top20_facility_srcgroup_members_2021.csv,ptnonipm/nonegu_norailyard_2021_POINT_20240502_17may2024_v0.csv,2021hb_cb6_21k/inputs/ptnonipm/nonegu_norailyard_2021_POINT_20240502_17may2024_v0.csv,y2024v0csv_4924411_31459613_30046712_6498814,4924411,BAYTOWN REFINERY,48201,2,31459613,30046712,6498814,30600104,SO2,-95.009722,29.743056,305649.1935238092,3292005.890605221,0.0,0.14290558598262804,0.004110913459671425,1484.3762,42.70051487376928,9.627315904325874e-05,fixed benzene facility-z/h0 source geometry; facility-total point-ready SO2 allocated by existing geometry weights,173.0,52.7304,4.0,1.2192,530.0,549.8166666666666,17.36,5.291328,FAC006,6
Q0001266,nonegu,run1_top20_facility_srcgroup_members_2021.csv,ptnonipm/nonegu_norailyard_2021_POINT_20240502_17may2024_v0.csv,2021hb_cb6_21k/inputs/ptnonipm/nonegu_norailyard_2021_POINT_20240502_17may2024_v0.csv,y2024v0csv_4924411_31460013_30046212_6498114,4924411,BAYTOWN REFINERY,48201,2,31460013,30046212,6498114,30600104,SO2,-94.998333,29.744166999999997,306752.93110280624,3292109.9084967994,0.0,0.6668927345855975,0.019184262811799985,1484.3762,42.70051487376928,0.0004492747422018741,fixed benzene facility-z/h0 source geometry; facility-total point-ready SO2 allocated by existing geometry weights,199.0,60.6552,11.0,3.3528,375.0,463.7055555555555,16.48,5.023104,FAC006,6
Q0001267,nonegu,run1_top20_facility_srcgroup_members_2021.csv,ptnonipm/nonegu_norailyard_2021_POINT_20240502_17may2024_v0.csv,2021hb_cb6_21k/inputs/ptnonipm/nonegu_norailyard_2021_POINT_20240502_17may2024_v0.csv,y2024v0csv_4924411_31460113_30022312_6498014,4924411,BAYTOWN REFINERY,48201,2,31460113,30022312,6498014,30600104,SO2,-95.005833,29.738611,306016.79936755064,3291506.671232587,0.0,0.09527039065508534,0.0027406089731142834,1484.3762,42.70051487376928,6.418210602883915e-05,fixed benzene facility-z/h0 source geometry; facility-total point-ready SO2 allocated by existing geometry weights,200.0,60.96,7.9,2.4079200000000003,315.0,430.3722222222222,17.1,5.21208,FAC006,6
Q0001268,nonegu,run1_top20_facility_srcgroup_members_2021.csv,ptnonipm/nonegu_norailyard_2021_POINT_20240502_17may2024_v0.csv,2021hb_cb6_21k/inputs/ptnonipm/nonegu_norailyard_2021_POINT_20240502_17may2024_v0.csv,y2024v0csv_4924411_31460713_30020012_6497014,4924411,BAYTOWN REFINERY,48201,2,31460713,30020012,6497014,30600104,SO2,-95.014167,29.743889000000003,305220.8588413551,3292105.7125234907,0.0,0.1746623828676565,0.0050244497840428535,1484.3762,42.70051487376928,0.00011766719438620514,fixed benzene facility-z/h0 source geometry; facility-total point-ready SO2 allocated by existing geometry weights,225.0,68.58,6.0,1.8288,478.0,520.9277777777777,22.13,6.745224,FAC006,6
Q0001269,nonegu,run1_top20_facility_srcgroup_members_2021.csv,ptnonipm/nonegu_norailyard_2021_POINT_20240502_17may2024_v0.csv,2021hb_cb6_21k/inputs/ptnonipm/nonegu_norailyard_2021_POINT_20240502_17may2024_v0.csv,y2024v0csv_4924411_31461313_30020412_6496314,4924411,BAYTOWN REFINERY,48201,2,31461313,30020412,6496314,30600104,SO2,-94.999444,29.740833,306639.0703284428,3291742.2343910006,0.0,0.12702718754011383,0.0036541452974857115,1484.3762,42.70051487376928,8.557614137178556e-05,fixed benzene facility-z/h0 source geometry; facility-total point-ready SO2 allocated by existing geometry weights,62.0,18.8976,5.0,1.524,627.0,603.7055555555555,12.8,3.901440000000001,FAC006,6
Q0001270,nonegu,run1_top20_facility_srcgroup_members_2021.csv,ptnonipm/nonegu_norailyard_2021_POINT_20240502_17may2024_v0.csv,2021hb_cb6_21k/inputs/ptnonipm/nonegu_norailyard_2021_POINT_20240502_17may2024_v0.csv,y2024v0csv_4924411_31461613_30085212_6347214,4924411,BAYTOWN REFINERY,48201,2,31461613,30085212,6347214,30600104,SO2,-95.0,29.747221999999997,306597.55863285146,3292451.3120159484,0.0,0.03175679688502846,0.0009135363243714279,1484.3762,42.70051487376928,2.139403534294639e-05,fixed benzene facility-z/h0 source geometry; facility-total point-ready SO2 allocated by existing geometry weights,200.0,60.96,7.0,2.1336,341.0,444.8166666666666,1.58,0.481584,FAC006,6
Q0001271,nonegu,run1_top20_facility_srcgroup_members_2021.csv,ptnonipm/nonegu_norailyard_2021_POINT_20240502_17may2024_v0.csv,2021hb_cb6_21k/inputs/ptnonipm/nonegu_norailyard_2021_POINT_20240502_17may2024_v0.csv,y2024v0csv_4924411_31462213_30105312_6346614,4924411,BAYTOWN REFINERY,48201,2,31462213,30105312,6346614,30600104,SO2,-95.0,29.738611,306581.0235419475,3291496.883298672,0.0,0.03175679688502846,0.0009135363243714279,1484.3762,42.70051487376928,2.139403534294639e-05,fixed benzene facility-z/h0 source geometry; facility-total point-ready SO2 allocated by existing geometry weights,80.0,24.384,3.0,0.9144,600.0,588.7055555555555,13.01,3.965448,FAC006,6
Q0001272,nonegu,run1_top20_facility_srcgroup_members_2021.csv,ptnonipm/nonegu_norailyard_2021_POINT_20240502_17may2024_v0.csv,2021hb_cb6_21k/inputs/ptnonipm/nonegu_norailyard_2021_POINT_20240502_17may2024_v0.csv,y2024v0csv_4924411_31462813_30114112_6345614,4924411,BAYTOWN REFINERY,48201,2,31462813,30114112,6345614,10100702,SO2,-95.012778,29.745278000000003,305357.89415094396,3292257.324252881,0.0,0.8256767190107397,0.02375194443365712,1484.3762,42.70051487376928,0.000556244918916606,fixed benzene facility-z/h0 source geometry; facility-total point-ready SO2 allocated by existing geometry weights,100.0,30.48,14.0,4.2672,350.0,449.8166666666666,60.0,18.288,FAC006,6
Q0001273,nonegu,run1_top20_facility_srcgroup_members_2021.csv,ptnonipm/nonegu_norailyard_2021_POINT_20240502_17may2024_v0.csv,2021hb_cb6_21k/inputs/ptnonipm/nonegu_norailyard_2021_POINT_20240502_17may2024_v0.csv,y2024v0csv_4924411_31462913_30058612_6345514,4924411,BAYTOWN REFINERY,48201,2,31462913,30058612,6345514,40301130,SO2,-95.015,29.738889,305130.61415301927,3291552.924572854,0.0,11.591230863035385,0.33344075839557114,1484.3762,42.70051487376928,0.007808822900175431,fixed benzene facility-z/h0 source geometry; facility-total point-ready SO2 allocated by existing geometry weights,56.0,17.0688,3.0,0.9144,73.0,295.92777777777775,0.1,0.03048,FAC006,6
Q0001274,nonegu,run1_top20_facility_srcgroup_members_2021.csv,ptnonipm/nonegu_norailyard_2021_POINT_20240502_17may2024_v0.csv,2021hb_cb6_21k/inputs/ptnonipm/nonegu_norailyard_2021_POINT_20240502_17may2024_v0.csv,y2024v0csv_4924411_31463013_30114012_6345414,4924411,BAYTOWN REFINERY,48201,2,31463013,30114012,6345414,10100702,SO2,-95.005278,29.741389,306075.8323946921,3291813.6479210933,0.0,0.6510143361430833,0.018727494649614273,1484.3762,42.70051487376928,0.00043857772453040095,fixed benzene facility-z/h0 source geometry; facility-total point-ready SO2 allocated by existing geometry weights,100.0,30.48,14.0,4.2672,350.0,449.8166666666666,60.0,18.288,FAC006,6
Q0001275,nonegu,run1_top20_facility_srcgroup_members_2021.csv,ptnonipm/nonegu_norailyard_2021_POINT_20240502_17may2024_v0.csv,2021hb_cb6_21k/inputs/ptnonipm/nonegu_norailyard_2021_POINT_20240502_17may2024_v0.csv,y2024v0csv_4924411_31463313_30067712_6345114,4924411,BAYTOWN REFINERY,48201,2,31463313,30067712,6345114,30600106,SO2,-94.998889,29.7425,306695.95316591434,3291926.0721633313,0.0,0.09527039065508534,0.0027406089731142834,1484.3762,42.70051487376928,6.418210602883915e-05,fixed benzene facility-z/h0 source geometry; facility-total point-ready SO2 allocated by existing geometry weights,200.0,60.96,4.8,1.46304,560.0,566.4833333333333,30.0,9.144,FAC006,6
Q0001276,nonegu,run1_top20_facility_srcgroup_members_2021.csv,ptnonipm/nonegu_norailyard_2021_POINT_20240502_17may2024_v0.csv,2021hb_cb6_21k/inputs/ptnonipm/nonegu_norailyard_2021_POINT_20240502_17may2024_v0.csv,y2024v0csv_4924411_31463413_30057912_6345014,4924411,BAYTOWN REFINERY,48201,2,31463413,30057912,6345014,30600106,SO2,-94.995556,29.746667,307026.324324102,3292382.3574894625,0.0,0.1905407813101707,0.005481217946228567,1484.3762,42.70051487376928,0.0001283642120576783,fixed benzene facility-z/h0 source geometry; facility-total point-ready SO2 allocated by existing geometry weights,200.0,60.96,6.0,1.8288,350.0,449.8166666666666,30.0,9.144,FAC006,6
Q0001277,nonegu,run1_top20_facility_srcgroup_members_2021.csv,ptnonipm/nonegu_norailyard_2021_POINT_20240502_17may2024_v0.csv,2021hb_cb6_21k/inputs/ptnonipm/nonegu_norailyard_2021_POINT_20240502_17may2024_v0.csv,y2024v0csv_4924411_31463513_30058912_6344914,4924411,BAYTOWN REFINERY,48201,2,31463513,30058912,6344914,30600106,SO2,-94.995833,29.746944,307000.06326782657,3292413.522890412,0.0,0.20641917975268492,0.00593798610841428,1484.3762,42.70051487376928,0.0001390612297291515,fixed benzene facility-z/h0 source geometry; facility-total point-ready SO2 allocated by existing geometry weights,200.0,60.96,6.0,1.8288,350.0,449.8166666666666,30.0,9.144,FAC006,6
Q0001278,nonegu,run1_top20_facility_srcgroup_members_2021.csv,ptnonipm/nonegu_norailyard_2021_POINT_20240502_17may2024_v0.csv,2021hb_cb6_21k/inputs/ptnonipm/nonegu_norailyard_2021_POINT_20240502_17may2024_v0.csv,y2024v0csv_4924411_31464913_30043512_6343014,4924411,BAYTOWN REFINERY,48201,2,31464913,30043512,6343014,30600104,SO2,-95.006944,29.742222,305916.29010837426,3291908.7766418993,0.0,0.12702718754011383,0.0036541452974857115,1484.3762,42.70051487376928,8.557614137178556e-05,fixed benzene facility-z/h0 source geometry; facility-total point-ready SO2 allocated by existing geometry weights,155.0,47.244,6.0,1.8288,560.0,566.4833333333333,11.84,3.608832,FAC006,6
Q0001280,nonegu,run1_top20_facility_srcgroup_members_2021.csv,ptnonipm/nonegu_norailyard_2021_POINT_20240502_17may2024_v0.csv,2021hb_cb6_21k/inputs/ptnonipm/nonegu_norailyard_2021_POINT_20240502_17may2024_v0.csv,y2024v0csv_4924411_31465013_30078812_6342914,4924411,BAYTOWN REFINERY,48201,2,31465013,30078812,6342914,30600104,SO2,-95.000278,29.740833,306558.3996408434,3291743.6317918343,0.0,0.09527039065508534,0.0027406089731142834,1484.3762,42.70051487376928,6.418210602883915e-05,fixed benzene facility-z/h0 source geometry; facility-total point-ready SO2 allocated by existing geometry weights,71.0,21.6408,5.0,1.524,600.0,588.7055555555555,12.55,3.82524,FAC006,6
Q0001279,nonegu,run1_top20_facility_srcgroup_members_2021.csv,ptnonipm/nonegu_norailyard_2021_POINT_20240502_17may2024_v0.csv,2021hb_cb6_21k/inputs/ptnonipm/nonegu_norailyard_2021_POINT_20240502_17may2024_v0.csv,y2024v0csv_4924411_31465013_30078912_6342814,4924411,BAYTOWN REFINERY,48201,2,31465013,30078912,6342814,30600104,SO2,-95.0,29.741111,306585.823664156,3291773.9789698976,0.0,0.09527039065508534,0.0027406089731142834,1484.3762,42.70051487376928,6.418210602883915e-05,fixed benzene facility-z/h0 source geometry; facility-total point-ready SO2 allocated by existing geometry weights,71.0,21.6408,5.0,1.524,600.0,588.7055555555555,12.55,3.82524,FAC006,6
Q0001281,nonegu,run1_top20_facility_srcgroup_members_2021.csv,ptnonipm/nonegu_norailyard_2021_POINT_20240502_17may2024_v0.csv,2021hb_cb6_21k/inputs/ptnonipm/nonegu_norailyard_2021_POINT_20240502_17may2024_v0.csv,y2024v0csv_4924411_31465113_30044112_6342714,4924411,BAYTOWN REFINERY,48201,2,31465113,30044112,6342714,30600104,SO2,-95.0,29.733333,306570.8907331837,3290911.8792197043,0.0,0.349324765735313,0.010048899568085707,1484.3762,42.70051487376928,0.00023533438877241028,fixed benzene facility-z/h0 source geometry; facility-total point-ready SO2 allocated by existing geometry weights,213.0,64.92240000000001,9.0,2.7432000000000003,345.0,447.0388888888889,15.91,4.849368,FAC006,6
Q0001282,nonegu,run1_top20_facility_srcgroup_members_2021.csv,ptnonipm/nonegu_norailyard_2021_POINT_20240502_17may2024_v0.csv,2021hb_cb6_21k/inputs/ptnonipm/nonegu_norailyard_2021_POINT_20240502_17may2024_v0.csv,y2024v0csv_4924411_31465213_30030212_6342614,4924411,BAYTOWN REFINERY,48201,2,31465213,30030212,6342614,30600104,SO2,-94.997778,29.743889000000003,306806.07977659785,3292078.166314337,0.0,0.2858111719652561,0.00822182691934285,1484.3762,42.70051487376928,0.00019254631808651748,fixed benzene facility-z/h0 source geometry; facility-total point-ready SO2 allocated by existing geometry weights,213.0,64.92240000000001,9.0,2.7432000000000003,370.0,460.92777777777775,16.67,5.081016000000001,FAC006,6
Q0001283,nonegu,run1_top20_facility_srcgroup_members_2021.csv,ptnonipm/nonegu_norailyard_2021_POINT_20240502_17may2024_v0.csv,2021hb_cb6_21k/inputs/ptnonipm/nonegu_norailyard_2021_POINT_20240502_17may2024_v0.csv,y2024v0csv_4924411_31465313_30045912_6342514,4924411,BAYTOWN REFINERY,48201,2,31465313,30045912,6342514,30600104,SO2,-94.998056,29.744166999999997,306779.7237027085,3292109.444727519,0.0,0.5081087501604553,0.014616581189942846,1484.3762,42.70051487376928,0.00034230456548714223,fixed benzene facility-z/h0 source geometry; facility-total point-ready SO2 allocated by existing geometry weights,199.0,60.6552,11.0,3.3528,340.0,444.26111111111106,12.37,3.770376,FAC006,6
Q0001284,nonegu,run1_top20_facility_srcgroup_members_2021.csv,ptnonipm/nonegu_norailyard_2021_POINT_20240502_17may2024_v0.csv,2021hb_cb6_21k/inputs/ptnonipm/nonegu_norailyard_2021_POINT_20240502_17may2024_v0.csv,y2024v0csv_4924411_31466313_30085612_6341514,4924411,BAYTOWN REFINERY,48201,2,31466313,30085612,6341514,30600602,SO2,-95.014167,29.745,305223.00745018676,3292228.854460079,0.0,0.2381759766377134,0.006851522432785708,1484.3762,42.70051487376928,0.0001604552650720979,fixed benzene facility-z/h0 source geometry; facility-total point-ready SO2 allocated by existing geometry weights,200.0,60.96,8.0,2.4384,434.0,496.48333333333335,13.0,3.9624,FAC006,6
Q0001285,nonegu,run1_top20_facility_srcgroup_members_2021.csv,ptnonipm/nonegu_norailyard_2021_POINT_20240502_17may2024_v0.csv,2021hb_cb6_21k/inputs/ptnonipm/nonegu_norailyard_2021_POINT_20240502_17may2024_v0.csv,y2024v0csv_4924411_31466713_30110912_6341014,4924411,BAYTOWN REFINERY,48201,2,31466713,30110912,6341014,40301130,SO2,-95.001667,29.753889,306449.14003164764,3293193.0670395563,0.0,10.225688596979163,0.2941586964475998,1484.3762,42.70051487376928,0.006888879380428737,fixed benzene facility-z/h0 source geometry; facility-total point-ready SO2 allocated by existing geometry weights,52.0,15.8496,3.0,0.9144,73.0,295.92777777777775,0.1,0.03048,FAC006,6
Q0001286,nonegu,run1_top20_facility_srcgroup_members_2021.csv,ptnonipm/nonegu_norailyard_2021_POINT_20240502_17may2024_v0.csv,2021hb_cb6_21k/inputs/ptnonipm/nonegu_norailyard_2021_POINT_20240502_17may2024_v0.csv,y2024v0csv_4924411_31466913_30047512_6340814,4924411,BAYTOWN REFINERY,48201,2,31466913,30047512,6340814,40301130,SO2,-94.994167,29.741667,307151.0972724427,3291825.8450571564,0.0,3.2391932822729026,0.09318070508588565,1484.3762,42.70051487376928,0.002182191604980532,fixed benzene facility-z/h0 source geometry; facility-total point-ready SO2 allocated by existing geometry weights,56.0,17.0688,3.0,0.9144,100.0,310.92777777777775,0.1,0.03048,FAC006,6
Q0001287,nonegu,run1_top20_facility_srcgroup_members_2021.csv,ptnonipm/nonegu_norailyard_2021_POINT_20240502_17may2024_v0.csv,2021hb_cb6_21k/inputs/ptnonipm/nonegu_norailyard_2021_POINT_20240502_17may2024_v0.csv,y2024v0csv_4924411_31467713_30099012_6340014,4924411,BAYTOWN REFINERY,48201,2,31467713,30099012,6340014,38500101,SO2,-95.011111,29.744721999999996,305518.05862692767,3292192.887635013,0.0,0.5239871486029695,0.01507334935212856,1484.3762,42.70051487376928,0.0003530015831586154,fixed benzene facility-z/h0 source geometry; facility-total point-ready SO2 allocated by existing geometry weights,30.0,9.144,12.0,3.6576,85.0,302.59444444444443,20.0,6.096,FAC006,6
Q0001288,nonegu,run1_top20_facility_srcgroup_members_2021.csv,ptnonipm/nonegu_norailyard_2021_POINT_20240502_17may2024_v0.csv,2021hb_cb6_21k/inputs/ptnonipm/nonegu_norailyard_2021_POINT_20240502_17may2024_v0.csv,y2024v0csv_4924411_31467813_30027712_6339914,4924411,BAYTOWN REFINERY,48201,2,31467813,30027712,6339914,38500101,SO2,-95.001111,29.745,306485.83170483273,3292206.891511792,0.0,2.508786953917248,0.0721693696253428,1484.3762,42.70051487376928,0.0016901287920927648,fixed benzene facility-z/h0 source geometry; facility-total point-ready SO2 allocated by existing geometry weights,30.0,9.144,12.0,3.6576,85.0,302.59444444444443,20.0,6.096,FAC006,6
Q0001289,nonegu,run1_top20_facility_srcgroup_members_2021.csv,ptnonipm/nonegu_norailyard_2021_POINT_20240502_17may2024_v0.csv,2021hb_cb6_21k/inputs/ptnonipm/nonegu_norailyard_2021_POINT_20240502_17may2024_v0.csv,y2024v0csv_4924411_31468013_30064412_6339714,4924411,BAYTOWN REFINERY,48201,2,31468013,30064412,6339714,38500101,SO2,-95.003889,29.739167,306205.91155737976,3291565.03211983,0.0,2.5723005476873047,0.07399644227408565,1484.3762,42.70051487376928,0.0017329168627786573,fixed benzene facility-z/h0 source geometry; facility-total point-ready SO2 allocated by existing geometry weights,30.0,9.144,12.0,3.6576,85.0,302.59444444444443,20.0,6.096,FAC006,6
Q0001290,nonegu,run1_top20_facility_srcgroup_members_2021.csv,ptnonipm/nonegu_norailyard_2021_POINT_20240502_17may2024_v0.csv,2021hb_cb6_21k/inputs/ptnonipm/nonegu_norailyard_2021_POINT_20240502_17may2024_v0.csv,y2024v0csv_4924411_31468213_30065312_6339514,4924411,BAYTOWN REFINERY,48201,2,31468213,30065312,6339514,38500101,SO2,-94.998056,29.740278000000004,306772.26336056826,3291678.3948271,0.0,0.2381759766377134,0.006851522432785708,1484.3762,42.70051487376928,0.0001604552650720979,fixed benzene facility-z/h0 source geometry; facility-total point-ready SO2 allocated by existing geometry weights,30.0,9.144,12.0,3.6576,85.0,302.59444444444443,20.0,6.096,FAC006,6
Q0001291,nonegu,run1_top20_facility_srcgroup_members_2021.csv,ptnonipm/nonegu_norailyard_2021_POINT_20240502_17may2024_v0.csv,2021hb_cb6_21k/inputs/ptnonipm/nonegu_norailyard_2021_POINT_20240502_17may2024_v0.csv,y2024v0csv_4924411_31468313_30027512_6339414,4924411,BAYTOWN REFINERY,48201,2,31468313,30027512,6339414,38500101,SO2,-95.015278,29.747221999999997,305119.8470241417,3292477.014013814,0.0,7.7804152368319714,0.22381639947099985,1484.3762,42.70051487376928,0.005241538659021865,fixed benzene facility-z/h0 source geometry; facility-total point-ready SO2 allocated by existing geometry weights,30.0,9.144,12.0,3.6576,85.0,302.59444444444443,20.0,6.096,FAC006,6
Q0001292,nonegu,run1_top20_facility_srcgroup_members_2021.csv,ptnonipm/nonegu_norailyard_2021_POINT_20240502_17may2024_v0.csv,2021hb_cb6_21k/inputs/ptnonipm/nonegu_norailyard_2021_POINT_20240502_17may2024_v0.csv,y2024v0csv_4924411_31468413_30039612_6339314,4924411,BAYTOWN REFINERY,48201,2,31468413,30039612,6339314,38500101,SO2,-95.000556,29.742778,306535.24516461894,3291959.678247033,0.0,0.15878398442514227,0.004567681621857139,1484.3762,42.70051487376928,0.00010697017671473193,fixed benzene facility-z/h0 source geometry; facility-total point-ready SO2 allocated by existing geometry weights,30.0,9.144,12.0,3.6576,85.0,302.59444444444443,20.0,6.096,FAC006,6
Q0001293,nonegu,run1_top20_facility_srcgroup_members_2021.csv,ptnonipm/nonegu_norailyard_2021_POINT_20240502_17may2024_v0.csv,2021hb_cb6_21k/inputs/ptnonipm/nonegu_norailyard_2021_POINT_20240502_17may2024_v0.csv,y2024v0csv_4924411_31469713_30070812_6191814,4924411,BAYTOWN REFINERY,48201,2,31469713,30070812,6191814,40301130,SO2,-95.022778,29.736111,304372.85473912617,3291258.1697691903,0.0,1.0162175003209106,0.029233162379885692,1484.3762,42.70051487376928,0.0006846091309742845,fixed benzene facility-z/h0 source geometry; facility-total point-ready SO2 allocated by existing geometry weights,56.0,17.0688,3.28,0.999744,70.0,294.26111111111106,0.1,0.03048,FAC006,6
Q0001294,nonegu,run1_top20_facility_srcgroup_members_2021.csv,ptnonipm/nonegu_norailyard_2021_POINT_20240502_17may2024_v0.csv,2021hb_cb6_21k/inputs/ptnonipm/nonegu_norailyard_2021_POINT_20240502_17may2024_v0.csv,y2024v0csv_4924411_31471213_30054012_6190314,4924411,BAYTOWN REFINERY,48201,2,31471213,30054012,6190314,40301130,SO2,-95.012778,29.7325,305333.2035238146,3290841.0273838607,0.0,2.7628413289974754,0.07947766022031422,1484.3762,42.70051487376928,0.0018612810748363355,fixed benzene facility-z/h0 source geometry; facility-total point-ready SO2 allocated by existing geometry weights,56.0,17.0688,3.0,0.9144,73.0,295.92777777777775,0.1,0.03048,FAC006,6
Q0001295,nonegu,run1_top20_facility_srcgroup_members_2021.csv,ptnonipm/nonegu_norailyard_2021_POINT_20240502_17may2024_v0.csv,2021hb_cb6_21k/inputs/ptnonipm/nonegu_norailyard_2021_POINT_20240502_17may2024_v0.csv,y2024v0csv_4924411_31471313_30041212_6190214,4924411,BAYTOWN REFINERY,48201,2,31471313,30041212,6190214,40301130,SO2,-95.013611,29.732778000000003,305253.1598471805,3290873.245327255,0.0,5.2398714860296955,0.1507334935212856,1484.3762,42.70051487376928,0.003530015831586154,fixed benzene facility-z/h0 source geometry; facility-total point-ready SO2 allocated by existing geometry weights,56.0,17.0688,3.0,0.9144,73.0,295.92777777777775,0.1,0.03048,FAC006,6
Q0001296,nonegu,run1_top20_facility_srcgroup_members_2021.csv,ptnonipm/nonegu_norailyard_2021_POINT_20240502_17may2024_v0.csv,2021hb_cb6_21k/inputs/ptnonipm/nonegu_norailyard_2021_POINT_20240502_17may2024_v0.csv,y2024v0csv_4924411_31472213_30061912_6178214,4924411,BAYTOWN REFINERY,48201,2,31472213,30061912,6178214,10200601,SO2,-95.003611,29.742778,306239.74833406997,3291964.8029257352,0.0,0.4287167579478841,0.012332740379014277,1484.3762,42.70051487376928,0.00028881947712977623,fixed benzene facility-z/h0 source geometry; facility-total point-ready SO2 allocated by existing geometry weights,55.0,16.764,13.0,3.9624,379.0,465.92777777777775,16.09,4.904232,FAC006,6
Q0001297,nonegu,run1_top20_facility_srcgroup_members_2021.csv,ptnonipm/nonegu_norailyard_2021_POINT_20240502_17may2024_v0.csv,2021hb_cb6_21k/inputs/ptnonipm/nonegu_norailyard_2021_POINT_20240502_17may2024_v0.csv,y2024v0csv_4924411_31472313_30079712_6178114,4924411,BAYTOWN REFINERY,48201,2,31472313,30079712,6178114,10200601,SO2,-95.003889,29.7425,306212.3237335395,3291934.456564468,0.0,0.4445951563903983,0.012789508541199989,1484.3762,42.70051487376928,0.0002995164948012494,fixed benzene facility-z/h0 source geometry; facility-total point-ready SO2 allocated by existing geometry weights,55.0,16.764,12.5,3.81,365.0,458.15,16.54,5.041392,FAC006,6
Q0001298,nonegu,run1_top20_facility_srcgroup_members_2021.csv,ptnonipm/nonegu_norailyard_2021_POINT_20240502_17may2024_v0.csv,2021hb_cb6_21k/inputs/ptnonipm/nonegu_norailyard_2021_POINT_20240502_17may2024_v0.csv,y2024v0csv_4924411_31472413_30062012_6178014,4924411,BAYTOWN REFINERY,48201,2,31472413,30062012,6178014,10200601,SO2,-95.003889,29.742222,306211.78887950035,3291903.643478231,0.0,0.41283835950536985,0.01187597221682856,1484.3762,42.70051487376928,0.000278122459458303,fixed benzene facility-z/h0 source geometry; facility-total point-ready SO2 allocated by existing geometry weights,55.0,16.764,12.5,3.81,395.0,474.8166666666666,15.16,4.620768,FAC006,6
Q0001299,nonegu,run1_top20_facility_srcgroup_members_2021.csv,ptnonipm/nonegu_norailyard_2021_POINT_20240502_17may2024_v0.csv,2021hb_cb6_21k/inputs/ptnonipm/nonegu_norailyard_2021_POINT_20240502_17may2024_v0.csv,y2024v0csv_4924411_31472513_30106812_6177914,4924411,BAYTOWN REFINERY,48201,2,31472513,30106812,6177914,10200601,SO2,-95.004167,29.741944,306184.3640628356,3291873.2971760635,0.0,0.4604735548329126,0.013246276703385703,1484.3762,42.70051487376928,0.0003102135124727226,fixed benzene facility-z/h0 source geometry; facility-total point-ready SO2 allocated by existing geometry weights,55.0,16.764,13.0,3.9624,384.0,468.7055555555555,15.09,4.599432,FAC006,6
Q0001300,nonegu,run1_top20_facility_srcgroup_members_2021.csv,ptnonipm/nonegu_norailyard_2021_POINT_20240502_17may2024_v0.csv,2021hb_cb6_21k/inputs/ptnonipm/nonegu_norailyard_2021_POINT_20240502_17may2024_v0.csv,y2024v0csv_4924411_31473113_30075312_6177314,4924411,BAYTOWN REFINERY,48201,2,31473113,30075312,6177314,40301130,SO2,-95.002222,29.752778000000003,306393.3268035271,3293070.8565632836,0.0,1.063852695648453,0.030603466866442833,1484.3762,42.70051487376928,0.000716700183988704,fixed benzene facility-z/h0 source geometry; facility-total point-ready SO2 allocated by existing geometry weights,42.0,12.8016,3.0,0.9144,110.0,316.4833333333333,0.1,0.03048,FAC006,6
Q0001301,nonegu,run1_top20_facility_srcgroup_members_2021.csv,ptnonipm/nonegu_norailyard_2021_POINT_20240502_17may2024_v0.csv,2021hb_cb6_21k/inputs/ptnonipm/nonegu_norailyard_2021_POINT_20240502_17may2024_v0.csv,y2024v0csv_4924411_31473213_30072412_6177214,4924411,BAYTOWN REFINERY,48201,2,31473213,30072412,6177214,40301097,SO2,-95.001389,29.752221999999996,306472.82254030573,3293007.8329277495,0.0,24.11928723417911,0.6938308383600995,1484.3762,42.70051487376928,0.016248769842967782,fixed benzene facility-z/h0 source geometry; facility-total point-ready SO2 allocated by existing geometry weights,48.0,14.630400000000002,3.0,0.9144,110.0,316.4833333333333,0.1,0.03048,FAC006,6
Q0001302,nonegu,run1_top20_facility_srcgroup_members_2021.csv,ptnonipm/nonegu_norailyard_2021_POINT_20240502_17may2024_v0.csv,2021hb_cb6_21k/inputs/ptnonipm/nonegu_norailyard_2021_POINT_20240502_17may2024_v0.csv,y2024v0csv_4924411_31475213_30083712_6175014,4924411,BAYTOWN REFINERY,48201,2,31475213,30083712,6175014,30699999,SO2,-95.0,29.746944,306597.0247409891,3292420.4989477536,0.0,93.39673963886867,2.686710329976369,1484.3762,42.70051487376928,0.06291985794360531,fixed benzene facility-z/h0 source geometry; facility-total point-ready SO2 allocated by existing geometry weights,173.0,52.7304,2.4,0.7315200000000001,95.0,308.15,32.0,9.7536,FAC006,6
Q0001303,nonegu,run1_top20_facility_srcgroup_members_2021.csv,ptnonipm/nonegu_norailyard_2021_POINT_20240502_17may2024_v0.csv,2021hb_cb6_21k/inputs/ptnonipm/nonegu_norailyard_2021_POINT_20240502_17may2024_v0.csv,y2024v0csv_4924411_31476013_30060712_6174214,4924411,BAYTOWN REFINERY,48201,2,31476013,30060712,6174214,40301097,SO2,-95.000278,29.753333,306582.4089115064,3293129.1115968665,0.0,17.085156724145307,0.4914825425118282,1484.3762,42.70051487376928,0.011509991014505156,fixed benzene facility-z/h0 source geometry; facility-total point-ready SO2 allocated by existing geometry weights,48.0,14.630400000000002,3.0,0.9144,125.0,324.81666666666666,0.1,0.03048,FAC006,6
Q0001304,nonegu,run1_top20_facility_srcgroup_members_2021.csv,ptnonipm/nonegu_norailyard_2021_POINT_20240502_17may2024_v0.csv,2021hb_cb6_21k/inputs/ptnonipm/nonegu_norailyard_2021_POINT_20240502_17may2024_v0.csv,y2024v0csv_4924411_31477213_30057612_6460714,4924411,BAYTOWN REFINERY,48201,3,31477213,30057612,6460714,30600602,SO2,-95.005278,29.744166999999997,306081.1808657015,3292121.5572571787,0.0,104.79742972059391,3.0146698704257124,1484.3762,42.70051487376928,0.07060031663172309,fixed benzene facility-z/h0 source geometry; facility-total point-ready SO2 allocated by existing geometry weights,6.0,1.8288,0.67,0.204216,70.0,294.26111111111106,0.1,0.03048,FAC006,6
Q0001305,nonegu,run1_top20_facility_srcgroup_members_2021.csv,ptnonipm/nonegu_norailyard_2021_POINT_20240502_17may2024_v0.csv,2021hb_cb6_21k/inputs/ptnonipm/nonegu_norailyard_2021_POINT_20240502_17may2024_v0.csv,y2024v0csv_4924411_31479913_30059312_6458014,4924411,BAYTOWN REFINERY,48201,2,31479913,30059312,6458014,40301130,SO2,-94.995,29.7425,307072.1196177729,3291919.5652791136,0.0,4.43007316546147,0.1274383172498142,1484.3762,42.70051487376928,0.002984467930341021,fixed benzene facility-z/h0 source geometry; facility-total point-ready SO2 allocated by existing geometry weights,54.0,16.4592,3.0,0.9144,73.0,295.92777777777775,0.1,0.03048,FAC006,6
Q0001306,nonegu,run1_top20_facility_srcgroup_members_2021.csv,ptnonipm/nonegu_norailyard_2021_POINT_20240502_17may2024_v0.csv,2021hb_cb6_21k/inputs/ptnonipm/nonegu_norailyard_2021_POINT_20240502_17may2024_v0.csv,y2024v0csv_4924411_31480713_30068712_6457214,4924411,BAYTOWN REFINERY,48201,2,31480713,30068712,6457214,30600104,SO2,-94.999167,29.741389,306666.9309683927,3291803.3964668894,0.0,0.3652031641778272,0.01050566773027142,1484.3762,42.70051487376928,0.00024603140644388345,fixed benzene facility-z/h0 source geometry; facility-total point-ready SO2 allocated by existing geometry weights,150.0,45.72,8.0,2.4384,400.0,477.5944444444444,19.0,5.7912,FAC006,6
Q0001307,nonegu,run1_top20_facility_srcgroup_members_2021.csv,ptnonipm/nonegu_norailyard_2021_POINT_20240502_17may2024_v0.csv,2021hb_cb6_21k/inputs/ptnonipm/nonegu_norailyard_2021_POINT_20240502_17may2024_v0.csv,y2024v0csv_4924411_31482013_30114812_6455914,4924411,BAYTOWN REFINERY,48201,2,31482013,30114812,6455914,40301130,SO2,-95.016389,29.742222,305002.70865102886,3291924.6961348387,0.0,29.99429465790938,0.8628350583688137,1484.3762,42.70051487376928,0.020206666381412865,fixed benzene facility-z/h0 source geometry; facility-total point-ready SO2 allocated by existing geometry weights,42.0,12.8016,3.0,0.9144,73.0,295.92777777777775,0.1,0.03048,FAC006,6
Q0001308,nonegu,run1_top20_facility_srcgroup_members_2021.csv,ptnonipm/nonegu_norailyard_2021_POINT_20240502_17may2024_v0.csv,2021hb_cb6_21k/inputs/ptnonipm/nonegu_norailyard_2021_POINT_20240502_17may2024_v0.csv,y2024v0csv_4924411_31482713_30028512_6135914,4924411,BAYTOWN REFINERY,48201,2,31482713,30028512,6135914,40301130,SO2,-95.0125,29.733056,305361.1700830497,3290902.18494374,0.0,3.953721212186042,0.11373527238424275,1484.3762,42.70051487376928,0.002663557400196825,fixed benzene facility-z/h0 source geometry; facility-total point-ready SO2 allocated by existing geometry weights,56.0,17.0688,3.0,0.9144,73.0,295.92777777777775,0.1,0.03048,FAC006,6
Q0001309,nonegu,run1_top20_facility_srcgroup_members_2021.csv,ptnonipm/nonegu_norailyard_2021_POINT_20240502_17may2024_v0.csv,2021hb_cb6_21k/inputs/ptnonipm/nonegu_norailyard_2021_POINT_20240502_17may2024_v0.csv,y2024v0csv_4924411_31482813_30055712_6135814,4924411,BAYTOWN REFINERY,48201,2,31482813,30055712,6135814,40301130,SO2,-95.013333,29.733333,305281.1248610349,3290934.291869915,0.0,2.238854180394506,0.06440431086818565,1484.3762,42.70051487376928,0.0015082794916777202,fixed benzene facility-z/h0 source geometry; facility-total point-ready SO2 allocated by existing geometry weights,56.0,17.0688,3.0,0.9144,73.0,295.92777777777775,0.1,0.03048,FAC006,6
Q0001310,nonegu,run1_top20_facility_srcgroup_members_2021.csv,ptnonipm/nonegu_norailyard_2021_POINT_20240502_17may2024_v0.csv,2021hb_cb6_21k/inputs/ptnonipm/nonegu_norailyard_2021_POINT_20240502_17may2024_v0.csv,y2024v0csv_4924411_31483013_30026612_6135614,4924411,BAYTOWN REFINERY,48201,2,31483013,30026612,6135614,40301130,SO2,-95.014167,29.733889,305201.52272389014,3290997.325071532,0.0,4.255410782593812,0.12241386746577133,1484.3762,42.70051487376928,0.002866800735954816,fixed benzene facility-z/h0 source geometry; facility-total point-ready SO2 allocated by existing geometry weights,56.0,17.0688,3.0,0.9144,73.0,295.92777777777775,0.1,0.03048,FAC006,6
Q0001311,nonegu,run1_top20_facility_srcgroup_members_2021.csv,ptnonipm/nonegu_norailyard_2021_POINT_20240502_17may2024_v0.csv,2021hb_cb6_21k/inputs/ptnonipm/nonegu_norailyard_2021_POINT_20240502_17may2024_v0.csv,y2024v0csv_4924411_31483113_30097212_6135514,4924411,BAYTOWN REFINERY,48201,2,31483113,30097212,6135514,40301130,SO2,-95.011944,29.733889,305416.56355697423,3290993.5762709733,0.0,4.445951563903967,0.12789508541199943,1484.3762,42.70051487376928,0.0029951649480124834,fixed benzene facility-z/h0 source geometry; facility-total point-ready SO2 allocated by existing geometry weights,56.0,17.0688,3.0,0.9144,73.0,295.92777777777775,0.1,0.03048,FAC006,6
Q0001312,nonegu,run1_top20_facility_srcgroup_members_2021.csv,ptnonipm/nonegu_norailyard_2021_POINT_20240502_17may2024_v0.csv,2021hb_cb6_21k/inputs/ptnonipm/nonegu_norailyard_2021_POINT_20240502_17may2024_v0.csv,y2024v0csv_4924411_31483213_30059812_6135414,4924411,BAYTOWN REFINERY,48201,2,31483213,30059812,6135414,40301130,SO2,-95.013056,29.734444,305310.06719821005,3291056.9664398436,0.0,1.826015820889136,0.0525283386513571,1484.3762,42.70051487376928,0.0012301570322194172,fixed benzene facility-z/h0 source geometry; facility-total point-ready SO2 allocated by existing geometry weights,56.0,17.0688,3.0,0.9144,73.0,295.92777777777775,0.1,0.03048,FAC006,6
Q0001313,nonegu,run1_top20_facility_srcgroup_members_2021.csv,ptnonipm/nonegu_norailyard_2021_POINT_20240502_17may2024_v0.csv,2021hb_cb6_21k/inputs/ptnonipm/nonegu_norailyard_2021_POINT_20240502_17may2024_v0.csv,y2024v0csv_4924411_31483313_30053112_6135314,4924411,BAYTOWN REFINERY,48201,2,31483313,30053112,6135314,40301130,SO2,-95.013611,29.734444,305256.37983224314,3291057.9025153583,0.0,4.080748399726156,0.11738941768172848,1484.3762,42.70051487376928,0.0027491335415686107,fixed benzene facility-z/h0 source geometry; facility-total point-ready SO2 allocated by existing geometry weights,56.0,17.0688,3.0,0.9144,73.0,295.92777777777775,0.1,0.03048,FAC006,6
Q0001314,nonegu,run1_top20_facility_srcgroup_members_2021.csv,ptnonipm/nonegu_norailyard_2021_POINT_20240502_17may2024_v0.csv,2021hb_cb6_21k/inputs/ptnonipm/nonegu_norailyard_2021_POINT_20240502_17may2024_v0.csv,y2024v0csv_4924411_31486813_30104712_6749514,4924411,BAYTOWN REFINERY,48201,2,31486813,30104712,6749514,30600104,SO2,-95.006944,29.742222,305916.29010837426,3291908.7766418993,0.0,0.07939199221257114,0.0022838408109285696,1484.3762,42.70051487376928,5.3485088357365966e-05,fixed benzene facility-z/h0 source geometry; facility-total point-ready SO2 allocated by existing geometry weights,151.0,46.0248,6.0,1.8288,520.0,544.2611111111111,8.3,2.5298400000000005,FAC006,6
Q0001315,nonegu,run1_top20_facility_srcgroup_members_2021.csv,ptnonipm/nonegu_norailyard_2021_POINT_20240502_17may2024_v0.csv,2021hb_cb6_21k/inputs/ptnonipm/nonegu_norailyard_2021_POINT_20240502_17may2024_v0.csv,y2024v0csv_4924411_31489613_30077012_6008614,4924411,BAYTOWN REFINERY,48201,2,31489613,30077012,6008614,30600104,SO2,-95.014722,29.746667,305172.5506054198,3292414.5596471694,0.0,0.09527039065508534,0.0027406089731142834,1484.3762,42.70051487376928,6.418210602883915e-05,fixed benzene facility-z/h0 source geometry; facility-total point-ready SO2 allocated by existing geometry weights,136.0,41.4528,4.0,1.2192,586.0,580.9277777777777,35.87,10.933176,FAC006,6
Q0001316,nonegu,run1_top20_facility_srcgroup_members_2021.csv,ptnonipm/nonegu_norailyard_2021_POINT_20240502_17may2024_v0.csv,2021hb_cb6_21k/inputs/ptnonipm/nonegu_norailyard_2021_POINT_20240502_17may2024_v0.csv,y2024v0csv_4924411_31489713_30034412_6008514,4924411,BAYTOWN REFINERY,48201,2,31489713,30034412,6008514,30600104,SO2,-95.001111,29.748889,306493.30455261143,3292637.942092666,0.0,0.04763519532754267,0.0013703044865571417,1484.3762,42.70051487376928,3.209105301441958e-05,fixed benzene facility-z/h0 source geometry; facility-total point-ready SO2 allocated by existing geometry weights,15.0,4.572,3.0,0.9144,85.0,302.59444444444443,10.0,3.048,FAC006,6
Q0001317,nonegu,run1_top20_facility_srcgroup_members_2021.csv,ptnonipm/nonegu_norailyard_2021_POINT_20240502_17may2024_v0.csv,2021hb_cb6_21k/inputs/ptnonipm/nonegu_norailyard_2021_POINT_20240502_17may2024_v0.csv,y2024v0csv_4924411_31489813_30061712_6008414,4924411,BAYTOWN REFINERY,48201,2,31489813,30061712,6008414,30600104,SO2,-94.995833,29.745278000000003,306996.87052857655,3292228.8664212385,0.0,0.25405437508022766,0.007308290594971423,1484.3762,42.70051487376928,0.00017115228274357111,fixed benzene facility-z/h0 source geometry; facility-total point-ready SO2 allocated by existing geometry weights,133.0,40.5384,7.0,2.1336,590.0,583.15,13.92,4.242816,FAC006,6
Q0001318,nonegu,run1_top20_facility_srcgroup_members_2021.csv,ptnonipm/nonegu_norailyard_2021_POINT_20240502_17may2024_v0.csv,2021hb_cb6_21k/inputs/ptnonipm/nonegu_norailyard_2021_POINT_20240502_17may2024_v0.csv,y2024v0csv_4924411_31489913_30088712_6008314,4924411,BAYTOWN REFINERY,48201,2,31489913,30088712,6008314,30600104,SO2,-95.014722,29.746667,305172.5506054198,3292414.5596471694,0.0,0.14290558598262804,0.004110913459671425,1484.3762,42.70051487376928,9.627315904325874e-05,fixed benzene facility-z/h0 source geometry; facility-total point-ready SO2 allocated by existing geometry weights,125.0,38.1,5.0,1.524,600.0,588.7055555555555,25.88,7.888224,FAC006,6
Q0001319,nonegu,run1_top20_facility_srcgroup_members_2021.csv,ptnonipm/nonegu_norailyard_2021_POINT_20240502_17may2024_v0.csv,2021hb_cb6_21k/inputs/ptnonipm/nonegu_norailyard_2021_POINT_20240502_17may2024_v0.csv,y2024v0csv_4924411_31490013_30088612_6008214,4924411,BAYTOWN REFINERY,48201,2,31490013,30088612,6008214,30600104,SO2,-94.999167,29.741389,306666.9309683927,3291803.3964668894,0.0,0.2381759766377134,0.006851522432785708,1484.3762,42.70051487376928,0.0001604552650720979,fixed benzene facility-z/h0 source geometry; facility-total point-ready SO2 allocated by existing geometry weights,137.0,41.7576,6.0,1.8288,530.0,549.8166666666666,22.03,6.7147440000000005,FAC006,6
Q0001320,nonegu,run1_top20_facility_srcgroup_members_2021.csv,ptnonipm/nonegu_norailyard_2021_POINT_20240502_17may2024_v0.csv,2021hb_cb6_21k/inputs/ptnonipm/nonegu_norailyard_2021_POINT_20240502_17may2024_v0.csv,y2024v0csv_4924411_31490113_30079212_6008114,4924411,BAYTOWN REFINERY,48201,2,31490113,30079212,6008114,30600104,SO2,-94.999167,29.741389,306666.9309683927,3291803.3964668894,0.0,0.20641917975268492,0.00593798610841428,1484.3762,42.70051487376928,0.0001390612297291515,fixed benzene facility-z/h0 source geometry; facility-total point-ready SO2 allocated by existing geometry weights,137.0,41.7576,6.0,1.8288,430.0,494.26111111111106,17.78,5.419344000000001,FAC006,6
Q0001321,nonegu,run1_top20_facility_srcgroup_members_2021.csv,ptnonipm/nonegu_norailyard_2021_POINT_20240502_17may2024_v0.csv,2021hb_cb6_21k/inputs/ptnonipm/nonegu_norailyard_2021_POINT_20240502_17may2024_v0.csv,y2024v0csv_4924411_31490513_30104012_6007714,4924411,BAYTOWN REFINERY,48201,2,31490513,30104012,6007714,30600104,SO2,-94.998889,29.741111,306693.2875426203,3291772.117821913,0.0,0.3016895704077703,0.008678595081528564,1484.3762,42.70051487376928,0.00020324333575799067,fixed benzene facility-z/h0 source geometry; facility-total point-ready SO2 allocated by existing geometry weights,139.0,42.3672,8.0,2.4384,480.0,522.0388888888889,19.62,5.980176000000001,FAC006,6
Q0001322,nonegu,run1_top20_facility_srcgroup_members_2021.csv,ptnonipm/nonegu_norailyard_2021_POINT_20240502_17may2024_v0.csv,2021hb_cb6_21k/inputs/ptnonipm/nonegu_norailyard_2021_POINT_20240502_17may2024_v0.csv,y2024v0csv_4924411_31490613_30103912_6007614,4924411,BAYTOWN REFINERY,48201,2,31490613,30103912,6007614,30600104,SO2,-94.998889,29.740278000000004,306691.68899077096,3291679.7895659916,0.0,0.25405437508022766,0.007308290594971423,1484.3762,42.70051487376928,0.00017115228274357111,fixed benzene facility-z/h0 source geometry; facility-total point-ready SO2 allocated by existing geometry weights,171.0,52.1208,7.0,2.1336,530.0,549.8166666666666,21.54,6.565392,FAC006,6
Q0001323,nonegu,run1_top20_facility_srcgroup_members_2021.csv,ptnonipm/nonegu_norailyard_2021_POINT_20240502_17may2024_v0.csv,2021hb_cb6_21k/inputs/ptnonipm/nonegu_norailyard_2021_POINT_20240502_17may2024_v0.csv,y2024v0csv_4924411_31490713_30085712_6007514,4924411,BAYTOWN REFINERY,48201,2,31490713,30085712,6007514,30600104,SO2,-94.999167,29.736666999999997,306657.8685108331,3291280.018356792,0.0,0.33344636729279875,0.009592131405899993,1484.3762,42.70051487376928,0.00022463737110093706,fixed benzene facility-z/h0 source geometry; facility-total point-ready SO2 allocated by existing geometry weights,150.0,45.72,7.0,2.1336,511.0,539.2611111111111,27.0,8.2296,FAC006,6
Q0001324,nonegu,run1_top20_facility_srcgroup_members_2021.csv,ptnonipm/nonegu_norailyard_2021_POINT_20240502_17may2024_v0.csv,2021hb_cb6_21k/inputs/ptnonipm/nonegu_norailyard_2021_POINT_20240502_17may2024_v0.csv,y2024v0csv_4924411_31491013_30073012_6007214,4924411,BAYTOWN REFINERY,48201,2,31491013,30073012,6007214,30600104,SO2,-94.998889,29.741111,306693.2875426203,3291772.117821913,0.0,0.2381759766377134,0.006851522432785708,1484.3762,42.70051487376928,0.0001604552650720979,fixed benzene facility-z/h0 source geometry; facility-total point-ready SO2 allocated by existing geometry weights,150.0,45.72,6.0,1.8288,480.0,522.0388888888889,24.61,7.501128,FAC006,6
Q0001325,nonegu,run1_top20_facility_srcgroup_members_2021.csv,ptnonipm/nonegu_norailyard_2021_POINT_20240502_17may2024_v0.csv,2021hb_cb6_21k/inputs/ptnonipm/nonegu_norailyard_2021_POINT_20240502_17may2024_v0.csv,y2024v0csv_4924411_31493113_30099412_5998714,4924411,BAYTOWN REFINERY,48201,2,31493113,30099412,5998714,30699999,SO2,-95.004444,29.743889000000003,306161.3139758642,3292089.3431628942,0.0,0.5239871486029695,0.01507334935212856,1484.3762,42.70051487376928,0.0003530015831586154,fixed benzene facility-z/h0 source geometry; facility-total point-ready SO2 allocated by existing geometry weights,40.0,12.192,1.84,0.560832,682.0,634.2611111111111,22.7,6.91896,FAC006,6
Q0001328,nonegu,run1_top20_facility_srcgroup_members_2021.csv,ptnonipm/nonegu_norailyard_2021_POINT_20240502_17may2024_v0.csv,2021hb_cb6_21k/inputs/ptnonipm/nonegu_norailyard_2021_POINT_20240502_17may2024_v0.csv,y2024v0csv_4924411_31495313_30063512_6009714,4924411,BAYTOWN REFINERY,48201,2,31495313,30063512,6009714,30600104,SO2,-95.010556,29.745556,305573.3505120884,3292284.392010935,0.0,0.06351359377005691,0.0018270726487428558,1484.3762,42.70051487376928,4.278807068589278e-05,fixed benzene facility-z/h0 source geometry; facility-total point-ready SO2 allocated by existing geometry weights,77.0,23.4696,4.0,1.2192,590.0,583.15,11.6,3.53568,FAC006,6
Q0001326,nonegu,run1_top20_facility_srcgroup_members_2021.csv,ptnonipm/nonegu_norailyard_2021_POINT_20240502_17may2024_v0.csv,2021hb_cb6_21k/inputs/ptnonipm/nonegu_norailyard_2021_POINT_20240502_17may2024_v0.csv,y2024v0csv_4924411_31495313_30076812_6009814,4924411,BAYTOWN REFINERY,48201,2,31495313,30076812,6009814,30600104,SO2,-95.010833,29.745833,305547.0930118313,3292315.5610270044,0.0,0.06351359377005691,0.0018270726487428558,1484.3762,42.70051487376928,4.278807068589278e-05,fixed benzene facility-z/h0 source geometry; facility-total point-ready SO2 allocated by existing geometry weights,77.0,23.4696,4.0,1.2192,590.0,583.15,11.58,3.5295840000000003,FAC006,6
Q0001327,nonegu,run1_top20_facility_srcgroup_members_2021.csv,ptnonipm/nonegu_norailyard_2021_POINT_20240502_17may2024_v0.csv,2021hb_cb6_21k/inputs/ptnonipm/nonegu_norailyard_2021_POINT_20240502_17may2024_v0.csv,y2024v0csv_4924411_31495313_30103612_6009914,4924411,BAYTOWN REFINERY,48201,2,31495313,30103612,6009914,30600104,SO2,-95.010556,29.745556,305573.3505120884,3292284.392010935,0.0,0.06351359377005691,0.0018270726487428558,1484.3762,42.70051487376928,4.278807068589278e-05,fixed benzene facility-z/h0 source geometry; facility-total point-ready SO2 allocated by existing geometry weights,77.0,23.4696,4.0,1.2192,590.0,583.15,11.58,3.5295840000000003,FAC006,6
Q0001330,nonegu,run1_top20_facility_srcgroup_members_2021.csv,ptnonipm/nonegu_norailyard_2021_POINT_20240502_17may2024_v0.csv,2021hb_cb6_21k/inputs/ptnonipm/nonegu_norailyard_2021_POINT_20240502_17may2024_v0.csv,y2024v0csv_4924411_31495513_30063712_6009414,4924411,BAYTOWN REFINERY,48201,2,31495513,30063712,6009414,30600104,SO2,-95.010833,29.745833,305547.0930118313,3292315.5610270044,0.0,0.06351359377005691,0.0018270726487428558,1484.3762,42.70051487376928,4.278807068589278e-05,fixed benzene facility-z/h0 source geometry; facility-total point-ready SO2 allocated by existing geometry weights,77.0,23.4696,4.0,1.2192,597.0,587.0388888888889,11.92,3.633216,FAC006,6
Q0001329,nonegu,run1_top20_facility_srcgroup_members_2021.csv,ptnonipm/nonegu_norailyard_2021_POINT_20240502_17may2024_v0.csv,2021hb_cb6_21k/inputs/ptnonipm/nonegu_norailyard_2021_POINT_20240502_17may2024_v0.csv,y2024v0csv_4924411_31495513_30063812_6009314,4924411,BAYTOWN REFINERY,48201,2,31495513,30063812,6009314,30600104,SO2,-95.010833,29.745833,305547.0930118313,3292315.5610270044,0.0,0.06351359377005691,0.0018270726487428558,1484.3762,42.70051487376928,4.278807068589278e-05,fixed benzene facility-z/h0 source geometry; facility-total point-ready SO2 allocated by existing geometry weights,77.0,23.4696,4.0,1.2192,597.0,587.0388888888889,11.92,3.633216,FAC006,6
Q0001331,nonegu,run1_top20_facility_srcgroup_members_2021.csv,ptnonipm/nonegu_norailyard_2021_POINT_20240502_17may2024_v0.csv,2021hb_cb6_21k/inputs/ptnonipm/nonegu_norailyard_2021_POINT_20240502_17may2024_v0.csv,y2024v0csv_4924411_31495513_30104312_6009514,4924411,BAYTOWN REFINERY,48201,2,31495513,30104312,6009514,30600104,SO2,-95.010556,29.745556,305573.3505120884,3292284.392010935,0.0,0.06351359377005691,0.0018270726487428558,1484.3762,42.70051487376928,4.278807068589278e-05,fixed benzene facility-z/h0 source geometry; facility-total point-ready SO2 allocated by existing geometry weights,77.0,23.4696,4.0,1.2192,597.0,587.0388888888889,11.92,3.633216,FAC006,6
Q0001333,nonegu,run1_top20_facility_srcgroup_members_2021.csv,ptnonipm/nonegu_norailyard_2021_POINT_20240502_17may2024_v0.csv,2021hb_cb6_21k/inputs/ptnonipm/nonegu_norailyard_2021_POINT_20240502_17may2024_v0.csv,y2024v0csv_4924411_31495613_30030012_6009014,4924411,BAYTOWN REFINERY,48201,2,31495613,30030012,6009014,30600104,SO2,-95.010556,29.745556,305573.3505120884,3292284.392010935,0.0,0.06351359377005691,0.0018270726487428558,1484.3762,42.70051487376928,4.278807068589278e-05,fixed benzene facility-z/h0 source geometry; facility-total point-ready SO2 allocated by existing geometry weights,77.0,23.4696,4.0,1.2192,599.0,588.15,11.94,3.639312,FAC006,6
Q0001334,nonegu,run1_top20_facility_srcgroup_members_2021.csv,ptnonipm/nonegu_norailyard_2021_POINT_20240502_17may2024_v0.csv,2021hb_cb6_21k/inputs/ptnonipm/nonegu_norailyard_2021_POINT_20240502_17may2024_v0.csv,y2024v0csv_4924411_31495613_30063912_6009114,4924411,BAYTOWN REFINERY,48201,2,31495613,30063912,6009114,30600104,SO2,-95.010556,29.745556,305573.3505120884,3292284.392010935,0.0,0.06351359377005691,0.0018270726487428558,1484.3762,42.70051487376928,4.278807068589278e-05,fixed benzene facility-z/h0 source geometry; facility-total point-ready SO2 allocated by existing geometry weights,77.0,23.4696,4.0,1.2192,599.0,588.15,11.94,3.639312,FAC006,6
Q0001332,nonegu,run1_top20_facility_srcgroup_members_2021.csv,ptnonipm/nonegu_norailyard_2021_POINT_20240502_17may2024_v0.csv,2021hb_cb6_21k/inputs/ptnonipm/nonegu_norailyard_2021_POINT_20240502_17may2024_v0.csv,y2024v0csv_4924411_31495613_30104212_6009214,4924411,BAYTOWN REFINERY,48201,2,31495613,30104212,6009214,30600104,SO2,-95.010278,29.745556,305600.2395674656,3292283.92370284,0.0,0.06351359377005691,0.0018270726487428558,1484.3762,42.70051487376928,4.278807068589278e-05,fixed benzene facility-z/h0 source geometry; facility-total point-ready SO2 allocated by existing geometry weights,77.0,23.4696,4.0,1.2192,599.0,588.15,11.94,3.639312,FAC006,6
Q0001335,nonegu,run1_top20_facility_srcgroup_members_2021.csv,ptnonipm/nonegu_norailyard_2021_POINT_20240502_17may2024_v0.csv,2021hb_cb6_21k/inputs/ptnonipm/nonegu_norailyard_2021_POINT_20240502_17may2024_v0.csv,y2024v0csv_4924411_31495713_30071712_6008914,4924411,BAYTOWN REFINERY,48201,2,31495713,30071712,6008914,30600104,SO2,-95.006667,29.739721999999997,305938.2669874402,3291631.214601184,0.0,0.3810815626203414,0.010962435892457134,1484.3762,42.70051487376928,0.0002567284241153566,fixed benzene facility-z/h0 source geometry; facility-total point-ready SO2 allocated by existing geometry weights,225.0,68.58,9.0,2.7432000000000003,350.0,449.8166666666666,8.43,2.569464,FAC006,6
Q0001336,nonegu,run1_top20_facility_srcgroup_members_2021.csv,ptnonipm/nonegu_norailyard_2021_POINT_20240502_17may2024_v0.csv,2021hb_cb6_21k/inputs/ptnonipm/nonegu_norailyard_2021_POINT_20240502_17may2024_v0.csv,y2024v0csv_4924411_31495813_30076912_6008814,4924411,BAYTOWN REFINERY,48201,2,31495813,30076912,6008814,30600104,SO2,-94.998889,29.741389,306693.8210420058,3291802.930855576,0.0,0.20641917975268492,0.00593798610841428,1484.3762,42.70051487376928,0.0001390612297291515,fixed benzene facility-z/h0 source geometry; facility-total point-ready SO2 allocated by existing geometry weights,161.0,49.0728,6.0,1.8288,470.0,516.4833333333333,19.96,6.083808,FAC006,6
Q0001337,nonegu,run1_top20_facility_srcgroup_members_2021.csv,ptnonipm/nonegu_norailyard_2021_POINT_20240502_17may2024_v0.csv,2021hb_cb6_21k/inputs/ptnonipm/nonegu_norailyard_2021_POINT_20240502_17may2024_v0.csv,y2024v0csv_4924411_31496313_30022012_5843514,4924411,BAYTOWN REFINERY,48201,2,31496313,30022012,5843514,40301130,SO2,-95.015278,29.723056,305073.0989301083,3289798.4852942014,0.0,0.20641917975268492,0.00593798610841428,1484.3762,42.70051487376928,0.0001390612297291515,fixed benzene facility-z/h0 source geometry; facility-total point-ready SO2 allocated by existing geometry weights,35.0,10.668,3.0,0.9144,68.0,293.15,0.1,0.03048,FAC006,6
Q0001338,nonegu,run1_top20_facility_srcgroup_members_2021.csv,ptnonipm/nonegu_norailyard_2021_POINT_20240502_17may2024_v0.csv,2021hb_cb6_21k/inputs/ptnonipm/nonegu_norailyard_2021_POINT_20240502_17may2024_v0.csv,y2024v0csv_4924411_31497213_30107212_5997814,4924411,BAYTOWN REFINERY,48201,2,31497213,30107212,5997814,30600104,SO2,-94.997778,29.737221999999996,306793.2927806236,3291339.2080214457,0.0,0.3810815626203414,0.010962435892457134,1484.3762,42.70051487376928,0.0002567284241153566,fixed benzene facility-z/h0 source geometry; facility-total point-ready SO2 allocated by existing geometry weights,103.0,31.3944,8.0,2.4384,360.0,455.3722222222222,18.64,5.681472,FAC006,6
Q0001339,nonegu,run1_top20_facility_srcgroup_members_2021.csv,ptnonipm/nonegu_norailyard_2021_POINT_20240502_17may2024_v0.csv,2021hb_cb6_21k/inputs/ptnonipm/nonegu_norailyard_2021_POINT_20240502_17may2024_v0.csv,y2024v0csv_4924411_31497813_30113812_5996914,4924411,BAYTOWN REFINERY,48201,2,31497813,30113812,5996914,38500101,SO2,-95.0025,29.745833,306353.0844458315,3292301.5497215604,0.0,4.541221954559069,0.1306356943851142,1484.3762,42.70051487376928,0.0030593470540413335,fixed benzene facility-z/h0 source geometry; facility-total point-ready SO2 allocated by existing geometry weights,30.0,9.144,12.0,3.6576,85.0,302.59444444444443,20.0,6.096,FAC006,6
Q0001340,nonegu,run1_top20_facility_srcgroup_members_2021.csv,ptnonipm/nonegu_norailyard_2021_POINT_20240502_17may2024_v0.csv,2021hb_cb6_21k/inputs/ptnonipm/nonegu_norailyard_2021_POINT_20240502_17may2024_v0.csv,y2024v0csv_4924411_31498513_30055612_5843014,4924411,BAYTOWN REFINERY,48201,2,31498513,30055612,5843014,30600104,SO2,-95.002778,29.745556,306325.6628411762,3292271.3139671315,0.0,0.3969599610628557,0.011419204054642848,1484.3762,42.70051487376928,0.00026742544178682984,fixed benzene facility-z/h0 source geometry; facility-total point-ready SO2 allocated by existing geometry weights,15.0,4.572,3.0,0.9144,300.0,422.0388888888889,10.0,3.048,FAC006,6
Q0001341,nonegu,run1_top20_facility_srcgroup_members_2021.csv,ptnonipm/nonegu_norailyard_2021_POINT_20240502_17may2024_v0.csv,2021hb_cb6_21k/inputs/ptnonipm/nonegu_norailyard_2021_POINT_20240502_17may2024_v0.csv,y2024v0csv_4924411_31501513_30050112_5840014,4924411,BAYTOWN REFINERY,48201,2,31501513,30050112,5840014,30600104,SO2,-95.001111,29.748889,306493.30455261143,3292637.942092666,0.0,0.06351359377005691,0.0018270726487428558,1484.3762,42.70051487376928,4.278807068589278e-05,fixed benzene facility-z/h0 source geometry; facility-total point-ready SO2 allocated by existing geometry weights,15.0,4.572,3.0,0.9144,85.0,302.59444444444443,10.0,3.048,FAC006,6
Q0001342,nonegu,run1_top20_facility_srcgroup_members_2021.csv,ptnonipm/nonegu_norailyard_2021_POINT_20240502_17may2024_v0.csv,2021hb_cb6_21k/inputs/ptnonipm/nonegu_norailyard_2021_POINT_20240502_17may2024_v0.csv,y2024v0csv_4924411_31502813_30090512_5945414,4924411,BAYTOWN REFINERY,48201,2,31502813,30090512,5945414,38500101,SO2,-95.015,29.746389,305145.12391684874,3292384.215792294,0.0,14.893937739078343,0.4284485361301996,1484.3762,42.70051487376928,0.010033802575841855,fixed benzene facility-z/h0 source geometry; facility-total point-ready SO2 allocated by existing geometry weights,30.0,9.144,12.0,3.6576,85.0,302.59444444444443,20.0,6.096,FAC006,6
Q0001343,nonegu,run1_top20_facility_srcgroup_members_2021.csv,ptnonipm/nonegu_norailyard_2021_POINT_20240502_17may2024_v0.csv,2021hb_cb6_21k/inputs/ptnonipm/nonegu_norailyard_2021_POINT_20240502_17may2024_v0.csv,y2024v0csv_4924411_31503913_30031112_5944114,4924411,BAYTOWN REFINERY,48201,2,31503913,30031112,5944114,38500101,SO2,-94.995278,29.748889,307057.4702517911,3292628.175199684,0.0,0.01587839844251423,0.00045676816218571394,1484.3762,42.70051487376928,1.0697017671473195e-05,fixed benzene facility-z/h0 source geometry; facility-total point-ready SO2 allocated by existing geometry weights,30.0,9.144,12.0,3.6576,85.0,302.59444444444443,20.0,6.096,FAC006,6
Q0001344,nonegu,run1_top20_facility_srcgroup_members_2021.csv,ptnonipm/nonegu_norailyard_2021_POINT_20240502_17may2024_v0.csv,2021hb_cb6_21k/inputs/ptnonipm/nonegu_norailyard_2021_POINT_20240502_17may2024_v0.csv,y2024v0csv_4924411_31504113_30069712_5943914,4924411,BAYTOWN REFINERY,48201,2,31504113,30069712,5943914,30600104,SO2,-95.005556,29.741667,306049.4775534366,3291844.928121555,0.0,0.25405437508022766,0.007308290594971423,1484.3762,42.70051487376928,0.00017115228274357111,fixed benzene facility-z/h0 source geometry; facility-total point-ready SO2 allocated by existing geometry weights,160.0,48.768,6.7,2.04216,475.0,519.2611111111111,17.0,5.1816,FAC006,6
Q0002257,nonegu,run1_top20_facility_srcgroup_members_2021.csv,ptnonipm/nonegu_norailyard_2021_POINT_20240502_17may2024_v0.csv,2021hb_cb6_21k/inputs/ptnonipm/nonegu_norailyard_2021_POINT_20240502_17may2024_v0.csv,y2024v0csv_4924411_70550013_64862412_97767514,4924411,BAYTOWN REFINERY,48201,2,70550013,64862412,97767514,20200253,SO2,-95.003611,29.7425,306239.21354977775,3291933.9898410332,0.0,0.01587839844251423,0.00045676816218571394,1484.3762,42.70051487376928,1.0697017671473195e-05,fixed benzene facility-z/h0 source geometry; facility-total point-ready SO2 allocated by existing geometry weights,6.0,1.8288,1.0,0.3048,800.0,699.8166666666666,80.0,24.384,FAC006,6
Q0002258,nonegu,run1_top20_facility_srcgroup_members_2021.csv,ptnonipm/nonegu_norailyard_2021_POINT_20240502_17may2024_v0.csv,2021hb_cb6_21k/inputs/ptnonipm/nonegu_norailyard_2021_POINT_20240502_17may2024_v0.csv,y2024v0csv_4924411_70550913_64863412_97768314,4924411,BAYTOWN REFINERY,48201,2,70550913,64863412,97768314,20200253,SO2,-95.012222,29.726389,305375.18719557405,3290162.755737416,0.0,0.01587839844251423,0.00045676816218571394,1484.3762,42.70051487376928,1.0697017671473195e-05,fixed benzene facility-z/h0 source geometry; facility-total point-ready SO2 allocated by existing geometry weights,6.0,1.8288,1.0,0.3048,800.0,699.8166666666666,80.0,24.384,FAC006,6
Q0002259,nonegu,run1_top20_facility_srcgroup_members_2021.csv,ptnonipm/nonegu_norailyard_2021_POINT_20240502_17may2024_v0.csv,2021hb_cb6_21k/inputs/ptnonipm/nonegu_norailyard_2021_POINT_20240502_17may2024_v0.csv,y2024v0csv_4924411_70551013_64862812_97768414,4924411,BAYTOWN REFINERY,48201,2,70551013,64862812,97768414,20200253,SO2,-95.012222,29.726389,305375.18719557405,3290162.755737416,0.0,0.01587839844251423,0.00045676816218571394,1484.3762,42.70051487376928,1.0697017671473195e-05,fixed benzene facility-z/h0 source geometry; facility-total point-ready SO2 allocated by existing geometry weights,6.0,1.8288,1.0,0.3048,800.0,699.8166666666666,80.0,24.384,FAC006,6
Q0002260,nonegu,run1_top20_facility_srcgroup_members_2021.csv,ptnonipm/nonegu_norailyard_2021_POINT_20240502_17may2024_v0.csv,2021hb_cb6_21k/inputs/ptnonipm/nonegu_norailyard_2021_POINT_20240502_17may2024_v0.csv,y2024v0csv_4924411_70551413_64863212_97768814,4924411,BAYTOWN REFINERY,48201,2,70551413,64863212,97768814,20200253,SO2,-95.013611,29.723611,305235.4451435774,3289857.188167437,0.0,0.01587839844251423,0.00045676816218571394,1484.3762,42.70051487376928,1.0697017671473195e-05,fixed benzene facility-z/h0 source geometry; facility-total point-ready SO2 allocated by existing geometry weights,6.0,1.8288,1.0,0.3048,800.0,699.8166666666666,80.0,24.384,FAC006,6
Q0002261,nonegu,run1_top20_facility_srcgroup_members_2021.csv,ptnonipm/nonegu_norailyard_2021_POINT_20240502_17may2024_v0.csv,2021hb_cb6_21k/inputs/ptnonipm/nonegu_norailyard_2021_POINT_20240502_17may2024_v0.csv,y2024v0csv_4924411_70552713_64866112_97770114,4924411,BAYTOWN REFINERY,48201,2,70552713,64866112,97770114,30600111,SO2,-95.005,29.741111,306102.1873867919,3291782.3677919637,0.0,0.4445951563903983,0.012789508541199989,1484.3762,42.70051487376928,0.0002995164948012494,fixed benzene facility-z/h0 source geometry; facility-total point-ready SO2 allocated by existing geometry weights,213.0,64.92240000000001,11.0,3.3528,412.0,484.26111111111106,20.7,6.30936,FAC006,6
Q0002262,nonegu,run1_top20_facility_srcgroup_members_2021.csv,ptnonipm/nonegu_norailyard_2021_POINT_20240502_17may2024_v0.csv,2021hb_cb6_21k/inputs/ptnonipm/nonegu_norailyard_2021_POINT_20240502_17may2024_v0.csv,y2024v0csv_4924411_70552813_64866212_97770214,4924411,BAYTOWN REFINERY,48201,2,70552813,64866212,97770214,30600111,SO2,-95.004167,29.738889,306178.485974306,3291534.685800771,0.0,0.1746623828676565,0.0050244497840428535,1484.3762,42.70051487376928,0.00011766719438620514,fixed benzene facility-z/h0 source geometry; facility-total point-ready SO2 allocated by existing geometry weights,215.0,65.532,4.8,1.46304,68.0,293.15,27.6,8.41248,FAC006,6
Q0002263,nonegu,run1_top20_facility_srcgroup_members_2021.csv,ptnonipm/nonegu_norailyard_2021_POINT_20240502_17may2024_v0.csv,2021hb_cb6_21k/inputs/ptnonipm/nonegu_norailyard_2021_POINT_20240502_17may2024_v0.csv,y2024v0csv_4924411_70552913_64869412_97770314,4924411,BAYTOWN REFINERY,48201,2,70552913,64869412,97770314,30600111,SO2,-95.004444,29.741111,306155.96777812263,3291781.4339183606,0.0,0.1905407813101707,0.005481217946228567,1484.3762,42.70051487376928,0.0001283642120576783,fixed benzene facility-z/h0 source geometry; facility-total point-ready SO2 allocated by existing geometry weights,215.0,65.532,4.8,1.46304,425.0,491.48333333333335,27.6,8.41248,FAC006,6
Q0002264,nonegu,run1_top20_facility_srcgroup_members_2021.csv,ptnonipm/nonegu_norailyard_2021_POINT_20240502_17may2024_v0.csv,2021hb_cb6_21k/inputs/ptnonipm/nonegu_norailyard_2021_POINT_20240502_17may2024_v0.csv,y2024v0csv_4924411_70553013_64866312_97770414,4924411,BAYTOWN REFINERY,48201,2,70553013,64866312,97770414,30600111,SO2,-95.004722,29.741111,306129.0775836245,3291781.9008227396,0.0,0.14290558598262804,0.004110913459671425,1484.3762,42.70051487376928,9.627315904325874e-05,fixed benzene facility-z/h0 source geometry; facility-total point-ready SO2 allocated by existing geometry weights,170.0,51.816,5.0,1.524,485.0,524.8166666666666,23.8,7.25424,FAC006,6
Q0002265,nonegu,run1_top20_facility_srcgroup_members_2021.csv,ptnonipm/nonegu_norailyard_2021_POINT_20240502_17may2024_v0.csv,2021hb_cb6_21k/inputs/ptnonipm/nonegu_norailyard_2021_POINT_20240502_17may2024_v0.csv,y2024v0csv_4924411_70553313_64869512_97770714,4924411,BAYTOWN REFINERY,48201,2,70553313,64869512,97770714,40301097,SO2,-94.993333,29.751389,307250.37534376804,3292902.020275189,0.0,2.5405437508022763,0.07308290594971423,1484.3762,42.70051487376928,0.001711522827435711,fixed benzene facility-z/h0 source geometry; facility-total point-ready SO2 allocated by existing geometry weights,48.0,14.630400000000002,3.0,0.9144,73.0,295.92777777777775,0.1,0.03048,FAC006,6
Q0002266,nonegu,run1_top20_facility_srcgroup_members_2021.csv,ptnonipm/nonegu_norailyard_2021_POINT_20240502_17may2024_v0.csv,2021hb_cb6_21k/inputs/ptnonipm/nonegu_norailyard_2021_POINT_20240502_17may2024_v0.csv,y2024v0csv_4924411_70555113_64867812_97773514,4924411,BAYTOWN REFINERY,48201,2,70555113,64867812,97773514,20200102,SO2,-95.013889,29.7275,305216.0658960404,3290288.708121645,0.0,1.254393476958624,0.0360846848126714,1484.3762,42.70051487376928,0.0008450643960463824,fixed benzene facility-z/h0 source geometry; facility-total point-ready SO2 allocated by existing geometry weights,6.0,1.8288,0.33,0.100584,900.0,755.3722222222223,54.0,16.4592,FAC006,6
Q0002267,nonegu,run1_top20_facility_srcgroup_members_2021.csv,ptnonipm/nonegu_norailyard_2021_POINT_20240502_17may2024_v0.csv,2021hb_cb6_21k/inputs/ptnonipm/nonegu_norailyard_2021_POINT_20240502_17may2024_v0.csv,y2024v0csv_4924411_70556913_64868212_97775414,4924411,BAYTOWN REFINERY,48201,2,70556913,64868212,97775414,20300102,SO2,-95.014167,29.725556,305185.41446921683,3290073.7069298243,0.0,0.01587839844251423,0.00045676816218571394,1484.3762,42.70051487376928,1.0697017671473195e-05,fixed benzene facility-z/h0 source geometry; facility-total point-ready SO2 allocated by existing geometry weights,65.0,19.812,1.75,0.5334,300.0,422.0388888888889,10.0,3.048,FAC006,6
Q0002487,nonegu,run1_top20_facility_srcgroup_members_2021.csv,ptnonipm/nonegu_norailyard_2021_POINT_20240502_17may2024_v0.csv,2021hb_cb6_21k/inputs/ptnonipm/nonegu_norailyard_2021_POINT_20240502_17may2024_v0.csv,y2024v0csv_4924411_90226913_86189912_122155914,4924411,BAYTOWN REFINERY,48201,2,90226913,86189912,122155914,30600104,SO2,-94.999444,29.740556,306638.5386093734,3291711.532192547,0.0,0.3969599610628557,0.011419204054642848,1484.3762,42.70051487376928,0.00026742544178682984,fixed benzene facility-z/h0 source geometry; facility-total point-ready SO2 allocated by existing geometry weights,135.0,41.148,10.0,3.048,586.0,580.9277777777777,22.27,6.787896,FAC006,6
Q0002488,nonegu,run1_top20_facility_srcgroup_members_2021.csv,ptnonipm/nonegu_norailyard_2021_POINT_20240502_17may2024_v0.csv,2021hb_cb6_21k/inputs/ptnonipm/nonegu_norailyard_2021_POINT_20240502_17may2024_v0.csv,y2024v0csv_4924411_90227013_86190012_122156014,4924411,BAYTOWN REFINERY,48201,2,90227013,86190012,122156014,10200601,SO2,-95.003611,29.743333000000003,306240.81599261175,3292026.318260106,0.0,0.3016895704077703,0.008678595081528564,1484.3762,42.70051487376928,0.00020324333575799067,fixed benzene facility-z/h0 source geometry; facility-total point-ready SO2 allocated by existing geometry weights,22.0,6.7056,4.0,1.2192,520.0,544.2611111111111,26.4,8.04672,FAC006,6
Q0002489,nonegu,run1_top20_facility_srcgroup_members_2021.csv,ptnonipm/nonegu_norailyard_2021_POINT_20240502_17may2024_v0.csv,2021hb_cb6_21k/inputs/ptnonipm/nonegu_norailyard_2021_POINT_20240502_17may2024_v0.csv,y2024v0csv_4924411_90227113_86190112_122156114,4924411,BAYTOWN REFINERY,48201,2,90227113,86190112,122156114,10200601,SO2,-95.003611,29.743056,306240.2831229231,3291995.6160115744,0.0,0.25405437508022766,0.007308290594971423,1484.3762,42.70051487376928,0.00017115228274357111,fixed benzene facility-z/h0 source geometry; facility-total point-ready SO2 allocated by existing geometry weights,22.0,6.7056,4.0,1.2192,520.0,544.2611111111111,26.4,8.04672,FAC006,6
Q0002490,nonegu,run1_top20_facility_srcgroup_members_2021.csv,ptnonipm/nonegu_norailyard_2021_POINT_20240502_17may2024_v0.csv,2021hb_cb6_21k/inputs/ptnonipm/nonegu_norailyard_2021_POINT_20240502_17may2024_v0.csv,y2024v0csv_4924411_90227213_86190212_122156214,4924411,BAYTOWN REFINERY,48201,2,90227213,86190212,122156214,10200601,SO2,-95.003611,29.743056,306240.2831229231,3291995.6160115744,0.0,0.14290558598262804,0.004110913459671425,1484.3762,42.70051487376928,9.627315904325874e-05,fixed benzene facility-z/h0 source geometry; facility-total point-ready SO2 allocated by existing geometry weights,22.0,6.7056,3.5,1.0668,520.0,544.2611111111111,26.4,8.04672,FAC006,6
Q0002491,nonegu,run1_top20_facility_srcgroup_members_2021.csv,ptnonipm/nonegu_norailyard_2021_POINT_20240502_17may2024_v0.csv,2021hb_cb6_21k/inputs/ptnonipm/nonegu_norailyard_2021_POINT_20240502_17may2024_v0.csv,y2024v0csv_4924411_90227313_86190312_122156314,4924411,BAYTOWN REFINERY,48201,2,90227313,86190312,122156314,10200601,SO2,-95.003333,29.743056,306267.1727882117,3291995.14934764,0.0,0.2858111719652561,0.00822182691934285,1484.3762,42.70051487376928,0.00019254631808651748,fixed benzene facility-z/h0 source geometry; facility-total point-ready SO2 allocated by existing geometry weights,20.5,6.2484,6.0,1.8288,520.0,544.2611111111111,12.8,3.901440000000001,FAC006,6
Q0002492,nonegu,run1_top20_facility_srcgroup_members_2021.csv,ptnonipm/nonegu_norailyard_2021_POINT_20240502_17may2024_v0.csv,2021hb_cb6_21k/inputs/ptnonipm/nonegu_norailyard_2021_POINT_20240502_17may2024_v0.csv,y2024v0csv_4924411_90227413_86190412_122156414,4924411,BAYTOWN REFINERY,48201,2,90227413,86190412,122156414,10200601,SO2,-95.003333,29.743056,306267.1727882117,3291995.14934764,0.0,0.26993277352274186,0.0077650587571571365,1484.3762,42.70051487376928,0.00018184930041504428,fixed benzene facility-z/h0 source geometry; facility-total point-ready SO2 allocated by existing geometry weights,20.5,6.2484,6.0,1.8288,520.0,544.2611111111111,10.1,3.07848,FAC006,6
Q0002493,nonegu,run1_top20_facility_srcgroup_members_2021.csv,ptnonipm/nonegu_norailyard_2021_POINT_20240502_17may2024_v0.csv,2021hb_cb6_21k/inputs/ptnonipm/nonegu_norailyard_2021_POINT_20240502_17may2024_v0.csv,y2024v0csv_4924411_90227513_86190512_122156514,4924411,BAYTOWN REFINERY,48201,2,90227513,86190512,122156514,10200601,SO2,-95.003333,29.743056,306267.1727882117,3291995.14934764,0.0,0.33344636729279875,0.009592131405899993,1484.3762,42.70051487376928,0.00022463737110093706,fixed benzene facility-z/h0 source geometry; facility-total point-ready SO2 allocated by existing geometry weights,20.5,6.2484,6.0,1.8288,520.0,544.2611111111111,13.8,4.20624,FAC006,6
Q0002556,nonegu,run1_top20_facility_srcgroup_members_2021.csv,ptnonipm/nonegu_norailyard_2021_POINT_20240502_17may2024_v0.csv,2021hb_cb6_21k/inputs/ptnonipm/nonegu_norailyard_2021_POINT_20240502_17may2024_v0.csv,y2024v0csv_4924411_92148213_89190712_125768414,4924411,BAYTOWN REFINERY,48201,2,92148213,89190712,125768414,30699999,SO2,-94.999364,29.743931,306652.7553998865,3292085.477381153,0.0,0.06351359377005691,0.0018270726487428558,1484.3762,42.70051487376928,4.278807068589278e-05,fixed benzene facility-z/h0 source geometry; facility-total point-ready SO2 allocated by existing geometry weights,170.0,51.816,5.0,1.524,485.0,524.8166666666666,23.8,7.25424,FAC006,6
Q0002581,nonegu,run1_top20_facility_srcgroup_members_2021.csv,ptnonipm/nonegu_norailyard_2021_POINT_20240502_17may2024_v0.csv,2021hb_cb6_21k/inputs/ptnonipm/nonegu_norailyard_2021_POINT_20240502_17may2024_v0.csv,y2024v0csv_4924411_99274913_96194212_138936114,4924411,BAYTOWN REFINERY,48201,2,99274913,96194212,138936114,30699999,SO2,-95.003056,29.745833,306299.3066115483,3292302.482779038,0.0,22.53144738992769,0.6481540221415281,1484.3762,42.70051487376928,0.015179068075820461,fixed benzene facility-z/h0 source geometry; facility-total point-ready SO2 allocated by existing geometry weights,15.0,4.572,3.0,0.9144,300.0,422.0388888888889,10.0,3.048,FAC006,6
Q0002582,nonegu,run1_top20_facility_srcgroup_members_2021.csv,ptnonipm/nonegu_norailyard_2021_POINT_20240502_17may2024_v0.csv,2021hb_cb6_21k/inputs/ptnonipm/nonegu_norailyard_2021_POINT_20240502_17may2024_v0.csv,y2024v0csv_4924411_99275013_96194312_138936214,4924411,BAYTOWN REFINERY,48201,2,99275013,96194312,138936214,30699999,SO2,-95.003056,29.745833,306299.3066115483,3292302.482779038,0.0,1.3496638676137094,0.03882529378578568,1484.3762,42.70051487376928,0.0009092465020752215,fixed benzene facility-z/h0 source geometry; facility-total point-ready SO2 allocated by existing geometry weights,15.0,4.572,3.0,0.9144,300.0,422.0388888888889,10.0,3.048,FAC006,6
Q0002583,nonegu,run1_top20_facility_srcgroup_members_2021.csv,ptnonipm/nonegu_norailyard_2021_POINT_20240502_17may2024_v0.csv,2021hb_cb6_21k/inputs/ptnonipm/nonegu_norailyard_2021_POINT_20240502_17may2024_v0.csv,y2024v0csv_4924411_99275113_96194412_138936314,4924411,BAYTOWN REFINERY,48201,2,99275113,96194412,138936314,30699999,SO2,-95.003056,29.745833,306299.3066115483,3292302.482779038,0.0,1.2861502738436523,0.036998221137042826,1484.3762,42.70051487376928,0.0008664584313893286,fixed benzene facility-z/h0 source geometry; facility-total point-ready SO2 allocated by existing geometry weights,15.0,4.572,3.0,0.9144,300.0,422.0388888888889,10.0,3.048,FAC006,6
Q0002584,nonegu,run1_top20_facility_srcgroup_members_2021.csv,ptnonipm/nonegu_norailyard_2021_POINT_20240502_17may2024_v0.csv,2021hb_cb6_21k/inputs/ptnonipm/nonegu_norailyard_2021_POINT_20240502_17may2024_v0.csv,y2024v0csv_4924411_99275213_96194512_138936414,4924411,BAYTOWN REFINERY,48201,2,99275213,96194512,138936414,30699999,SO2,-95.003056,29.745833,306299.3066115483,3292302.482779038,0.0,1.4290558598262804,0.04110913459671425,1484.3762,42.70051487376928,0.0009627315904325874,fixed benzene facility-z/h0 source geometry; facility-total point-ready SO2 allocated by existing geometry weights,15.0,4.572,3.0,0.9144,300.0,422.0388888888889,10.0,3.048,FAC006,6
Q0002585,nonegu,run1_top20_facility_srcgroup_members_2021.csv,ptnonipm/nonegu_norailyard_2021_POINT_20240502_17may2024_v0.csv,2021hb_cb6_21k/inputs/ptnonipm/nonegu_norailyard_2021_POINT_20240502_17may2024_v0.csv,y2024v0csv_4924411_99275313_96194612_138936514,4924411,BAYTOWN REFINERY,48201,2,99275313,96194612,138936514,30699999,SO2,-95.003056,29.745833,306299.3066115483,3292302.482779038,0.0,1.4290558598262804,0.04110913459671425,1484.3762,42.70051487376928,0.0009627315904325874,fixed benzene facility-z/h0 source geometry; facility-total point-ready SO2 allocated by existing geometry weights,15.0,4.572,3.0,0.9144,300.0,422.0388888888889,10.0,3.048,FAC006,6
Q0002586,nonegu,run1_top20_facility_srcgroup_members_2021.csv,ptnonipm/nonegu_norailyard_2021_POINT_20240502_17may2024_v0.csv,2021hb_cb6_21k/inputs/ptnonipm/nonegu_norailyard_2021_POINT_20240502_17may2024_v0.csv,y2024v0csv_4924411_99275713_96195012_138936914,4924411,BAYTOWN REFINERY,48201,2,99275713,96195012,138936914,40301099,SO2,-95.013867,29.72735,305217.90429459536,3290272.045226261,0.0,2.5405437508022763,0.07308290594971423,1484.3762,42.70051487376928,0.001711522827435711,fixed benzene facility-z/h0 source geometry; facility-total point-ready SO2 allocated by existing geometry weights,30.0,9.144,29.9,9.11352,68.0,293.15,0.1,0.03048,FAC006,6
Q0000298,nonegu,run1_top20_facility_srcgroup_members_2021.csv,ptnonipm/nonegu_norailyard_2021_POINT_20240502_17may2024_v0.csv,2021hb_cb6_21k/inputs/ptnonipm/nonegu_norailyard_2021_POINT_20240502_17may2024_v0.csv,y2024v0csv_6671511_127792413_18305312_183894114,6671511,LBC HOUSTON BAYPORT TERMINAL,48201,2,127792413,18305312,183894114,40899997,SO2,-95.027678,29.605511,303645.16934425046,3276791.011945423,0.0,0.11037202798978958,0.003175032328614599,4.7466,0.1365437305582192,0.023252860571733362,fixed benzene facility-z/h0 source geometry; facility-total point-ready SO2 allocated by existing geometry weights,50.0,15.24,1.0,0.3048,901.0,755.9277777777777,6.3636,1.93962528,FAC007,7
Q0000775,nonegu,run1_top20_facility_srcgroup_members_2021.csv,ptnonipm/nonegu_norailyard_2021_POINT_20240502_17may2024_v0.csv,2021hb_cb6_21k/inputs/ptnonipm/nonegu_norailyard_2021_POINT_20240502_17may2024_v0.csv,y2024v0csv_6671511_18839713_18319112_6244714,6671511,LBC HOUSTON BAYPORT TERMINAL,48201,2,18839713,18319112,6244714,40301150,SO2,-95.029386,29.609297,303487.08188917517,3277213.5369438296,0.0,0.44594880560811756,0.01282844848011513,4.7466,0.1365437305582192,0.09395120836137816,fixed benzene facility-z/h0 source geometry; facility-total point-ready SO2 allocated by existing geometry weights,48.0,14.630400000000002,3.0,0.9144,68.0,293.15,0.1,0.03048,FAC007,7
Q0000776,nonegu,run1_top20_facility_srcgroup_members_2021.csv,ptnonipm/nonegu_norailyard_2021_POINT_20240502_17may2024_v0.csv,2021hb_cb6_21k/inputs/ptnonipm/nonegu_norailyard_2021_POINT_20240502_17may2024_v0.csv,y2024v0csv_6671511_18840913_18313712_6243314,6671511,LBC HOUSTON BAYPORT TERMINAL,48201,2,18840913,18313712,6243314,40301150,SO2,-95.029792,29.608931,303447.04857819085,3277173.658976639,0.0,0.39260132075232085,0.011293820620571753,4.7466,0.1365437305582192,0.08271211409268125,fixed benzene facility-z/h0 source geometry; facility-total point-ready SO2 allocated by existing geometry weights,48.0,14.630400000000002,3.0,0.9144,68.0,293.15,0.1,0.03048,FAC007,7
Q0000777,nonegu,run1_top20_facility_srcgroup_members_2021.csv,ptnonipm/nonegu_norailyard_2021_POINT_20240502_17may2024_v0.csv,2021hb_cb6_21k/inputs/ptnonipm/nonegu_norailyard_2021_POINT_20240502_17may2024_v0.csv,y2024v0csv_6671511_18841013_18307512_6243214,6671511,LBC HOUSTON BAYPORT TERMINAL,48201,2,18841013,18307512,6243214,40301150,SO2,-95.028056,29.607778000000003,303612.9528181164,3277042.9205289367,0.0,0.8296890187064248,0.023867364812152563,4.7466,0.1365437305582192,0.17479648984671656,fixed benzene facility-z/h0 source geometry; facility-total point-ready SO2 allocated by existing geometry weights,48.0,14.630400000000002,3.0,0.9144,68.0,293.15,0.1,0.03048,FAC007,7
Q0000778,nonegu,run1_top20_facility_srcgroup_members_2021.csv,ptnonipm/nonegu_norailyard_2021_POINT_20240502_17may2024_v0.csv,2021hb_cb6_21k/inputs/ptnonipm/nonegu_norailyard_2021_POINT_20240502_17may2024_v0.csv,y2024v0csv_6671511_18841213_18320312_6243014,6671511,LBC HOUSTON BAYPORT TERMINAL,48201,2,18841213,18320312,6243014,40301150,SO2,-95.029367,29.608946999999997,303488.24296349095,3277174.7116442625,0.0,0.503154187673825,0.014474055077523789,4.7466,0.1365437305582192,0.10600307328905427,fixed benzene facility-z/h0 source geometry; facility-total point-ready SO2 allocated by existing geometry weights,48.0,14.630400000000002,3.0,0.9144,68.0,293.15,0.1,0.03048,FAC007,7
Q0000779,nonegu,run1_top20_facility_srcgroup_members_2021.csv,ptnonipm/nonegu_norailyard_2021_POINT_20240502_17may2024_v0.csv,2021hb_cb6_21k/inputs/ptnonipm/nonegu_norailyard_2021_POINT_20240502_17may2024_v0.csv,y2024v0csv_6671511_18841813_113239612_155464414,6671511,LBC HOUSTON BAYPORT TERMINAL,48201,2,18841813,113239612,155464414,40899997,SO2,-95.027261,29.608933,303692.19215784385,3277169.590720222,0.0,0.08276395108136596,0.002380840735766163,4.7466,0.1365437305582192,0.017436470543413383,fixed benzene facility-z/h0 source geometry; facility-total point-ready SO2 allocated by existing geometry weights,50.0,15.24,1.24,0.377952,800.0,699.8166666666666,20.514,6.2526672,FAC007,7
Q0000780,nonegu,run1_top20_facility_srcgroup_members_2021.csv,ptnonipm/nonegu_norailyard_2021_POINT_20240502_17may2024_v0.csv,2021hb_cb6_21k/inputs/ptnonipm/nonegu_norailyard_2021_POINT_20240502_17may2024_v0.csv,y2024v0csv_6671511_18847813_113239612_155464314,6671511,LBC HOUSTON BAYPORT TERMINAL,48201,2,18847813,113239612,155464314,40899997,SO2,-95.027261,29.608933,303692.19215784385,3277169.590720222,0.0,0.08276395108136596,0.002380840735766163,4.7466,0.1365437305582192,0.017436470543413383,fixed benzene facility-z/h0 source geometry; facility-total point-ready SO2 allocated by existing geometry weights,50.0,15.24,1.24,0.377952,800.0,699.8166666666666,20.514,6.2526672,FAC007,7
Q0000781,nonegu,run1_top20_facility_srcgroup_members_2021.csv,ptnonipm/nonegu_norailyard_2021_POINT_20240502_17may2024_v0.csv,2021hb_cb6_21k/inputs/ptnonipm/nonegu_norailyard_2021_POINT_20240502_17may2024_v0.csv,y2024v0csv_6671511_18851113_18307612_6137914,6671511,LBC HOUSTON BAYPORT TERMINAL,48201,2,18851113,18307612,6137914,40301150,SO2,-95.0275,29.607956,303667.1498036919,3277061.7075428106,0.0,0.5190077340208018,0.014930108328438938,4.7466,0.1365437305582192,0.10934305271579696,fixed benzene facility-z/h0 source geometry; facility-total point-ready SO2 allocated by existing geometry weights,48.0,14.630400000000002,3.0,0.9144,68.0,293.15,0.1,0.03048,FAC007,7
Q0000782,nonegu,run1_top20_facility_srcgroup_members_2021.csv,ptnonipm/nonegu_norailyard_2021_POINT_20240502_17may2024_v0.csv,2021hb_cb6_21k/inputs/ptnonipm/nonegu_norailyard_2021_POINT_20240502_17may2024_v0.csv,y2024v0csv_6671511_18854213_18322112_5953314,6671511,LBC HOUSTON BAYPORT TERMINAL,48201,2,18854213,18322112,5953314,40301150,SO2,-95.028611,29.609328,303562.20429357106,3277215.6589955357,0.0,0.252812826536962,0.007272575415734367,4.7466,0.1365437305582192,0.05326187724623141,fixed benzene facility-z/h0 source geometry; facility-total point-ready SO2 allocated by existing geometry weights,48.0,14.630400000000002,3.0,0.9144,68.0,293.15,0.1,0.03048,FAC007,7
Q0000783,nonegu,run1_top20_facility_srcgroup_members_2021.csv,ptnonipm/nonegu_norailyard_2021_POINT_20240502_17may2024_v0.csv,2021hb_cb6_21k/inputs/ptnonipm/nonegu_norailyard_2021_POINT_20240502_17may2024_v0.csv,y2024v0csv_6671511_18854313_18322212_5953214,6671511,LBC HOUSTON BAYPORT TERMINAL,48201,2,18854313,18322212,5953214,40301150,SO2,-95.028056,29.609333000000003,303615.9682341005,3277215.272564053,0.0,0.18783137040752826,0.0054032772998159955,4.7466,0.1365437305582192,0.039571771459050324,fixed benzene facility-z/h0 source geometry; facility-total point-ready SO2 allocated by existing geometry weights,48.0,14.630400000000002,3.0,0.9144,68.0,293.15,0.1,0.03048,FAC007,7
Q0000784,nonegu,run1_top20_facility_srcgroup_members_2021.csv,ptnonipm/nonegu_norailyard_2021_POINT_20240502_17may2024_v0.csv,2021hb_cb6_21k/inputs/ptnonipm/nonegu_norailyard_2021_POINT_20240502_17may2024_v0.csv,y2024v0csv_6671511_18854713_18310712_5952814,6671511,LBC HOUSTON BAYPORT TERMINAL,48201,2,18854713,18310712,5952814,40301150,SO2,-95.027967,29.610131,303626.1357320035,3277303.5699440264,0.0,0.5780215054036549,0.016627736209221946,4.7466,0.1365437305582192,0.12177590388986957,fixed benzene facility-z/h0 source geometry; facility-total point-ready SO2 allocated by existing geometry weights,48.0,14.630400000000002,3.0,0.9144,70.0,294.26111111111106,0.1,0.03048,FAC007,7
Q0000785,nonegu,run1_top20_facility_srcgroup_members_2021.csv,ptnonipm/nonegu_norailyard_2021_POINT_20240502_17may2024_v0.csv,2021hb_cb6_21k/inputs/ptnonipm/nonegu_norailyard_2021_POINT_20240502_17may2024_v0.csv,y2024v0csv_6671511_18854813_18318212_5952714,6671511,LBC HOUSTON BAYPORT TERMINAL,48201,2,18854813,18318212,5952714,40301150,SO2,-95.028325,29.610153000000004,303591.5047699406,3277306.615060871,0.0,0.5604198493834373,0.01612139571771159,4.7466,0.1365437305582192,0.11806763775827693,fixed benzene facility-z/h0 source geometry; facility-total point-ready SO2 allocated by existing geometry weights,48.0,14.630400000000002,3.0,0.9144,70.0,294.26111111111106,0.1,0.03048,FAC007,7
Q0000786,nonegu,run1_top20_facility_srcgroup_members_2021.csv,ptnonipm/nonegu_norailyard_2021_POINT_20240502_17may2024_v0.csv,2021hb_cb6_21k/inputs/ptnonipm/nonegu_norailyard_2021_POINT_20240502_17may2024_v0.csv,y2024v0csv_6671511_18856513_18310212_5950914,6671511,LBC HOUSTON BAYPORT TERMINAL,48201,2,18856513,18310212,5950914,40301150,SO2,-95.028319,29.609783,303591.36827323877,3277265.595071834,0.0,0.2012134513544061,0.005788234796786199,4.7466,0.1365437305582192,0.042391069682384465,fixed benzene facility-z/h0 source geometry; facility-total point-ready SO2 allocated by existing geometry weights,48.0,14.630400000000002,3.0,0.9144,70.0,294.26111111111106,0.1,0.03048,FAC007,7
Q0000280,nonegu,run1_top20_facility_srcgroup_members_2021.csv,ptnonipm/nonegu_norailyard_2021_POINT_20240502_17may2024_v0.csv,2021hb_cb6_21k/inputs/ptnonipm/nonegu_norailyard_2021_POINT_20240502_17may2024_v0.csv,y2024v0csv_4168511_126609013_128224212_181879114,4168511,DEER PARK CHEMICALS,48201,2,126609013,128224212,181879114,40301102,SO2,-95.138969,29.717646999999996,293095.27448915783,3289414.1254037386,0.0,0.015135787653818776,0.00043540574541555034,297.66040000000004,8.562689389342212,5.084918132818062e-05,fixed benzene facility-z/h0 source geometry; facility-total point-ready SO2 allocated by existing geometry weights,50.0,15.24,3.0,0.9144,75.0,297.0388888888889,0.1,0.03048,FAC008,8
Q0000281,nonegu,run1_top20_facility_srcgroup_members_2021.csv,ptnonipm/nonegu_norailyard_2021_POINT_20240502_17may2024_v0.csv,2021hb_cb6_21k/inputs/ptnonipm/nonegu_norailyard_2021_POINT_20240502_17may2024_v0.csv,y2024v0csv_4168511_126609113_128224612_181879214,4168511,DEER PARK CHEMICALS,48201,2,126609113,128224612,181879214,40301102,SO2,-95.138969,29.717646999999996,293095.27448915783,3289414.1254037386,0.0,0.17784550493237064,0.005116017508632717,297.66040000000004,8.562689389342212,0.0005974778806061223,fixed benzene facility-z/h0 source geometry; facility-total point-ready SO2 allocated by existing geometry weights,50.0,15.24,3.0,0.9144,75.0,297.0388888888889,0.1,0.03048,FAC008,8
Q0000282,nonegu,run1_top20_facility_srcgroup_members_2021.csv,ptnonipm/nonegu_norailyard_2021_POINT_20240502_17may2024_v0.csv,2021hb_cb6_21k/inputs/ptnonipm/nonegu_norailyard_2021_POINT_20240502_17may2024_v0.csv,y2024v0csv_4168511_126609213_128224312_181879314,4168511,DEER PARK CHEMICALS,48201,2,126609213,128224312,181879314,40301102,SO2,-95.133744,29.715247,293595.9008438025,3289138.75420307,0.0,0.16270971727855182,0.004680611763217166,297.66040000000004,8.562689389342212,0.0005466286992779416,fixed benzene facility-z/h0 source geometry; facility-total point-ready SO2 allocated by existing geometry weights,50.0,15.24,3.0,0.9144,75.0,297.0388888888889,0.1,0.03048,FAC008,8
Q0000283,nonegu,run1_top20_facility_srcgroup_members_2021.csv,ptnonipm/nonegu_norailyard_2021_POINT_20240502_17may2024_v0.csv,2021hb_cb6_21k/inputs/ptnonipm/nonegu_norailyard_2021_POINT_20240502_17may2024_v0.csv,y2024v0csv_4168511_126609313_128224412_181879414,4168511,DEER PARK CHEMICALS,48201,2,126609313,128224412,181879414,40301102,SO2,-95.132608,29.715403,293706.13505595515,3289154.0162252747,0.0,0.15892577036509714,0.004571760326863278,297.66040000000004,8.562689389342212,0.0005339164039458964,fixed benzene facility-z/h0 source geometry; facility-total point-ready SO2 allocated by existing geometry weights,50.0,15.24,3.0,0.9144,75.0,297.0388888888889,0.1,0.03048,FAC008,8
Q0000284,nonegu,run1_top20_facility_srcgroup_members_2021.csv,ptnonipm/nonegu_norailyard_2021_POINT_20240502_17may2024_v0.csv,2021hb_cb6_21k/inputs/ptnonipm/nonegu_norailyard_2021_POINT_20240502_17may2024_v0.csv,y2024v0csv_4168511_126609413_128224512_181879514,4168511,DEER PARK CHEMICALS,48201,2,126609413,128224512,181879514,40301102,SO2,-95.132608,29.715403,293706.13505595515,3289154.0162252747,0.0,0.22703681480728166,0.006531086181233255,297.66040000000004,8.562689389342212,0.0007627377199227093,fixed benzene facility-z/h0 source geometry; facility-total point-ready SO2 allocated by existing geometry weights,50.0,15.24,3.0,0.9144,82.0,300.92777777777775,0.1,0.03048,FAC008,8
Q0000498,nonegu,run1_top20_facility_srcgroup_members_2021.csv,ptnonipm/nonegu_norailyard_2021_POINT_20240502_17may2024_v0.csv,2021hb_cb6_21k/inputs/ptnonipm/nonegu_norailyard_2021_POINT_20240502_17may2024_v0.csv,y2024v0csv_4168511_139198213_144520912_220943414,4168511,DEER PARK CHEMICALS,48201,3,139198213,144520912,220943414,40301109,SO2,-95.131389,29.723889,293841.4354867736,3290092.4505533036,0.0,0.01891973456727347,0.0005442571817694379,297.66040000000004,8.562689389342212,6.356147666022577e-05,fixed benzene facility-z/h0 source geometry; facility-total point-ready SO2 allocated by existing geometry weights,1.0,0.3048,0.1,0.03048,30.0,272.0388888888889,0.1,0.03048,FAC008,8
Q0000499,nonegu,run1_top20_facility_srcgroup_members_2021.csv,ptnonipm/nonegu_norailyard_2021_POINT_20240502_17may2024_v0.csv,2021hb_cb6_21k/inputs/ptnonipm/nonegu_norailyard_2021_POINT_20240502_17may2024_v0.csv,y2024v0csv_4168511_139198413_144521112_220943714,4168511,DEER PARK CHEMICALS,48201,3,139198413,144521112,220943714,40301109,SO2,-95.131392,29.723881,293841.1288801998,3290091.5691673816,0.0,0.07567893826909387,0.0021770287270777514,297.66040000000004,8.562689389342212,0.0002542459066409031,fixed benzene facility-z/h0 source geometry; facility-total point-ready SO2 allocated by existing geometry weights,1.0,0.3048,0.1,0.03048,30.0,272.0388888888889,0.1,0.03048,FAC008,8
Q0000563,nonegu,run1_top20_facility_srcgroup_members_2021.csv,ptnonipm/nonegu_norailyard_2021_POINT_20240502_17may2024_v0.csv,2021hb_cb6_21k/inputs/ptnonipm/nonegu_norailyard_2021_POINT_20240502_17may2024_v0.csv,y2024v0csv_4168511_156273313_166658012_242396714,4168511,DEER PARK CHEMICALS,48201,2,156273313,166658012,242396714,40301117,SO2,-95.126944,29.722222,294268.07682089286,3289899.7486993154,0.0,0.08324683209600327,0.0023947315997855266,297.66040000000004,8.562689389342212,0.0002796704973049934,fixed benzene facility-z/h0 source geometry; facility-total point-ready SO2 allocated by existing geometry weights,60.0,18.288,2.0,0.6096,75.0,297.0388888888889,0.1,0.03048,FAC008,8
Q0000564,nonegu,run1_top20_facility_srcgroup_members_2021.csv,ptnonipm/nonegu_norailyard_2021_POINT_20240502_17may2024_v0.csv,2021hb_cb6_21k/inputs/ptnonipm/nonegu_norailyard_2021_POINT_20240502_17may2024_v0.csv,y2024v0csv_4168511_156273913_166658612_242397314,4168511,DEER PARK CHEMICALS,48201,3,156273913,166658612,242397314,40301197,SO2,-95.137211,29.719622,293269.4181288915,3289629.892040836,0.0,0.05297525678836571,0.001523920108954426,297.66040000000004,8.562689389342212,0.00017797213464863215,fixed benzene facility-z/h0 source geometry; facility-total point-ready SO2 allocated by existing geometry weights,1.0,0.3048,0.1,0.03048,30.0,272.0388888888889,0.1,0.03048,FAC008,8
Q0000565,nonegu,run1_top20_facility_srcgroup_members_2021.csv,ptnonipm/nonegu_norailyard_2021_POINT_20240502_17may2024_v0.csv,2021hb_cb6_21k/inputs/ptnonipm/nonegu_norailyard_2021_POINT_20240502_17may2024_v0.csv,y2024v0csv_4168511_156274013_166658712_242397414,4168511,DEER PARK CHEMICALS,48201,3,156274013,166658712,242397414,40301197,SO2,-95.138214,29.719631,293172.3942044683,3289632.6854360537,0.0,0.011351840740364081,0.0003265543090616627,297.66040000000004,8.562689389342212,3.813688599613546e-05,fixed benzene facility-z/h0 source geometry; facility-total point-ready SO2 allocated by existing geometry weights,1.0,0.3048,0.1,0.03048,30.0,272.0388888888889,0.1,0.03048,FAC008,8
Q0001632,nonegu,run1_top20_facility_srcgroup_members_2021.csv,ptnonipm/nonegu_norailyard_2021_POINT_20240502_17may2024_v0.csv,2021hb_cb6_21k/inputs/ptnonipm/nonegu_norailyard_2021_POINT_20240502_17may2024_v0.csv,y2024v0csv_4168511_32853413_31504212_6417114,4168511,DEER PARK CHEMICALS,48201,3,32853413,31504212,6417114,40301198,SO2,-95.132347,29.712536,293725.5234093437,3288835.764326649,0.0,6.254864247940609,0.17993142429297618,297.66040000000004,8.562689389342212,0.02101342418387064,fixed benzene facility-z/h0 source geometry; facility-total point-ready SO2 allocated by existing geometry weights,48.0,14.630400000000002,3.0,0.9144,72.0,295.3722222222222,0.1,0.03048,FAC008,8
Q0001633,nonegu,run1_top20_facility_srcgroup_members_2021.csv,ptnonipm/nonegu_norailyard_2021_POINT_20240502_17may2024_v0.csv,2021hb_cb6_21k/inputs/ptnonipm/nonegu_norailyard_2021_POINT_20240502_17may2024_v0.csv,y2024v0csv_4168511_32856913_31525712_6267414,4168511,DEER PARK CHEMICALS,48201,2,32856913,31525712,6267414,40301102,SO2,-95.132042,29.718017,293766.2460541165,3289442.7481570495,0.0,6.008907698566054,0.17285608092997345,297.66040000000004,8.562689389342212,0.020187124987287704,fixed benzene facility-z/h0 source geometry; facility-total point-ready SO2 allocated by existing geometry weights,41.0,12.4968,3.0,0.9144,72.0,295.3722222222222,0.1,0.03048,FAC008,8
Q0001634,nonegu,run1_top20_facility_srcgroup_members_2021.csv,ptnonipm/nonegu_norailyard_2021_POINT_20240502_17may2024_v0.csv,2021hb_cb6_21k/inputs/ptnonipm/nonegu_norailyard_2021_POINT_20240502_17may2024_v0.csv,y2024v0csv_4168511_32857013_31506412_6267314,4168511,DEER PARK CHEMICALS,48201,2,32857013,31506412,6267314,40301102,SO2,-95.133403,29.717311,293633.11938921583,3289366.9242123733,0.0,0.3367712752974678,0.009687777835495995,297.66040000000004,8.562689389342212,0.0011313942845520189,fixed benzene facility-z/h0 source geometry; facility-total point-ready SO2 allocated by existing geometry weights,40.0,12.192,3.0,0.9144,72.0,295.3722222222222,0.1,0.03048,FAC008,8
Q0001635,nonegu,run1_top20_facility_srcgroup_members_2021.csv,ptnonipm/nonegu_norailyard_2021_POINT_20240502_17may2024_v0.csv,2021hb_cb6_21k/inputs/ptnonipm/nonegu_norailyard_2021_POINT_20240502_17may2024_v0.csv,y2024v0csv_4168511_32857113_31443412_6267214,4168511,DEER PARK CHEMICALS,48201,2,32857113,31443412,6267214,40301197,SO2,-95.129983,29.719,293967.47037937946,3289548.031611571,0.0,0.4427217888741992,0.012735618053404849,297.66040000000004,8.562689389342212,0.0014873385538492832,fixed benzene facility-z/h0 source geometry; facility-total point-ready SO2 allocated by existing geometry weights,48.0,14.630400000000002,3.0,0.9144,72.0,295.3722222222222,0.1,0.03048,FAC008,8
Q0001636,nonegu,run1_top20_facility_srcgroup_members_2021.csv,ptnonipm/nonegu_norailyard_2021_POINT_20240502_17may2024_v0.csv,2021hb_cb6_21k/inputs/ptnonipm/nonegu_norailyard_2021_POINT_20240502_17may2024_v0.csv,y2024v0csv_4168511_32857213_31563612_6267114,4168511,DEER PARK CHEMICALS,48201,3,32857213,31563612,6267114,40301150,SO2,-95.116047,29.725528000000004,295329.0651882505,3290246.8296955377,0.0,0.5032649394894743,0.014477241035067047,297.66040000000004,8.562689389342212,0.0016907352791620054,fixed benzene facility-z/h0 source geometry; facility-total point-ready SO2 allocated by existing geometry weights,48.0,14.630400000000002,3.0,0.9144,85.0,302.59444444444443,0.1,0.03048,FAC008,8
Q0001637,nonegu,run1_top20_facility_srcgroup_members_2021.csv,ptnonipm/nonegu_norailyard_2021_POINT_20240502_17may2024_v0.csv,2021hb_cb6_21k/inputs/ptnonipm/nonegu_norailyard_2021_POINT_20240502_17may2024_v0.csv,y2024v0csv_4168511_32857313_31564712_6267014,4168511,DEER PARK CHEMICALS,48201,2,32857313,31564712,6267014,40301109,SO2,-95.139736,29.725425,293037.0343508903,3290277.6365106185,0.0,0.22703681480728166,0.006531086181233255,297.66040000000004,8.562689389342212,0.0007627377199227093,fixed benzene facility-z/h0 source geometry; facility-total point-ready SO2 allocated by existing geometry weights,56.0,17.0688,3.0,0.9144,72.0,295.3722222222222,0.1,0.03048,FAC008,8
Q0001638,nonegu,run1_top20_facility_srcgroup_members_2021.csv,ptnonipm/nonegu_norailyard_2021_POINT_20240502_17may2024_v0.csv,2021hb_cb6_21k/inputs/ptnonipm/nonegu_norailyard_2021_POINT_20240502_17may2024_v0.csv,y2024v0csv_4168511_32857613_31525212_6266714,4168511,DEER PARK CHEMICALS,48201,3,32857613,31525212,6266714,40301199,SO2,-95.128517,29.729208,294130.16071410064,3290676.898753308,0.0,0.9119312061425813,0.026233196161286908,297.66040000000004,8.562689389342212,0.0030636631750228824,fixed benzene facility-z/h0 source geometry; facility-total point-ready SO2 allocated by existing geometry weights,10.0,3.048,3.0,0.9144,72.0,295.3722222222222,0.1,0.03048,FAC008,8
Q0001639,nonegu,run1_top20_facility_srcgroup_members_2021.csv,ptnonipm/nonegu_norailyard_2021_POINT_20240502_17may2024_v0.csv,2021hb_cb6_21k/inputs/ptnonipm/nonegu_norailyard_2021_POINT_20240502_17may2024_v0.csv,y2024v0csv_4168511_32858413_31436412_6265914,4168511,DEER PARK CHEMICALS,48201,2,32858413,31436412,6265914,30190004,SO2,-95.130653,29.714431,293893.3061423695,3289042.78722295,0.0,0.003783946913454694,0.00010885143635388758,297.66040000000004,8.562689389342212,1.2712295332045155e-05,fixed benzene facility-z/h0 source geometry; facility-total point-ready SO2 allocated by existing geometry weights,125.0,38.1,4.0,1.2192,550.0,560.9277777777777,22.2,6.76656,FAC008,8
Q0001640,nonegu,run1_top20_facility_srcgroup_members_2021.csv,ptnonipm/nonegu_norailyard_2021_POINT_20240502_17may2024_v0.csv,2021hb_cb6_21k/inputs/ptnonipm/nonegu_norailyard_2021_POINT_20240502_17may2024_v0.csv,y2024v0csv_4168511_32859113_31471212_6265114,4168511,DEER PARK CHEMICALS,48201,2,32859113,31471212,6265114,30190004,SO2,-95.1308,29.714978,293880.20107817324,3289103.6804134347,0.0,0.026487628394182856,0.000761960054477213,297.66040000000004,8.562689389342212,8.898606732431608e-05,fixed benzene facility-z/h0 source geometry; facility-total point-ready SO2 allocated by existing geometry weights,120.0,36.576,8.0,2.4384,418.0,487.5944444444444,22.2,6.76656,FAC008,8
Q0001641,nonegu,run1_top20_facility_srcgroup_members_2021.csv,ptnonipm/nonegu_norailyard_2021_POINT_20240502_17may2024_v0.csv,2021hb_cb6_21k/inputs/ptnonipm/nonegu_norailyard_2021_POINT_20240502_17may2024_v0.csv,y2024v0csv_4168511_32859213_31521912_6265014,4168511,DEER PARK CHEMICALS,48201,2,32859213,31521912,6265014,30190004,SO2,-95.130606,29.714983,293898.9820343829,3289103.8884553565,0.0,0.026487628394182856,0.000761960054477213,297.66040000000004,8.562689389342212,8.898606732431608e-05,fixed benzene facility-z/h0 source geometry; facility-total point-ready SO2 allocated by existing geometry weights,120.0,36.576,8.0,2.4384,418.0,487.5944444444444,22.2,6.76656,FAC008,8
Q0001642,nonegu,run1_top20_facility_srcgroup_members_2021.csv,ptnonipm/nonegu_norailyard_2021_POINT_20240502_17may2024_v0.csv,2021hb_cb6_21k/inputs/ptnonipm/nonegu_norailyard_2021_POINT_20240502_17may2024_v0.csv,y2024v0csv_4168511_32859413_31538512_6264814,4168511,DEER PARK CHEMICALS,48201,2,32859413,31538512,6264814,30190004,SO2,-95.131161,29.714421999999995,293844.1352347282,3289042.6961845867,0.0,0.003783946913454694,0.00010885143635388758,297.66040000000004,8.562689389342212,1.2712295332045155e-05,fixed benzene facility-z/h0 source geometry; facility-total point-ready SO2 allocated by existing geometry weights,125.0,38.1,22.2,6.76656,575.0,574.8166666666666,1.0,0.3048,FAC008,8
Q0001643,nonegu,run1_top20_facility_srcgroup_members_2021.csv,ptnonipm/nonegu_norailyard_2021_POINT_20240502_17may2024_v0.csv,2021hb_cb6_21k/inputs/ptnonipm/nonegu_norailyard_2021_POINT_20240502_17may2024_v0.csv,y2024v0csv_4168511_32859713_31418312_6264314,4168511,DEER PARK CHEMICALS,48201,3,32859713,31418312,6264314,40301097,SO2,-95.12895,29.729819,294089.5196677866,3290745.395803191,0.0,31.425679116241234,0.9040111789190364,297.66040000000004,8.562689389342212,0.10557561273263501,fixed benzene facility-z/h0 source geometry; facility-total point-ready SO2 allocated by existing geometry weights,41.0,12.4968,3.0,0.9144,125.0,324.81666666666666,0.1,0.03048,FAC008,8
Q0001644,nonegu,run1_top20_facility_srcgroup_members_2021.csv,ptnonipm/nonegu_norailyard_2021_POINT_20240502_17may2024_v0.csv,2021hb_cb6_21k/inputs/ptnonipm/nonegu_norailyard_2021_POINT_20240502_17may2024_v0.csv,y2024v0csv_4168511_32860913_31544012_6581614,4168511,DEER PARK CHEMICALS,48201,2,32860913,31544012,6581614,30190004,SO2,-95.122414,29.722267,294706.4424144679,3289896.6750220256,0.0,0.04919130987491102,0.0014150686726005384,297.66040000000004,8.562689389342212,0.000165259839316587,fixed benzene facility-z/h0 source geometry; facility-total point-ready SO2 allocated by existing geometry weights,185.0,56.388000000000005,11.0,3.3528,350.0,449.8166666666666,22.2,6.76656,FAC008,8
Q0001645,nonegu,run1_top20_facility_srcgroup_members_2021.csv,ptnonipm/nonegu_norailyard_2021_POINT_20240502_17may2024_v0.csv,2021hb_cb6_21k/inputs/ptnonipm/nonegu_norailyard_2021_POINT_20240502_17may2024_v0.csv,y2024v0csv_4168511_32864313_31469412_6578014,4168511,DEER PARK CHEMICALS,48201,2,32864313,31469412,6578014,30199998,SO2,-95.122061,29.726971999999996,294750.1764021718,3290417.561000334,0.0,0.007567893826909388,0.00021770287270777517,297.66040000000004,8.562689389342212,2.542459066409031e-05,fixed benzene facility-z/h0 source geometry; facility-total point-ready SO2 allocated by existing geometry weights,9.0,2.7432000000000003,0.1,0.03048,72.0,295.3722222222222,0.1,0.03048,FAC008,8
Q0001646,nonegu,run1_top20_facility_srcgroup_members_2021.csv,ptnonipm/nonegu_norailyard_2021_POINT_20240502_17may2024_v0.csv,2021hb_cb6_21k/inputs/ptnonipm/nonegu_norailyard_2021_POINT_20240502_17may2024_v0.csv,y2024v0csv_4168511_32868413_31413512_6263914,4168511,DEER PARK CHEMICALS,48201,2,32868413,31413512,6263914,40301102,SO2,-95.135578,29.718672,293425.4676368092,3289521.669391919,0.0,1.3584369419302351,0.039077665651045645,297.66040000000004,8.562689389342212,0.004563714024204211,fixed benzene facility-z/h0 source geometry; facility-total point-ready SO2 allocated by existing geometry weights,56.0,17.0688,3.0,0.9144,72.0,295.3722222222222,0.1,0.03048,FAC008,8
Q0001647,nonegu,run1_top20_facility_srcgroup_members_2021.csv,ptnonipm/nonegu_norailyard_2021_POINT_20240502_17may2024_v0.csv,2021hb_cb6_21k/inputs/ptnonipm/nonegu_norailyard_2021_POINT_20240502_17may2024_v0.csv,y2024v0csv_4168511_32868513_31506612_6263814,4168511,DEER PARK CHEMICALS,48201,2,32868513,31506612,6263814,40301102,SO2,-95.134781,29.718603,293502.43841585977,3289512.595983298,0.0,0.37461074443201475,0.010776292199034872,297.66040000000004,8.562689389342212,0.0012585172378724704,fixed benzene facility-z/h0 source geometry; facility-total point-ready SO2 allocated by existing geometry weights,56.0,17.0688,3.0,0.9144,84.0,302.0388888888889,0.1,0.03048,FAC008,8
Q0001648,nonegu,run1_top20_facility_srcgroup_members_2021.csv,ptnonipm/nonegu_norailyard_2021_POINT_20240502_17may2024_v0.csv,2021hb_cb6_21k/inputs/ptnonipm/nonegu_norailyard_2021_POINT_20240502_17may2024_v0.csv,y2024v0csv_4168511_32868713_31506812_6263614,4168511,DEER PARK CHEMICALS,48201,2,32868713,31506812,6263614,40301102,SO2,-95.135592,29.719189,293425.17248574016,3289579.0001641656,0.0,0.08703077900945796,0.0025035830361394146,297.66040000000004,8.562689389342212,0.00029238279263703857,fixed benzene facility-z/h0 source geometry; facility-total point-ready SO2 allocated by existing geometry weights,56.0,17.0688,3.0,0.9144,72.0,295.3722222222222,0.1,0.03048,FAC008,8
Q0001649,nonegu,run1_top20_facility_srcgroup_members_2021.csv,ptnonipm/nonegu_norailyard_2021_POINT_20240502_17may2024_v0.csv,2021hb_cb6_21k/inputs/ptnonipm/nonegu_norailyard_2021_POINT_20240502_17may2024_v0.csv,y2024v0csv_4168511_32868813_31471112_6263514,4168511,DEER PARK CHEMICALS,48201,2,32868813,31471112,6263514,30190004,SO2,-95.131375,29.714416999999997,293823.4190293648,3289042.523927326,0.0,0.003783946913454694,0.00010885143635388758,297.66040000000004,8.562689389342212,1.2712295332045155e-05,fixed benzene facility-z/h0 source geometry; facility-total point-ready SO2 allocated by existing geometry weights,125.0,38.1,22.2,6.76656,550.0,560.9277777777777,1.0,0.3048,FAC008,8
Q0001650,nonegu,run1_top20_facility_srcgroup_members_2021.csv,ptnonipm/nonegu_norailyard_2021_POINT_20240502_17may2024_v0.csv,2021hb_cb6_21k/inputs/ptnonipm/nonegu_norailyard_2021_POINT_20240502_17may2024_v0.csv,y2024v0csv_4168511_32869013_31562812_6263314,4168511,DEER PARK CHEMICALS,48201,3,32869013,31562812,6263314,40301102,SO2,-95.125675,29.721828,294390.04797006916,3289853.816712225,0.0,0.003783946913454694,0.00010885143635388758,297.66040000000004,8.562689389342212,1.2712295332045155e-05,fixed benzene facility-z/h0 source geometry; facility-total point-ready SO2 allocated by existing geometry weights,41.0,12.4968,3.0,0.9144,72.0,295.3722222222222,0.1,0.03048,FAC008,8
Q0001651,nonegu,run1_top20_facility_srcgroup_members_2021.csv,ptnonipm/nonegu_norailyard_2021_POINT_20240502_17may2024_v0.csv,2021hb_cb6_21k/inputs/ptnonipm/nonegu_norailyard_2021_POINT_20240502_17may2024_v0.csv,y2024v0csv_4168511_32870113_31499712_6262214,4168511,DEER PARK CHEMICALS,48201,3,32870113,31499712,6262214,40301197,SO2,-95.130689,29.723075,293907.4945850312,3290000.9751041005,0.0,17.542377890775963,0.5046352589366229,297.66040000000004,8.562689389342212,0.05893420115936134,fixed benzene facility-z/h0 source geometry; facility-total point-ready SO2 allocated by existing geometry weights,48.0,14.630400000000002,3.0,0.9144,72.0,295.3722222222222,0.1,0.03048,FAC008,8
Q0001652,nonegu,run1_top20_facility_srcgroup_members_2021.csv,ptnonipm/nonegu_norailyard_2021_POINT_20240502_17may2024_v0.csv,2021hb_cb6_21k/inputs/ptnonipm/nonegu_norailyard_2021_POINT_20240502_17may2024_v0.csv,y2024v0csv_4168511_32870313_31433212_6262014,4168511,DEER PARK CHEMICALS,48201,3,32870313,31433212,6262014,40301197,SO2,-95.132431,29.7232,293739.214288054,3290017.940620817,0.0,23.331816668361643,0.6711779565580709,297.66040000000004,8.562689389342212,0.07838401301739042,fixed benzene facility-z/h0 source geometry; facility-total point-ready SO2 allocated by existing geometry weights,48.0,14.630400000000002,3.0,0.9144,72.0,295.3722222222222,0.1,0.03048,FAC008,8
Q0001653,nonegu,run1_top20_facility_srcgroup_members_2021.csv,ptnonipm/nonegu_norailyard_2021_POINT_20240502_17may2024_v0.csv,2021hb_cb6_21k/inputs/ptnonipm/nonegu_norailyard_2021_POINT_20240502_17may2024_v0.csv,y2024v0csv_4168511_32874413_31514512_6105614,4168511,DEER PARK CHEMICALS,48201,2,32874413,31514512,6105614,30190004,SO2,-95.133406,29.714528,293627.1328230145,3289058.4543840983,0.0,0.07946288518254857,0.002285880163431639,297.66040000000004,8.562689389342212,0.0002669582019729482,fixed benzene facility-z/h0 source geometry; facility-total point-ready SO2 allocated by existing geometry weights,150.0,45.72,7.0,2.1336,460.0,510.92777777777775,3.0,0.9144,FAC008,8
Q0001654,nonegu,run1_top20_facility_srcgroup_members_2021.csv,ptnonipm/nonegu_norailyard_2021_POINT_20240502_17may2024_v0.csv,2021hb_cb6_21k/inputs/ptnonipm/nonegu_norailyard_2021_POINT_20240502_17may2024_v0.csv,y2024v0csv_4168511_32874513_31544612_6105414,4168511,DEER PARK CHEMICALS,48201,2,32874513,31544612,6105414,30190004,SO2,-95.132894,29.714731,293677.087734747,3289080.0407930985,0.0,0.07946288518254857,0.002285880163431639,297.66040000000004,8.562689389342212,0.0002669582019729482,fixed benzene facility-z/h0 source geometry; facility-total point-ready SO2 allocated by existing geometry weights,150.0,45.72,7.0,2.1336,460.0,510.92777777777775,3.0,0.9144,FAC008,8
Q0001655,nonegu,run1_top20_facility_srcgroup_members_2021.csv,ptnonipm/nonegu_norailyard_2021_POINT_20240502_17may2024_v0.csv,2021hb_cb6_21k/inputs/ptnonipm/nonegu_norailyard_2021_POINT_20240502_17may2024_v0.csv,y2024v0csv_4168511_32874613_31514612_6105214,4168511,DEER PARK CHEMICALS,48201,2,32874613,31514612,6105214,30190004,SO2,-95.132889,29.714539,293677.1786393449,3289058.750074001,0.0,0.07946288518254857,0.002285880163431639,297.66040000000004,8.562689389342212,0.0002669582019729482,fixed benzene facility-z/h0 source geometry; facility-total point-ready SO2 allocated by existing geometry weights,150.0,45.72,7.0,2.1336,460.0,510.92777777777775,3.0,0.9144,FAC008,8
Q0001656,nonegu,run1_top20_facility_srcgroup_members_2021.csv,ptnonipm/nonegu_norailyard_2021_POINT_20240502_17may2024_v0.csv,2021hb_cb6_21k/inputs/ptnonipm/nonegu_norailyard_2021_POINT_20240502_17may2024_v0.csv,y2024v0csv_4168511_32880313_96201212_138946214,4168511,DEER PARK CHEMICALS,48201,3,32880313,96201212,138946214,30600106,SO2,-95.120378,29.726117,294911.25756496284,3290319.800310403,0.0,0.003783946913454694,0.00010885143635388758,297.66040000000004,8.562689389342212,1.2712295332045155e-05,fixed benzene facility-z/h0 source geometry; facility-total point-ready SO2 allocated by existing geometry weights,1.0,0.3048,0.1,0.03048,30.0,272.0388888888889,0.1,0.03048,FAC008,8
Q0001657,nonegu,run1_top20_facility_srcgroup_members_2021.csv,ptnonipm/nonegu_norailyard_2021_POINT_20240502_17may2024_v0.csv,2021hb_cb6_21k/inputs/ptnonipm/nonegu_norailyard_2021_POINT_20240502_17may2024_v0.csv,y2024v0csv_4168511_32882513_31391412_6096814,4168511,DEER PARK CHEMICALS,48201,3,32882513,31391412,6096814,40301109,SO2,-95.137519,29.723411,293247.3901929612,3290050.4272153685,0.0,0.007567893826909388,0.00021770287270777517,297.66040000000004,8.562689389342212,2.542459066409031e-05,fixed benzene facility-z/h0 source geometry; facility-total point-ready SO2 allocated by existing geometry weights,41.0,12.4968,3.0,0.9144,72.0,295.3722222222222,0.1,0.03048,FAC008,8
Q0001658,nonegu,run1_top20_facility_srcgroup_members_2021.csv,ptnonipm/nonegu_norailyard_2021_POINT_20240502_17may2024_v0.csv,2021hb_cb6_21k/inputs/ptnonipm/nonegu_norailyard_2021_POINT_20240502_17may2024_v0.csv,y2024v0csv_4168511_32883813_31505212_6095414,4168511,DEER PARK CHEMICALS,48201,2,32883813,31505212,6095414,40301197,SO2,-95.121033,29.721496999999996,294838.4857061475,3289808.8722352544,0.0,1.2789740567476864,0.036791785487614,297.66040000000004,8.562689389342212,0.004296755822231262,fixed benzene facility-z/h0 source geometry; facility-total point-ready SO2 allocated by existing geometry weights,40.0,12.192,3.0,0.9144,72.0,295.3722222222222,0.1,0.03048,FAC008,8
Q0001659,nonegu,run1_top20_facility_srcgroup_members_2021.csv,ptnonipm/nonegu_norailyard_2021_POINT_20240502_17may2024_v0.csv,2021hb_cb6_21k/inputs/ptnonipm/nonegu_norailyard_2021_POINT_20240502_17may2024_v0.csv,y2024v0csv_4168511_32883913_31505312_6095314,4168511,DEER PARK CHEMICALS,48201,2,32883913,31505312,6095314,40301197,SO2,-95.120683,29.7215,294872.3542372976,3289808.5830337247,0.0,1.4227640394589651,0.04092814006906174,297.66040000000004,8.562689389342212,0.004779823044848979,fixed benzene facility-z/h0 source geometry; facility-total point-ready SO2 allocated by existing geometry weights,40.0,12.192,3.0,0.9144,86.0,303.15,0.1,0.03048,FAC008,8
Q0001660,nonegu,run1_top20_facility_srcgroup_members_2021.csv,ptnonipm/nonegu_norailyard_2021_POINT_20240502_17may2024_v0.csv,2021hb_cb6_21k/inputs/ptnonipm/nonegu_norailyard_2021_POINT_20240502_17may2024_v0.csv,y2024v0csv_4168511_32884013_31505412_6095214,4168511,DEER PARK CHEMICALS,48201,2,32884013,31505412,6095214,40301197,SO2,-95.120281,29.721464,294911.1744026643,3289803.8787388615,0.0,1.5968255974778809,0.04593530614134056,297.66040000000004,8.562689389342212,0.005364588630123055,fixed benzene facility-z/h0 source geometry; facility-total point-ready SO2 allocated by existing geometry weights,40.0,12.192,3.0,0.9144,88.0,304.26111111111106,0.1,0.03048,FAC008,8
Q0001661,nonegu,run1_top20_facility_srcgroup_members_2021.csv,ptnonipm/nonegu_norailyard_2021_POINT_20240502_17may2024_v0.csv,2021hb_cb6_21k/inputs/ptnonipm/nonegu_norailyard_2021_POINT_20240502_17may2024_v0.csv,y2024v0csv_4168511_32884113_31407912_6095114,4168511,DEER PARK CHEMICALS,48201,2,32884113,31407912,6095114,40301197,SO2,-95.119414,29.721503,294995.1357848047,3289806.662212524,0.0,4.219100808501984,0.12136935153458465,297.66040000000004,8.562689389342212,0.014174209295230347,fixed benzene facility-z/h0 source geometry; facility-total point-ready SO2 allocated by existing geometry weights,40.0,12.192,3.0,0.9144,72.0,295.3722222222222,0.1,0.03048,FAC008,8
Q0001662,nonegu,run1_top20_facility_srcgroup_members_2021.csv,ptnonipm/nonegu_norailyard_2021_POINT_20240502_17may2024_v0.csv,2021hb_cb6_21k/inputs/ptnonipm/nonegu_norailyard_2021_POINT_20240502_17may2024_v0.csv,y2024v0csv_4168511_32884613_31438312_6094614,4168511,DEER PARK CHEMICALS,48201,2,32884613,31438312,6094614,40301110,SO2,-95.139253,29.715408,293063.20083200635,3289166.4569286685,0.0,0.030271575307637553,0.0008708114908311007,297.66040000000004,8.562689389342212,0.00010169836265636124,fixed benzene facility-z/h0 source geometry; facility-total point-ready SO2 allocated by existing geometry weights,56.0,17.0688,3.0,0.9144,72.0,295.3722222222222,0.1,0.03048,FAC008,8
Q0001663,nonegu,run1_top20_facility_srcgroup_members_2021.csv,ptnonipm/nonegu_norailyard_2021_POINT_20240502_17may2024_v0.csv,2021hb_cb6_21k/inputs/ptnonipm/nonegu_norailyard_2021_POINT_20240502_17may2024_v0.csv,y2024v0csv_4168511_32884713_31391312_6094514,4168511,DEER PARK CHEMICALS,48201,3,32884713,31391312,6094514,40301109,SO2,-95.138428,29.723391999999997,293159.40681652026,3290049.9490329707,0.0,0.003783946913454694,0.00010885143635388758,297.66040000000004,8.562689389342212,1.2712295332045155e-05,fixed benzene facility-z/h0 source geometry; facility-total point-ready SO2 allocated by existing geometry weights,40.0,12.192,3.0,0.9144,72.0,295.3722222222222,0.1,0.03048,FAC008,8
Q0001664,nonegu,run1_top20_facility_srcgroup_members_2021.csv,ptnonipm/nonegu_norailyard_2021_POINT_20240502_17may2024_v0.csv,2021hb_cb6_21k/inputs/ptnonipm/nonegu_norailyard_2021_POINT_20240502_17may2024_v0.csv,y2024v0csv_4168511_32884913_31391212_6094314,4168511,DEER PARK CHEMICALS,48201,3,32884913,31391212,6094314,40301109,SO2,-95.138322,29.721281,293165.33049477986,3289815.769689163,0.0,0.10595051357673142,0.003047840217908852,297.66040000000004,8.562689389342212,0.0003559442692972643,fixed benzene facility-z/h0 source geometry; facility-total point-ready SO2 allocated by existing geometry weights,40.0,12.192,3.0,0.9144,72.0,295.3722222222222,0.1,0.03048,FAC008,8
Q0001665,nonegu,run1_top20_facility_srcgroup_members_2021.csv,ptnonipm/nonegu_norailyard_2021_POINT_20240502_17may2024_v0.csv,2021hb_cb6_21k/inputs/ptnonipm/nonegu_norailyard_2021_POINT_20240502_17may2024_v0.csv,y2024v0csv_4168511_32885113_31439512_6094114,4168511,DEER PARK CHEMICALS,48201,2,32885113,31439512,6094114,40301109,SO2,-95.139508,29.722246999999996,293052.56755987555,3289924.968748981,0.0,0.07567893826909387,0.0021770287270777514,297.66040000000004,8.562689389342212,0.0002542459066409031,fixed benzene facility-z/h0 source geometry; facility-total point-ready SO2 allocated by existing geometry weights,40.0,12.192,3.0,0.9144,72.0,295.3722222222222,0.1,0.03048,FAC008,8
Q0001666,nonegu,run1_top20_facility_srcgroup_members_2021.csv,ptnonipm/nonegu_norailyard_2021_POINT_20240502_17may2024_v0.csv,2021hb_cb6_21k/inputs/ptnonipm/nonegu_norailyard_2021_POINT_20240502_17may2024_v0.csv,y2024v0csv_4168511_32885613_31475412_6093614,4168511,DEER PARK CHEMICALS,48201,2,32885613,31475412,6093614,40301109,SO2,-95.1345,29.723861,293540.3954833036,3290094.9050508193,0.0,0.05297525678836571,0.001523920108954426,297.66040000000004,8.562689389342212,0.00017797213464863215,fixed benzene facility-z/h0 source geometry; facility-total point-ready SO2 allocated by existing geometry weights,40.0,12.192,3.0,0.9144,72.0,295.3722222222222,0.1,0.03048,FAC008,8
Q0001667,nonegu,run1_top20_facility_srcgroup_members_2021.csv,ptnonipm/nonegu_norailyard_2021_POINT_20240502_17may2024_v0.csv,2021hb_cb6_21k/inputs/ptnonipm/nonegu_norailyard_2021_POINT_20240502_17may2024_v0.csv,y2024v0csv_4168511_32885813_31547212_6093414,4168511,DEER PARK CHEMICALS,48201,2,32885813,31547212,6093414,40301110,SO2,-95.138303,29.715425,293155.15411391866,3289166.639640299,0.0,0.08703077900945796,0.0025035830361394146,297.66040000000004,8.562689389342212,0.00029238279263703857,fixed benzene facility-z/h0 source geometry; facility-total point-ready SO2 allocated by existing geometry weights,56.0,17.0688,3.0,0.9144,72.0,295.3722222222222,0.1,0.03048,FAC008,8
Q0001668,nonegu,run1_top20_facility_srcgroup_members_2021.csv,ptnonipm/nonegu_norailyard_2021_POINT_20240502_17may2024_v0.csv,2021hb_cb6_21k/inputs/ptnonipm/nonegu_norailyard_2021_POINT_20240502_17may2024_v0.csv,y2024v0csv_4168511_32885913_31531812_6093314,4168511,DEER PARK CHEMICALS,48201,2,32885913,31531812,6093314,40301110,SO2,-95.137364,29.715442,293246.04301815084,3289166.84279766,0.0,0.09081472592291265,0.0026124344724933017,297.66040000000004,8.562689389342212,0.0003050950879690837,fixed benzene facility-z/h0 source geometry; facility-total point-ready SO2 allocated by existing geometry weights,56.0,17.0688,3.0,0.9144,72.0,295.3722222222222,0.1,0.03048,FAC008,8
Q0001669,nonegu,run1_top20_facility_srcgroup_members_2021.csv,ptnonipm/nonegu_norailyard_2021_POINT_20240502_17may2024_v0.csv,2021hb_cb6_21k/inputs/ptnonipm/nonegu_norailyard_2021_POINT_20240502_17may2024_v0.csv,y2024v0csv_4168511_32886013_31531712_6093214,4168511,DEER PARK CHEMICALS,48201,2,32886013,31531712,6093214,40301110,SO2,-95.141169,29.713781,292874.47365085286,3288989.5496426346,0.0,0.041623416048001634,0.0011973657998927633,297.66040000000004,8.562689389342212,0.0001398352486524967,fixed benzene facility-z/h0 source geometry; facility-total point-ready SO2 allocated by existing geometry weights,56.0,17.0688,3.0,0.9144,72.0,295.3722222222222,0.1,0.03048,FAC008,8
Q0001670,nonegu,run1_top20_facility_srcgroup_members_2021.csv,ptnonipm/nonegu_norailyard_2021_POINT_20240502_17may2024_v0.csv,2021hb_cb6_21k/inputs/ptnonipm/nonegu_norailyard_2021_POINT_20240502_17may2024_v0.csv,y2024v0csv_4168511_32886113_31390912_6093114,4168511,DEER PARK CHEMICALS,48201,2,32886113,31390912,6093114,40301110,SO2,-95.141097,29.712803000000005,292879.43135900307,3288881.016154576,0.0,0.09838261974982204,0.002830137345201077,297.66040000000004,8.562689389342212,0.000330519678633174,fixed benzene facility-z/h0 source geometry; facility-total point-ready SO2 allocated by existing geometry weights,56.0,17.0688,3.3,1.00584,72.0,295.3722222222222,0.1,0.03048,FAC008,8
Q0001671,nonegu,run1_top20_facility_srcgroup_members_2021.csv,ptnonipm/nonegu_norailyard_2021_POINT_20240502_17may2024_v0.csv,2021hb_cb6_21k/inputs/ptnonipm/nonegu_norailyard_2021_POINT_20240502_17may2024_v0.csv,y2024v0csv_4168511_32887113_31464712_6725314,4168511,DEER PARK CHEMICALS,48201,2,32887113,31464712,6725314,30600106,SO2,-95.118744,29.725222,295067.51955774036,3290217.695382634,0.0,0.041623416048001634,0.0011973657998927633,297.66040000000004,8.562689389342212,0.0001398352486524967,fixed benzene facility-z/h0 source geometry; facility-total point-ready SO2 allocated by existing geometry weights,160.0,48.768,9.0,2.7432000000000003,622.0,600.9277777777777,8.6,2.62128,FAC008,8
Q0001672,nonegu,run1_top20_facility_srcgroup_members_2021.csv,ptnonipm/nonegu_norailyard_2021_POINT_20240502_17may2024_v0.csv,2021hb_cb6_21k/inputs/ptnonipm/nonegu_norailyard_2021_POINT_20240502_17may2024_v0.csv,y2024v0csv_4168511_32890013_31541012_6540514,4168511,DEER PARK CHEMICALS,48201,2,32890013,31541012,6540514,30190004,SO2,-95.133411,29.714722,293627.04610703513,3289079.9667943255,0.0,0.07567893826909387,0.0021770287270777514,297.66040000000004,8.562689389342212,0.0002542459066409031,fixed benzene facility-z/h0 source geometry; facility-total point-ready SO2 allocated by existing geometry weights,150.0,45.72,7.0,2.1336,460.0,510.92777777777775,6.0,1.8288,FAC008,8
Q0001673,nonegu,run1_top20_facility_srcgroup_members_2021.csv,ptnonipm/nonegu_norailyard_2021_POINT_20240502_17may2024_v0.csv,2021hb_cb6_21k/inputs/ptnonipm/nonegu_norailyard_2021_POINT_20240502_17may2024_v0.csv,y2024v0csv_4168511_32892813_31420512_6536914,4168511,DEER PARK CHEMICALS,48201,3,32892813,31420512,6536914,40301199,SO2,-95.132758,29.719242,293699.4773467174,3289579.8091830504,0.0,0.011351840740364081,0.0003265543090616627,297.66040000000004,8.562689389342212,3.813688599613546e-05,fixed benzene facility-z/h0 source geometry; facility-total point-ready SO2 allocated by existing geometry weights,40.0,12.192,3.0,0.9144,90.0,305.3722222222222,0.1,0.03048,FAC008,8
Q0001674,nonegu,run1_top20_facility_srcgroup_members_2021.csv,ptnonipm/nonegu_norailyard_2021_POINT_20240502_17may2024_v0.csv,2021hb_cb6_21k/inputs/ptnonipm/nonegu_norailyard_2021_POINT_20240502_17may2024_v0.csv,y2024v0csv_4168511_32898213_31463912_6710914,4168511,DEER PARK CHEMICALS,48201,3,32898213,31463912,6710914,40301199,SO2,-95.128322,29.729833000000003,294150.3022676763,3290745.827752412,0.0,0.16649366419200654,0.004789463199571053,297.66040000000004,8.562689389342212,0.0005593409946099868,fixed benzene facility-z/h0 source geometry; facility-total point-ready SO2 allocated by existing geometry weights,48.0,14.630400000000002,3.0,0.9144,72.0,295.3722222222222,0.1,0.03048,FAC008,8
Q0001675,nonegu,run1_top20_facility_srcgroup_members_2021.csv,ptnonipm/nonegu_norailyard_2021_POINT_20240502_17may2024_v0.csv,2021hb_cb6_21k/inputs/ptnonipm/nonegu_norailyard_2021_POINT_20240502_17may2024_v0.csv,y2024v0csv_4168511_32900813_31380212_6707814,4168511,DEER PARK CHEMICALS,48201,2,32900813,31380212,6707814,30199998,SO2,-95.122675,29.727683000000003,294692.2236981243,3290497.461575288,0.0,0.003783946913454694,0.00010885143635388758,297.66040000000004,8.562689389342212,1.2712295332045155e-05,fixed benzene facility-z/h0 source geometry; facility-total point-ready SO2 allocated by existing geometry weights,20.0,6.096,0.1,0.03048,72.0,295.3722222222222,0.1,0.03048,FAC008,8
Q0001676,nonegu,run1_top20_facility_srcgroup_members_2021.csv,ptnonipm/nonegu_norailyard_2021_POINT_20240502_17may2024_v0.csv,2021hb_cb6_21k/inputs/ptnonipm/nonegu_norailyard_2021_POINT_20240502_17may2024_v0.csv,y2024v0csv_4168511_32905113_31455712_6531514,4168511,DEER PARK CHEMICALS,48201,2,32905113,31455712,6531514,30699999,SO2,-95.120131,29.726156,294935.2330147313,3290323.684482398,0.0,0.011351840740364081,0.0003265543090616627,297.66040000000004,8.562689389342212,3.813688599613546e-05,fixed benzene facility-z/h0 source geometry; facility-total point-ready SO2 allocated by existing geometry weights,15.0,4.572,0.1,0.03048,72.0,295.3722222222222,0.1,0.03048,FAC008,8
Q0001677,nonegu,run1_top20_facility_srcgroup_members_2021.csv,ptnonipm/nonegu_norailyard_2021_POINT_20240502_17may2024_v0.csv,2021hb_cb6_21k/inputs/ptnonipm/nonegu_norailyard_2021_POINT_20240502_17may2024_v0.csv,y2024v0csv_4168511_32909013_31543412_6526914,4168511,DEER PARK CHEMICALS,48201,2,32909013,31543412,6526914,40301117,SO2,-95.138606,29.725461,293146.43189857225,3290279.6020394084,0.0,0.08324683209600327,0.0023947315997855266,297.66040000000004,8.562689389342212,0.0002796704973049934,fixed benzene facility-z/h0 source geometry; facility-total point-ready SO2 allocated by existing geometry weights,56.0,17.0688,3.0,0.9144,72.0,295.3722222222222,0.1,0.03048,FAC008,8
Q0001678,nonegu,run1_top20_facility_srcgroup_members_2021.csv,ptnonipm/nonegu_norailyard_2021_POINT_20240502_17may2024_v0.csv,2021hb_cb6_21k/inputs/ptnonipm/nonegu_norailyard_2021_POINT_20240502_17may2024_v0.csv,y2024v0csv_4168511_32909113_31488112_6526814,4168511,DEER PARK CHEMICALS,48201,2,32909113,31488112,6526814,30699999,SO2,-95.1206,29.726258,294890.0670572215,3290335.823405637,0.0,0.030271575307637553,0.0008708114908311007,297.66040000000004,8.562689389342212,0.00010169836265636124,fixed benzene facility-z/h0 source geometry; facility-total point-ready SO2 allocated by existing geometry weights,15.0,4.572,0.1,0.03048,72.0,295.3722222222222,0.1,0.03048,FAC008,8
Q0001679,nonegu,run1_top20_facility_srcgroup_members_2021.csv,ptnonipm/nonegu_norailyard_2021_POINT_20240502_17may2024_v0.csv,2021hb_cb6_21k/inputs/ptnonipm/nonegu_norailyard_2021_POINT_20240502_17may2024_v0.csv,y2024v0csv_4168511_32909213_31488112_6526714,4168511,DEER PARK CHEMICALS,48201,2,32909213,31488112,6526714,30699999,SO2,-95.1206,29.726258,294890.0670572215,3290335.823405637,0.0,0.03783946913454694,0.0010885143635388757,297.66040000000004,8.562689389342212,0.00012712295332045154,fixed benzene facility-z/h0 source geometry; facility-total point-ready SO2 allocated by existing geometry weights,15.0,4.572,0.1,0.03048,72.0,295.3722222222222,0.1,0.03048,FAC008,8
Q0001680,nonegu,run1_top20_facility_srcgroup_members_2021.csv,ptnonipm/nonegu_norailyard_2021_POINT_20240502_17may2024_v0.csv,2021hb_cb6_21k/inputs/ptnonipm/nonegu_norailyard_2021_POINT_20240502_17may2024_v0.csv,y2024v0csv_4168511_32911613_31458312_6390114,4168511,DEER PARK CHEMICALS,48201,2,32911613,31458312,6390114,30600106,SO2,-95.121958,29.725561,294757.26763758354,3290260.979270986,0.0,1.4227640394589651,0.04092814006906174,297.66040000000004,8.562689389342212,0.004779823044848979,fixed benzene facility-z/h0 source geometry; facility-total point-ready SO2 allocated by existing geometry weights,150.0,45.72,11.0,3.3528,424.0,490.92777777777775,10.0,3.048,FAC008,8
Q0001681,nonegu,run1_top20_facility_srcgroup_members_2021.csv,ptnonipm/nonegu_norailyard_2021_POINT_20240502_17may2024_v0.csv,2021hb_cb6_21k/inputs/ptnonipm/nonegu_norailyard_2021_POINT_20240502_17may2024_v0.csv,y2024v0csv_4168511_32911713_96201212_138945714,4168511,DEER PARK CHEMICALS,48201,3,32911713,96201212,138945714,30600106,SO2,-95.120378,29.726117,294911.25756496284,3290319.800310403,0.0,0.04919130987491102,0.0014150686726005384,297.66040000000004,8.562689389342212,0.000165259839316587,fixed benzene facility-z/h0 source geometry; facility-total point-ready SO2 allocated by existing geometry weights,1.0,0.3048,0.1,0.03048,30.0,272.0388888888889,0.1,0.03048,FAC008,8
Q0001682,nonegu,run1_top20_facility_srcgroup_members_2021.csv,ptnonipm/nonegu_norailyard_2021_POINT_20240502_17may2024_v0.csv,2021hb_cb6_21k/inputs/ptnonipm/nonegu_norailyard_2021_POINT_20240502_17may2024_v0.csv,y2024v0csv_4168511_32911813_96201212_138945814,4168511,DEER PARK CHEMICALS,48201,3,32911813,96201212,138945814,30600106,SO2,-95.120378,29.726117,294911.25756496284,3290319.800310403,0.0,0.045407362961456324,0.0013062172362466509,297.66040000000004,8.562689389342212,0.00015254754398454185,fixed benzene facility-z/h0 source geometry; facility-total point-ready SO2 allocated by existing geometry weights,1.0,0.3048,0.1,0.03048,30.0,272.0388888888889,0.1,0.03048,FAC008,8
Q0001683,nonegu,run1_top20_facility_srcgroup_members_2021.csv,ptnonipm/nonegu_norailyard_2021_POINT_20240502_17may2024_v0.csv,2021hb_cb6_21k/inputs/ptnonipm/nonegu_norailyard_2021_POINT_20240502_17may2024_v0.csv,y2024v0csv_4168511_32911913_96201212_138945914,4168511,DEER PARK CHEMICALS,48201,3,32911913,96201212,138945914,30600106,SO2,-95.120378,29.726117,294911.25756496284,3290319.800310403,0.0,0.015135787653818776,0.00043540574541555034,297.66040000000004,8.562689389342212,5.084918132818062e-05,fixed benzene facility-z/h0 source geometry; facility-total point-ready SO2 allocated by existing geometry weights,1.0,0.3048,0.1,0.03048,30.0,272.0388888888889,0.1,0.03048,FAC008,8
Q0001684,nonegu,run1_top20_facility_srcgroup_members_2021.csv,ptnonipm/nonegu_norailyard_2021_POINT_20240502_17may2024_v0.csv,2021hb_cb6_21k/inputs/ptnonipm/nonegu_norailyard_2021_POINT_20240502_17may2024_v0.csv,y2024v0csv_4168511_32912013_31502212_6389714,4168511,DEER PARK CHEMICALS,48201,2,32912013,31502212,6389714,30600106,SO2,-95.120497,29.724781,294897.0260949524,3290171.926301108,0.0,0.030271575307637553,0.0008708114908311007,297.66040000000004,8.562689389342212,0.00010169836265636124,fixed benzene facility-z/h0 source geometry; facility-total point-ready SO2 allocated by existing geometry weights,140.0,42.672,8.0,2.4384,415.0,485.92777777777775,8.6,2.62128,FAC008,8
Q0001685,nonegu,run1_top20_facility_srcgroup_members_2021.csv,ptnonipm/nonegu_norailyard_2021_POINT_20240502_17may2024_v0.csv,2021hb_cb6_21k/inputs/ptnonipm/nonegu_norailyard_2021_POINT_20240502_17may2024_v0.csv,y2024v0csv_4168511_32913613_31536412_6387814,4168511,DEER PARK CHEMICALS,48201,2,32913613,31536412,6387814,30600106,SO2,-95.126675,29.7257,294301.2004777242,3290284.7799017807,0.0,0.011351840740364081,0.0003265543090616627,297.66040000000004,8.562689389342212,3.813688599613546e-05,fixed benzene facility-z/h0 source geometry; facility-total point-ready SO2 allocated by existing geometry weights,150.0,45.72,6.0,1.8288,574.0,574.2611111111111,8.6,2.62128,FAC008,8
Q0001686,nonegu,run1_top20_facility_srcgroup_members_2021.csv,ptnonipm/nonegu_norailyard_2021_POINT_20240502_17may2024_v0.csv,2021hb_cb6_21k/inputs/ptnonipm/nonegu_norailyard_2021_POINT_20240502_17may2024_v0.csv,y2024v0csv_4168511_32914013_31397412_6387114,4168511,DEER PARK CHEMICALS,48201,2,32914013,31397412,6387114,30600106,SO2,-95.118753,29.725392,295066.9945078924,3290236.5545429583,0.0,0.003783946913454694,0.00010885143635388758,297.66040000000004,8.562689389342212,1.2712295332045155e-05,fixed benzene facility-z/h0 source geometry; facility-total point-ready SO2 allocated by existing geometry weights,150.0,45.72,7.0,2.1336,455.0,508.15,50.9,15.51432,FAC008,8
Q0001687,nonegu,run1_top20_facility_srcgroup_members_2021.csv,ptnonipm/nonegu_norailyard_2021_POINT_20240502_17may2024_v0.csv,2021hb_cb6_21k/inputs/ptnonipm/nonegu_norailyard_2021_POINT_20240502_17may2024_v0.csv,y2024v0csv_4168511_32914213_31397312_6386814,4168511,DEER PARK CHEMICALS,48201,2,32914213,31397312,6386814,30600106,SO2,-95.118739,29.724869,295067.28553486813,3290178.559185419,0.0,0.007567893826909388,0.00021770287270777517,297.66040000000004,8.562689389342212,2.542459066409031e-05,fixed benzene facility-z/h0 source geometry; facility-total point-ready SO2 allocated by existing geometry weights,150.0,45.72,7.0,2.1336,467.0,514.8166666666666,8.6,2.62128,FAC008,8
Q0001688,nonegu,run1_top20_facility_srcgroup_members_2021.csv,ptnonipm/nonegu_norailyard_2021_POINT_20240502_17may2024_v0.csv,2021hb_cb6_21k/inputs/ptnonipm/nonegu_norailyard_2021_POINT_20240502_17may2024_v0.csv,y2024v0csv_4168511_32914313_31409312_6386714,4168511,DEER PARK CHEMICALS,48201,2,32914313,31409312,6386714,30600106,SO2,-95.121344,29.72355,294812.57569269696,3290036.984086158,0.0,0.015135787653818776,0.00043540574541555034,297.66040000000004,8.562689389342212,5.084918132818062e-05,fixed benzene facility-z/h0 source geometry; facility-total point-ready SO2 allocated by existing geometry weights,100.0,30.48,5.0,1.524,550.0,560.9277777777777,8.6,2.62128,FAC008,8
Q0001689,nonegu,run1_top20_facility_srcgroup_members_2021.csv,ptnonipm/nonegu_norailyard_2021_POINT_20240502_17may2024_v0.csv,2021hb_cb6_21k/inputs/ptnonipm/nonegu_norailyard_2021_POINT_20240502_17may2024_v0.csv,y2024v0csv_4168511_32914413_31458512_6386614,4168511,DEER PARK CHEMICALS,48201,2,32914413,31458512,6386614,30600106,SO2,-95.121122,29.723585999999997,294834.1269883665,3290040.579970476,0.0,0.011351840740364081,0.0003265543090616627,297.66040000000004,8.562689389342212,3.813688599613546e-05,fixed benzene facility-z/h0 source geometry; facility-total point-ready SO2 allocated by existing geometry weights,133.0,40.5384,5.0,1.524,600.0,588.7055555555555,0.1,0.03048,FAC008,8
Q0001690,nonegu,run1_top20_facility_srcgroup_members_2021.csv,ptnonipm/nonegu_norailyard_2021_POINT_20240502_17may2024_v0.csv,2021hb_cb6_21k/inputs/ptnonipm/nonegu_norailyard_2021_POINT_20240502_17may2024_v0.csv,y2024v0csv_4168511_32917813_31538912_6383014,4168511,DEER PARK CHEMICALS,48201,2,32917813,31538912,6383014,30600106,SO2,-95.126683,29.727521999999997,294304.1452676613,3290486.74935284,0.0,0.022703681480728162,0.0006531086181233254,297.66040000000004,8.562689389342212,7.627377199227092e-05,fixed benzene facility-z/h0 source geometry; facility-total point-ready SO2 allocated by existing geometry weights,150.0,45.72,8.0,2.4384,392.0,473.15,8.6,2.62128,FAC008,8
Q0001691,nonegu,run1_top20_facility_srcgroup_members_2021.csv,ptnonipm/nonegu_norailyard_2021_POINT_20240502_17may2024_v0.csv,2021hb_cb6_21k/inputs/ptnonipm/nonegu_norailyard_2021_POINT_20240502_17may2024_v0.csv,y2024v0csv_4168511_32919413_31451312_6381314,4168511,DEER PARK CHEMICALS,48201,2,32919413,31451312,6381314,38500101,SO2,-95.12785,29.724489,294185.05104959593,3290152.6432252517,0.0,0.29893180616292087,0.00859926347195712,297.66040000000004,8.562689389342212,0.0010042713312315673,fixed benzene facility-z/h0 source geometry; facility-total point-ready SO2 allocated by existing geometry weights,53.0,16.154400000000003,8.0,2.4384,100.0,310.92777777777775,15.0,4.572,FAC008,8
Q0001692,nonegu,run1_top20_facility_srcgroup_members_2021.csv,ptnonipm/nonegu_norailyard_2021_POINT_20240502_17may2024_v0.csv,2021hb_cb6_21k/inputs/ptnonipm/nonegu_norailyard_2021_POINT_20240502_17may2024_v0.csv,y2024v0csv_4168511_32921313_31405212_6704614,4168511,DEER PARK CHEMICALS,48201,2,32921313,31405212,6704614,38500101,SO2,-95.124989,29.726781,294466.5186486162,3290401.59841858,0.0,0.20433313332655348,0.00587797756310993,297.66040000000004,8.562689389342212,0.0006864639479304384,fixed benzene facility-z/h0 source geometry; facility-total point-ready SO2 allocated by existing geometry weights,47.0,14.3256,8.0,2.4384,100.0,310.92777777777775,15.0,4.572,FAC008,8
Q0001693,nonegu,run1_top20_facility_srcgroup_members_2021.csv,ptnonipm/nonegu_norailyard_2021_POINT_20240502_17may2024_v0.csv,2021hb_cb6_21k/inputs/ptnonipm/nonegu_norailyard_2021_POINT_20240502_17may2024_v0.csv,y2024v0csv_4168511_32922813_31474612_6703114,4168511,DEER PARK CHEMICALS,48201,2,32922813,31474612,6703114,30600106,SO2,-95.126683,29.7277,294304.508582228,3290506.4793365137,0.0,0.045407362961456324,0.0013062172362466509,297.66040000000004,8.562689389342212,0.00015254754398454185,fixed benzene facility-z/h0 source geometry; facility-total point-ready SO2 allocated by existing geometry weights,150.0,45.72,8.0,2.4384,458.0,509.8166666666666,8.6,2.62128,FAC008,8
Q0001694,nonegu,run1_top20_facility_srcgroup_members_2021.csv,ptnonipm/nonegu_norailyard_2021_POINT_20240502_17may2024_v0.csv,2021hb_cb6_21k/inputs/ptnonipm/nonegu_norailyard_2021_POINT_20240502_17may2024_v0.csv,y2024v0csv_4168511_32922913_31579912_97887814,4168511,DEER PARK CHEMICALS,48201,2,32922913,31579912,97887814,30600106,SO2,-95.136033,29.726931,293398.3741526185,3290437.9346419736,0.0,0.034055522221092246,0.0009796629271849884,297.66040000000004,8.562689389342212,0.00011441065798840639,fixed benzene facility-z/h0 source geometry; facility-total point-ready SO2 allocated by existing geometry weights,265.0,80.772,14.0,4.2672,300.0,422.0388888888889,0.1,0.03048,FAC008,8
Q0001695,nonegu,run1_top20_facility_srcgroup_members_2021.csv,ptnonipm/nonegu_norailyard_2021_POINT_20240502_17may2024_v0.csv,2021hb_cb6_21k/inputs/ptnonipm/nonegu_norailyard_2021_POINT_20240502_17may2024_v0.csv,y2024v0csv_4168511_32923313_31474512_6702614,4168511,DEER PARK CHEMICALS,48201,2,32923313,31474512,6702614,38500101,SO2,-95.126514,29.720133,294305.41634954954,3289667.4327376615,0.0,0.4389378419607445,0.01262676661705096,297.66040000000004,8.562689389342212,0.001474626258517238,fixed benzene facility-z/h0 source geometry; facility-total point-ready SO2 allocated by existing geometry weights,47.0,14.3256,8.0,2.4384,79.0,299.26111111111106,15.0,4.572,FAC008,8
Q0001696,nonegu,run1_top20_facility_srcgroup_members_2021.csv,ptnonipm/nonegu_norailyard_2021_POINT_20240502_17may2024_v0.csv,2021hb_cb6_21k/inputs/ptnonipm/nonegu_norailyard_2021_POINT_20240502_17may2024_v0.csv,y2024v0csv_4168511_32924213_31474412_6701614,4168511,DEER PARK CHEMICALS,48201,2,32924213,31474412,6701614,38500101,SO2,-95.132469,29.725906,293741.07557357615,3290317.949040262,0.0,0.32163548764364897,0.009252372090080445,297.66040000000004,8.562689389342212,0.0010805451032238381,fixed benzene facility-z/h0 source geometry; facility-total point-ready SO2 allocated by existing geometry weights,51.0,15.5448,14.0,4.2672,100.0,310.92777777777775,15.0,4.572,FAC008,8
Q0001697,nonegu,run1_top20_facility_srcgroup_members_2021.csv,ptnonipm/nonegu_norailyard_2021_POINT_20240502_17may2024_v0.csv,2021hb_cb6_21k/inputs/ptnonipm/nonegu_norailyard_2021_POINT_20240502_17may2024_v0.csv,y2024v0csv_4168511_32925213_31537112_6700514,4168511,DEER PARK CHEMICALS,48201,2,32925213,31537112,6700514,30600106,SO2,-95.119322,29.725992,295013.16637924616,3290304.069892153,0.0,0.034055522221092246,0.0009796629271849884,297.66040000000004,8.562689389342212,0.00011441065798840639,fixed benzene facility-z/h0 source geometry; facility-total point-ready SO2 allocated by existing geometry weights,265.0,80.772,10.0,3.048,300.0,422.0388888888889,25.0,7.62,FAC008,8
Q0001698,nonegu,run1_top20_facility_srcgroup_members_2021.csv,ptnonipm/nonegu_norailyard_2021_POINT_20240502_17may2024_v0.csv,2021hb_cb6_21k/inputs/ptnonipm/nonegu_norailyard_2021_POINT_20240502_17may2024_v0.csv,y2024v0csv_4168511_32928413_31530412_6378214,4168511,DEER PARK CHEMICALS,48201,3,32928413,31530412,6378214,40301150,SO2,-95.115953,29.726458,295340.0478195895,3290349.7463212996,0.0,0.4654254703549274,0.013388726671528173,297.66040000000004,8.562689389342212,0.001563612325841554,fixed benzene facility-z/h0 source geometry; facility-total point-ready SO2 allocated by existing geometry weights,48.0,14.630400000000002,3.0,0.9144,72.0,295.3722222222222,0.1,0.03048,FAC008,8
Q0001699,nonegu,run1_top20_facility_srcgroup_members_2021.csv,ptnonipm/nonegu_norailyard_2021_POINT_20240502_17may2024_v0.csv,2021hb_cb6_21k/inputs/ptnonipm/nonegu_norailyard_2021_POINT_20240502_17may2024_v0.csv,y2024v0csv_4168511_32928613_31408312_6378014,4168511,DEER PARK CHEMICALS,48201,2,32928613,31408312,6378014,40301197,SO2,-95.119172,29.722246999999996,295020.0621551601,3289888.6992807393,0.0,3.4774472134648633,0.10003447000922268,297.66040000000004,8.562689389342212,0.011682599410149496,fixed benzene facility-z/h0 source geometry; facility-total point-ready SO2 allocated by existing geometry weights,40.0,12.192,3.0,0.9144,72.0,295.3722222222222,0.1,0.03048,FAC008,8
Q0001700,nonegu,run1_top20_facility_srcgroup_members_2021.csv,ptnonipm/nonegu_norailyard_2021_POINT_20240502_17may2024_v0.csv,2021hb_cb6_21k/inputs/ptnonipm/nonegu_norailyard_2021_POINT_20240502_17may2024_v0.csv,y2024v0csv_4168511_32928713_31443212_6377914,4168511,DEER PARK CHEMICALS,48201,2,32928713,31443212,6377914,40301197,SO2,-95.119275,29.721806,295009.2001787395,3289840.000674826,0.0,2.6903862554662874,0.07739337124761407,297.66040000000004,8.562689389342212,0.009038441981084104,fixed benzene facility-z/h0 source geometry; facility-total point-ready SO2 allocated by existing geometry weights,40.0,12.192,3.0,0.9144,72.0,295.3722222222222,0.1,0.03048,FAC008,8
Q0001701,nonegu,run1_top20_facility_srcgroup_members_2021.csv,ptnonipm/nonegu_norailyard_2021_POINT_20240502_17may2024_v0.csv,2021hb_cb6_21k/inputs/ptnonipm/nonegu_norailyard_2021_POINT_20240502_17may2024_v0.csv,y2024v0csv_4168511_32929513_31498812_6676314,4168511,DEER PARK CHEMICALS,48201,2,32929513,31498812,6676314,30119701,SO2,-95.135569,29.718167,293425.3036397221,3289465.6776806926,0.0,0.07189499135563919,0.0020681772907238643,297.66040000000004,8.562689389342212,0.00024153361130885794,fixed benzene facility-z/h0 source geometry; facility-total point-ready SO2 allocated by existing geometry weights,56.0,17.0688,3.0,0.9144,72.0,295.3722222222222,0.1,0.03048,FAC008,8
Q0001702,nonegu,run1_top20_facility_srcgroup_members_2021.csv,ptnonipm/nonegu_norailyard_2021_POINT_20240502_17may2024_v0.csv,2021hb_cb6_21k/inputs/ptnonipm/nonegu_norailyard_2021_POINT_20240502_17may2024_v0.csv,y2024v0csv_4168511_32930513_31540012_6675314,4168511,DEER PARK CHEMICALS,48201,2,32930513,31540012,6675314,38500101,SO2,-95.121506,29.721171999999996,294792.0614391755,3289773.6888647466,0.0,0.283796018509102,0.008163857726541568,297.66040000000004,8.562689389342212,0.0009534221499033866,fixed benzene facility-z/h0 source geometry; facility-total point-ready SO2 allocated by existing geometry weights,45.0,13.716,14.0,4.2672,100.0,310.92777777777775,15.0,4.572,FAC008,8
Q0001703,nonegu,run1_top20_facility_srcgroup_members_2021.csv,ptnonipm/nonegu_norailyard_2021_POINT_20240502_17may2024_v0.csv,2021hb_cb6_21k/inputs/ptnonipm/nonegu_norailyard_2021_POINT_20240502_17may2024_v0.csv,y2024v0csv_4168511_32930713_31388312_6675114,4168511,DEER PARK CHEMICALS,48201,2,32930713,31388312,6675114,38500101,SO2,-95.121336,29.726939,294820.2490185461,3290412.6146783847,0.0,0.7719251703447576,0.02220569301619307,297.66040000000004,8.562689389342212,0.0025933082477372117,fixed benzene facility-z/h0 source geometry; facility-total point-ready SO2 allocated by existing geometry weights,51.0,15.5448,14.0,4.2672,100.0,310.92777777777775,15.0,4.572,FAC008,8
Q0001704,nonegu,run1_top20_facility_srcgroup_members_2021.csv,ptnonipm/nonegu_norailyard_2021_POINT_20240502_17may2024_v0.csv,2021hb_cb6_21k/inputs/ptnonipm/nonegu_norailyard_2021_POINT_20240502_17may2024_v0.csv,y2024v0csv_4168511_32933413_31530912_6672314,4168511,DEER PARK CHEMICALS,48201,2,32933413,31530912,6672314,40301197,SO2,-95.1225,29.721778000000004,294697.12603454886,3289842.625988176,0.0,5.180223324519476,0.1490176163684721,297.66040000000004,8.562689389342212,0.017403132309569816,fixed benzene facility-z/h0 source geometry; facility-total point-ready SO2 allocated by existing geometry weights,30.0,9.144,3.0,0.9144,84.0,302.0388888888889,0.1,0.03048,FAC008,8
Q0001705,nonegu,run1_top20_facility_srcgroup_members_2021.csv,ptnonipm/nonegu_norailyard_2021_POINT_20240502_17may2024_v0.csv,2021hb_cb6_21k/inputs/ptnonipm/nonegu_norailyard_2021_POINT_20240502_17may2024_v0.csv,y2024v0csv_4168511_32937513_31522212_6667714,4168511,DEER PARK CHEMICALS,48201,3,32937513,31522212,6667714,40301141,SO2,-95.128039,29.713011,294143.32958788483,3288880.729580886,0.0,4.366674738126717,0.12561455755238626,297.66040000000004,8.562689389342212,0.014669988813180108,fixed benzene facility-z/h0 source geometry; facility-total point-ready SO2 allocated by existing geometry weights,40.0,12.192,3.0,0.9144,72.0,295.3722222222222,0.1,0.03048,FAC008,8
Q0001706,nonegu,run1_top20_facility_srcgroup_members_2021.csv,ptnonipm/nonegu_norailyard_2021_POINT_20240502_17may2024_v0.csv,2021hb_cb6_21k/inputs/ptnonipm/nonegu_norailyard_2021_POINT_20240502_17may2024_v0.csv,y2024v0csv_4168511_32937613_31542312_6667614,4168511,DEER PARK CHEMICALS,48201,3,32937613,31542312,6667614,40301151,SO2,-95.132711,29.712956,293691.16251564317,3288882.968265084,0.0,33.71496699888132,0.9698662979131383,297.66040000000004,8.562689389342212,0.11326655140852232,fixed benzene facility-z/h0 source geometry; facility-total point-ready SO2 allocated by existing geometry weights,41.0,12.4968,3.0,0.9144,72.0,295.3722222222222,0.1,0.03048,FAC008,8
Q0001707,nonegu,run1_top20_facility_srcgroup_members_2021.csv,ptnonipm/nonegu_norailyard_2021_POINT_20240502_17may2024_v0.csv,2021hb_cb6_21k/inputs/ptnonipm/nonegu_norailyard_2021_POINT_20240502_17may2024_v0.csv,y2024v0csv_4168511_32941013_31493912_6492414,4168511,DEER PARK CHEMICALS,48201,2,32941013,31493912,6492414,30699999,SO2,-95.12005,29.72615,294943.05717520195,3290322.8755809623,0.0,0.09459867283636736,0.0027212859088471897,297.66040000000004,8.562689389342212,0.0003178073833011289,fixed benzene facility-z/h0 source geometry; facility-total point-ready SO2 allocated by existing geometry weights,70.0,21.336,1.0,0.3048,115.0,319.26111111111106,54.0,16.4592,FAC008,8
Q0001708,nonegu,run1_top20_facility_srcgroup_members_2021.csv,ptnonipm/nonegu_norailyard_2021_POINT_20240502_17may2024_v0.csv,2021hb_cb6_21k/inputs/ptnonipm/nonegu_norailyard_2021_POINT_20240502_17may2024_v0.csv,y2024v0csv_4168511_32941213_31578912_6492214,4168511,DEER PARK CHEMICALS,48201,2,32941213,31578912,6492214,38500101,SO2,-95.117756,29.725664,295164.00304019084,3290264.934631874,0.0,0.6621907098545715,0.01904900136193033,297.66040000000004,8.562689389342212,0.002224651683107902,fixed benzene facility-z/h0 source geometry; facility-total point-ready SO2 allocated by existing geometry weights,55.0,16.764,8.0,2.4384,100.0,310.92777777777775,15.0,4.572,FAC008,8
Q0001709,nonegu,run1_top20_facility_srcgroup_members_2021.csv,ptnonipm/nonegu_norailyard_2021_POINT_20240502_17may2024_v0.csv,2021hb_cb6_21k/inputs/ptnonipm/nonegu_norailyard_2021_POINT_20240502_17may2024_v0.csv,y2024v0csv_4168511_32941913_31434312_6684914,4168511,DEER PARK CHEMICALS,48201,3,32941913,31434312,6684914,40301150,SO2,-95.131217,29.71315,293836.11613675044,3288901.8043801785,0.0,3.7801629665412397,0.1087425849175337,297.66040000000004,8.562689389342212,0.01269958303671311,fixed benzene facility-z/h0 source geometry; facility-total point-ready SO2 allocated by existing geometry weights,56.0,17.0688,3.0,0.9144,72.0,295.3722222222222,0.1,0.03048,FAC008,8
Q0001710,nonegu,run1_top20_facility_srcgroup_members_2021.csv,ptnonipm/nonegu_norailyard_2021_POINT_20240502_17may2024_v0.csv,2021hb_cb6_21k/inputs/ptnonipm/nonegu_norailyard_2021_POINT_20240502_17may2024_v0.csv,y2024v0csv_4168511_32945113_31457712_6681014,4168511,DEER PARK CHEMICALS,48201,3,32945113,31457712,6681014,40301150,SO2,-95.128544,29.713396999999997,294095.2549092222,3288924.414829371,0.0,1.5930416505644263,0.045826454704986676,297.66040000000004,8.562689389342212,0.00535187633479101,fixed benzene facility-z/h0 source geometry; facility-total point-ready SO2 allocated by existing geometry weights,44.0,13.4112,3.0,0.9144,72.0,295.3722222222222,0.1,0.03048,FAC008,8
Q0001711,nonegu,run1_top20_facility_srcgroup_members_2021.csv,ptnonipm/nonegu_norailyard_2021_POINT_20240502_17may2024_v0.csv,2021hb_cb6_21k/inputs/ptnonipm/nonegu_norailyard_2021_POINT_20240502_17may2024_v0.csv,y2024v0csv_4168511_32948813_96201212_138946014,4168511,DEER PARK CHEMICALS,48201,3,32948813,96201212,138946014,30600106,SO2,-95.120378,29.726117,294911.25756496284,3290319.800310403,0.0,0.026487628394182856,0.000761960054477213,297.66040000000004,8.562689389342212,8.898606732431608e-05,fixed benzene facility-z/h0 source geometry; facility-total point-ready SO2 allocated by existing geometry weights,1.0,0.3048,0.1,0.03048,30.0,272.0388888888889,0.1,0.03048,FAC008,8
Q0001712,nonegu,run1_top20_facility_srcgroup_members_2021.csv,ptnonipm/nonegu_norailyard_2021_POINT_20240502_17may2024_v0.csv,2021hb_cb6_21k/inputs/ptnonipm/nonegu_norailyard_2021_POINT_20240502_17may2024_v0.csv,y2024v0csv_4168511_32948913_96201212_138946114,4168511,DEER PARK CHEMICALS,48201,3,32948913,96201212,138946114,30600106,SO2,-95.120378,29.726117,294911.25756496284,3290319.800310403,0.0,0.015135787653818776,0.00043540574541555034,297.66040000000004,8.562689389342212,5.084918132818062e-05,fixed benzene facility-z/h0 source geometry; facility-total point-ready SO2 allocated by existing geometry weights,1.0,0.3048,0.1,0.03048,30.0,272.0388888888889,0.1,0.03048,FAC008,8
Q0001713,nonegu,run1_top20_facility_srcgroup_members_2021.csv,ptnonipm/nonegu_norailyard_2021_POINT_20240502_17may2024_v0.csv,2021hb_cb6_21k/inputs/ptnonipm/nonegu_norailyard_2021_POINT_20240502_17may2024_v0.csv,y2024v0csv_4168511_32952013_31490512_6489014,4168511,DEER PARK CHEMICALS,48201,2,32952013,31490512,6489014,40720897,SO2,-95.131372,29.718669,293832.4042394201,3289513.8213826404,0.0,0.01891973456727347,0.0005442571817694379,297.66040000000004,8.562689389342212,6.356147666022577e-05,fixed benzene facility-z/h0 source geometry; facility-total point-ready SO2 allocated by existing geometry weights,48.0,14.630400000000002,3.0,0.9144,72.0,295.3722222222222,0.1,0.03048,FAC008,8
Q0001714,nonegu,run1_top20_facility_srcgroup_members_2021.csv,ptnonipm/nonegu_norailyard_2021_POINT_20240502_17may2024_v0.csv,2021hb_cb6_21k/inputs/ptnonipm/nonegu_norailyard_2021_POINT_20240502_17may2024_v0.csv,y2024v0csv_4168511_32953713_31396812_6487314,4168511,DEER PARK CHEMICALS,48201,3,32953713,31396812,6487314,40301151,SO2,-95.137375,29.712597,293239.1449831462,3288851.5147137623,0.0,3.6061014085223233,0.10373541884525486,297.66040000000004,8.562689389342212,0.012114817451439032,fixed benzene facility-z/h0 source geometry; facility-total point-ready SO2 allocated by existing geometry weights,46.0,14.0208,3.0,0.9144,72.0,295.3722222222222,0.1,0.03048,FAC008,8
Q0001715,nonegu,run1_top20_facility_srcgroup_members_2021.csv,ptnonipm/nonegu_norailyard_2021_POINT_20240502_17may2024_v0.csv,2021hb_cb6_21k/inputs/ptnonipm/nonegu_norailyard_2021_POINT_20240502_17may2024_v0.csv,y2024v0csv_4168511_32956713_31492412_6484014,4168511,DEER PARK CHEMICALS,48201,3,32956713,31492412,6484014,40301197,SO2,-95.131056,29.723066999999997,293871.9714909502,3290000.7433938636,0.0,0.034055522221092246,0.0009796629271849884,297.66040000000004,8.562689389342212,0.00011441065798840639,fixed benzene facility-z/h0 source geometry; facility-total point-ready SO2 allocated by existing geometry weights,48.0,14.630400000000002,3.0,0.9144,72.0,295.3722222222222,0.1,0.03048,FAC008,8
Q0001716,nonegu,run1_top20_facility_srcgroup_members_2021.csv,ptnonipm/nonegu_norailyard_2021_POINT_20240502_17may2024_v0.csv,2021hb_cb6_21k/inputs/ptnonipm/nonegu_norailyard_2021_POINT_20240502_17may2024_v0.csv,y2024v0csv_4168511_32959013_31539012_6333714,4168511,DEER PARK CHEMICALS,48201,2,32959013,31539012,6333714,30600106,SO2,-95.126608,29.725008000000003,294306.2701666957,3290207.9574916395,0.0,0.09459867283636736,0.0027212859088471897,297.66040000000004,8.562689389342212,0.0003178073833011289,fixed benzene facility-z/h0 source geometry; facility-total point-ready SO2 allocated by existing geometry weights,150.0,45.72,11.0,3.3528,457.0,509.26111111111106,2.0,0.6096,FAC008,8
Q0001717,nonegu,run1_top20_facility_srcgroup_members_2021.csv,ptnonipm/nonegu_norailyard_2021_POINT_20240502_17may2024_v0.csv,2021hb_cb6_21k/inputs/ptnonipm/nonegu_norailyard_2021_POINT_20240502_17may2024_v0.csv,y2024v0csv_4168511_32964113_31465812_6631214,4168511,DEER PARK CHEMICALS,48201,2,32964113,31465812,6631214,10200601,SO2,-95.124831,29.721031,294470.0796188829,3289763.972905665,0.0,0.0643270975287298,0.0018504744180160887,297.66040000000004,8.562689389342212,0.0002161090206447676,fixed benzene facility-z/h0 source geometry; facility-total point-ready SO2 allocated by existing geometry weights,150.0,45.72,9.0,2.7432000000000003,350.0,449.8166666666666,2.0,0.6096,FAC008,8
Q0001718,nonegu,run1_top20_facility_srcgroup_members_2021.csv,ptnonipm/nonegu_norailyard_2021_POINT_20240502_17may2024_v0.csv,2021hb_cb6_21k/inputs/ptnonipm/nonegu_norailyard_2021_POINT_20240502_17may2024_v0.csv,y2024v0csv_4168511_32966513_31472712_6628814,4168511,DEER PARK CHEMICALS,48201,2,32966513,31472712,6628814,30600106,SO2,-95.126683,29.7277,294304.508582228,3290506.4793365137,0.0,0.011351840740364081,0.0003265543090616627,297.66040000000004,8.562689389342212,3.813688599613546e-05,fixed benzene facility-z/h0 source geometry; facility-total point-ready SO2 allocated by existing geometry weights,150.0,45.72,8.0,2.4384,458.0,509.8166666666666,8.6,2.62128,FAC008,8
Q0001719,nonegu,run1_top20_facility_srcgroup_members_2021.csv,ptnonipm/nonegu_norailyard_2021_POINT_20240502_17may2024_v0.csv,2021hb_cb6_21k/inputs/ptnonipm/nonegu_norailyard_2021_POINT_20240502_17may2024_v0.csv,y2024v0csv_4168511_32974713_31403812_6310314,4168511,DEER PARK CHEMICALS,48201,2,32974713,31403812,6310314,30190004,SO2,-95.122436,29.726131,294712.1841179234,3290325.009163957,0.0,0.003783946913454694,0.00010885143635388758,297.66040000000004,8.562689389342212,1.2712295332045155e-05,fixed benzene facility-z/h0 source geometry; facility-total point-ready SO2 allocated by existing geometry weights,64.0,19.5072,3.0,0.9144,418.0,487.5944444444444,30.6,9.32688,FAC008,8
Q0001720,nonegu,run1_top20_facility_srcgroup_members_2021.csv,ptnonipm/nonegu_norailyard_2021_POINT_20240502_17may2024_v0.csv,2021hb_cb6_21k/inputs/ptnonipm/nonegu_norailyard_2021_POINT_20240502_17may2024_v0.csv,y2024v0csv_4168511_32981813_31428712_6441214,4168511,DEER PARK CHEMICALS,48201,3,32981813,31428712,6441214,40301197,SO2,-95.131042,29.722525,293872.2175916372,3289940.641663135,0.0,0.283796018509102,0.008163857726541568,297.66040000000004,8.562689389342212,0.0009534221499033866,fixed benzene facility-z/h0 source geometry; facility-total point-ready SO2 allocated by existing geometry weights,48.0,14.630400000000002,3.0,0.9144,78.0,298.7055555555555,0.1,0.03048,FAC008,8
Q0001721,nonegu,run1_top20_facility_srcgroup_members_2021.csv,ptnonipm/nonegu_norailyard_2021_POINT_20240502_17may2024_v0.csv,2021hb_cb6_21k/inputs/ptnonipm/nonegu_norailyard_2021_POINT_20240502_17may2024_v0.csv,y2024v0csv_4168511_32981913_31377012_6441114,4168511,DEER PARK CHEMICALS,48201,3,32981913,31377012,6441114,40301199,SO2,-95.129778,29.712694,293974.41939704615,3288848.692810476,0.0,1.4454677209396931,0.04158124868718505,297.66040000000004,8.562689389342212,0.004856096816841249,fixed benzene facility-z/h0 source geometry; facility-total point-ready SO2 allocated by existing geometry weights,33.0,10.0584,3.0,0.9144,72.0,295.3722222222222,0.1,0.03048,FAC008,8
Q0001722,nonegu,run1_top20_facility_srcgroup_members_2021.csv,ptnonipm/nonegu_norailyard_2021_POINT_20240502_17may2024_v0.csv,2021hb_cb6_21k/inputs/ptnonipm/nonegu_norailyard_2021_POINT_20240502_17may2024_v0.csv,y2024v0csv_4168511_32983413_31443312_6150714,4168511,DEER PARK CHEMICALS,48201,2,32983413,31443312,6150714,40301102,SO2,-95.129492,29.719003000000004,294014.9819739315,3289547.488330668,0.0,0.35190706295128654,0.010123183580911545,297.66040000000004,8.562689389342212,0.0011822434658801994,fixed benzene facility-z/h0 source geometry; facility-total point-ready SO2 allocated by existing geometry weights,48.0,14.630400000000002,3.0,0.9144,72.0,295.3722222222222,0.1,0.03048,FAC008,8
Q0001723,nonegu,run1_top20_facility_srcgroup_members_2021.csv,ptnonipm/nonegu_norailyard_2021_POINT_20240502_17may2024_v0.csv,2021hb_cb6_21k/inputs/ptnonipm/nonegu_norailyard_2021_POINT_20240502_17may2024_v0.csv,y2024v0csv_4168511_32984013_31413912_6150114,4168511,DEER PARK CHEMICALS,48201,2,32984013,31413912,6150114,40301102,SO2,-95.135558,29.717597,293425.1999905117,3289402.477615232,0.0,0.23082076172073634,0.006639937617587143,297.66040000000004,8.562689389342212,0.0007754500152547545,fixed benzene facility-z/h0 source geometry; facility-total point-ready SO2 allocated by existing geometry weights,40.0,12.192,3.0,0.9144,72.0,295.3722222222222,0.1,0.03048,FAC008,8
Q0001724,nonegu,run1_top20_facility_srcgroup_members_2021.csv,ptnonipm/nonegu_norailyard_2021_POINT_20240502_17may2024_v0.csv,2021hb_cb6_21k/inputs/ptnonipm/nonegu_norailyard_2021_POINT_20240502_17may2024_v0.csv,y2024v0csv_4168511_32984113_31506112_6150014,4168511,DEER PARK CHEMICALS,48201,2,32984113,31506112,6150014,40301102,SO2,-95.133425,29.718517,293633.45943612023,3289500.639832785,0.0,1.7141279517949763,0.04930970066831108,297.66040000000004,8.562689389342212,0.005758669785416455,fixed benzene facility-z/h0 source geometry; facility-total point-ready SO2 allocated by existing geometry weights,40.0,12.192,3.0,0.9144,72.0,295.3722222222222,0.1,0.03048,FAC008,8
Q0001725,nonegu,run1_top20_facility_srcgroup_members_2021.csv,ptnonipm/nonegu_norailyard_2021_POINT_20240502_17may2024_v0.csv,2021hb_cb6_21k/inputs/ptnonipm/nonegu_norailyard_2021_POINT_20240502_17may2024_v0.csv,y2024v0csv_4168511_32985713_31414212_6148414,4168511,DEER PARK CHEMICALS,48201,2,32985713,31414212,6148414,40301102,SO2,-95.134119,29.719085999999997,293567.47794112994,3289564.9495996255,0.0,0.18919734567273472,0.0054425718176943794,297.66040000000004,8.562689389342212,0.0006356147666022578,fixed benzene facility-z/h0 source geometry; facility-total point-ready SO2 allocated by existing geometry weights,48.0,14.630400000000002,3.0,0.9144,72.0,295.3722222222222,0.1,0.03048,FAC008,8
Q0001726,nonegu,run1_top20_facility_srcgroup_members_2021.csv,ptnonipm/nonegu_norailyard_2021_POINT_20240502_17may2024_v0.csv,2021hb_cb6_21k/inputs/ptnonipm/nonegu_norailyard_2021_POINT_20240502_17may2024_v0.csv,y2024v0csv_4168511_32989713_31412512_6144114,4168511,DEER PARK CHEMICALS,48201,2,32989713,31412512,6144114,30600106,SO2,-95.120392,29.722264000000003,294902.06292350835,3289892.7496996582,0.0,0.056759203701820415,0.0016327715453083138,297.66040000000004,8.562689389342212,0.00019068442998067733,fixed benzene facility-z/h0 source geometry; facility-total point-ready SO2 allocated by existing geometry weights,100.0,30.48,4.0,1.2192,507.0,537.0388888888889,7.0,2.1336,FAC008,8
Q0001727,nonegu,run1_top20_facility_srcgroup_members_2021.csv,ptnonipm/nonegu_norailyard_2021_POINT_20240502_17may2024_v0.csv,2021hb_cb6_21k/inputs/ptnonipm/nonegu_norailyard_2021_POINT_20240502_17may2024_v0.csv,y2024v0csv_4168511_32989813_31433012_6144014,4168511,DEER PARK CHEMICALS,48201,2,32989813,31433012,6144014,30600106,SO2,-95.119978,29.722269,294942.12719381123,3289892.568717271,0.0,0.011351840740364081,0.0003265543090616627,297.66040000000004,8.562689389342212,3.813688599613546e-05,fixed benzene facility-z/h0 source geometry; facility-total point-ready SO2 allocated by existing geometry weights,70.0,21.336,4.0,1.2192,526.0,547.5944444444444,8.6,2.62128,FAC008,8
Q0001728,nonegu,run1_top20_facility_srcgroup_members_2021.csv,ptnonipm/nonegu_norailyard_2021_POINT_20240502_17may2024_v0.csv,2021hb_cb6_21k/inputs/ptnonipm/nonegu_norailyard_2021_POINT_20240502_17may2024_v0.csv,y2024v0csv_4168511_32989913_31409212_6143914,4168511,DEER PARK CHEMICALS,48201,2,32989913,31409212,6143914,30600106,SO2,-95.119769,29.722211,294962.2297597083,3289885.7687714286,0.0,0.015135787653818776,0.00043540574541555034,297.66040000000004,8.562689389342212,5.084918132818062e-05,fixed benzene facility-z/h0 source geometry; facility-total point-ready SO2 allocated by existing geometry weights,170.0,51.816,5.0,1.524,551.0,561.4833333333333,8.6,2.62128,FAC008,8
Q0001729,nonegu,run1_top20_facility_srcgroup_members_2021.csv,ptnonipm/nonegu_norailyard_2021_POINT_20240502_17may2024_v0.csv,2021hb_cb6_21k/inputs/ptnonipm/nonegu_norailyard_2021_POINT_20240502_17may2024_v0.csv,y2024v0csv_4168511_32991013_31481412_6142714,4168511,DEER PARK CHEMICALS,48201,2,32991013,31481412,6142714,10100601,SO2,-95.129325,29.721542,294036.3272499499,3289828.619846199,0.0,0.05297525678836571,0.001523920108954426,297.66040000000004,8.562689389342212,0.00017797213464863215,fixed benzene facility-z/h0 source geometry; facility-total point-ready SO2 allocated by existing geometry weights,100.0,30.48,15.0,4.572,300.0,422.0388888888889,3.0,0.9144,FAC008,8
Q0001730,nonegu,run1_top20_facility_srcgroup_members_2021.csv,ptnonipm/nonegu_norailyard_2021_POINT_20240502_17may2024_v0.csv,2021hb_cb6_21k/inputs/ptnonipm/nonegu_norailyard_2021_POINT_20240502_17may2024_v0.csv,y2024v0csv_4168511_32991113_31508612_6142614,4168511,DEER PARK CHEMICALS,48201,2,32991113,31508612,6142614,30600106,SO2,-95.119428,29.723325,294997.48686157423,3290008.6416690457,0.0,0.01891973456727347,0.0005442571817694379,297.66040000000004,8.562689389342212,6.356147666022577e-05,fixed benzene facility-z/h0 source geometry; facility-total point-ready SO2 allocated by existing geometry weights,175.0,53.34,10.0,3.048,630.0,605.3722222222223,0.1,0.03048,FAC008,8
Q0001731,nonegu,run1_top20_facility_srcgroup_members_2021.csv,ptnonipm/nonegu_norailyard_2021_POINT_20240502_17may2024_v0.csv,2021hb_cb6_21k/inputs/ptnonipm/nonegu_norailyard_2021_POINT_20240502_17may2024_v0.csv,y2024v0csv_4168511_32991613_31475812_6439314,4168511,DEER PARK CHEMICALS,48201,2,32991613,31475812,6439314,30600106,SO2,-95.125508,29.724828,294412.32424308895,3290186.046893292,0.0,0.056759203701820415,0.0016327715453083138,297.66040000000004,8.562689389342212,0.00019068442998067733,fixed benzene facility-z/h0 source geometry; facility-total point-ready SO2 allocated by existing geometry weights,165.0,50.292,9.0,2.7432000000000003,623.0,601.4833333333333,8.6,2.62128,FAC008,8
Q0001732,nonegu,run1_top20_facility_srcgroup_members_2021.csv,ptnonipm/nonegu_norailyard_2021_POINT_20240502_17may2024_v0.csv,2021hb_cb6_21k/inputs/ptnonipm/nonegu_norailyard_2021_POINT_20240502_17may2024_v0.csv,y2024v0csv_4168511_32991713_31539112_6439114,4168511,DEER PARK CHEMICALS,48201,2,32991713,31539112,6439114,30600106,SO2,-95.126606,29.724833,294306.1065110584,3290188.55648044,0.0,0.09459867283636736,0.0027212859088471897,297.66040000000004,8.562689389342212,0.0003178073833011289,fixed benzene facility-z/h0 source geometry; facility-total point-ready SO2 allocated by existing geometry weights,150.0,45.72,11.0,3.3528,434.0,496.48333333333335,2.0,0.6096,FAC008,8
Q0001733,nonegu,run1_top20_facility_srcgroup_members_2021.csv,ptnonipm/nonegu_norailyard_2021_POINT_20240502_17may2024_v0.csv,2021hb_cb6_21k/inputs/ptnonipm/nonegu_norailyard_2021_POINT_20240502_17may2024_v0.csv,y2024v0csv_4168511_32997313_31523212_6433314,4168511,DEER PARK CHEMICALS,48201,2,32997313,31523212,6433314,38500101,SO2,-95.129906,29.724431,293986.02031495236,3290149.880620024,0.0,13.641128623004171,0.39240942805576473,297.66040000000004,8.562689389342212,0.04582782467202278,fixed benzene facility-z/h0 source geometry; facility-total point-ready SO2 allocated by existing geometry weights,53.0,16.154400000000003,14.0,4.2672,100.0,310.92777777777775,15.0,4.572,FAC008,8
Q0001734,nonegu,run1_top20_facility_srcgroup_members_2021.csv,ptnonipm/nonegu_norailyard_2021_POINT_20240502_17may2024_v0.csv,2021hb_cb6_21k/inputs/ptnonipm/nonegu_norailyard_2021_POINT_20240502_17may2024_v0.csv,y2024v0csv_4168511_33000913_31385212_6141814,4168511,DEER PARK CHEMICALS,48201,3,33000913,31385212,6141814,40301151,SO2,-95.138925,29.712575,293089.12354864046,3288851.8515160233,0.0,0.23838865554764574,0.006857640490294917,297.66040000000004,8.562689389342212,0.0008008746059188448,fixed benzene facility-z/h0 source geometry; facility-total point-ready SO2 allocated by existing geometry weights,46.0,14.0208,3.0,0.9144,72.0,295.3722222222222,0.1,0.03048,FAC008,8
Q0001735,nonegu,run1_top20_facility_srcgroup_members_2021.csv,ptnonipm/nonegu_norailyard_2021_POINT_20240502_17may2024_v0.csv,2021hb_cb6_21k/inputs/ptnonipm/nonegu_norailyard_2021_POINT_20240502_17may2024_v0.csv,y2024v0csv_4168511_33001213_31545012_6141514,4168511,DEER PARK CHEMICALS,48201,3,33001213,31545012,6141514,40301150,SO2,-95.138381,29.717571999999997,293152.0119996376,3289404.7589776516,0.0,0.7605733296043935,0.021879138707131405,297.66040000000004,8.562689389342212,0.002555171361741076,fixed benzene facility-z/h0 source geometry; facility-total point-ready SO2 allocated by existing geometry weights,46.0,14.0208,3.0,0.9144,72.0,295.3722222222222,0.1,0.03048,FAC008,8
Q0001736,nonegu,run1_top20_facility_srcgroup_members_2021.csv,ptnonipm/nonegu_norailyard_2021_POINT_20240502_17may2024_v0.csv,2021hb_cb6_21k/inputs/ptnonipm/nonegu_norailyard_2021_POINT_20240502_17may2024_v0.csv,y2024v0csv_4168511_33002313_31488612_6140414,4168511,DEER PARK CHEMICALS,48201,2,33002313,31488612,6140414,40301108,SO2,-95.139489,29.718664,293047.05007316626,3289527.7843254698,0.0,1.2562703752669584,0.036138676869490675,297.66040000000004,8.562689389342212,0.004220482050238991,fixed benzene facility-z/h0 source geometry; facility-total point-ready SO2 allocated by existing geometry weights,46.0,14.0208,3.0,0.9144,72.0,295.3722222222222,0.1,0.03048,FAC008,8
Q0001737,nonegu,run1_top20_facility_srcgroup_members_2021.csv,ptnonipm/nonegu_norailyard_2021_POINT_20240502_17may2024_v0.csv,2021hb_cb6_21k/inputs/ptnonipm/nonegu_norailyard_2021_POINT_20240502_17may2024_v0.csv,y2024v0csv_4168511_33005113_31392112_6582714,4168511,DEER PARK CHEMICALS,48201,2,33005113,31392112,6582714,40301199,SO2,-95.131383,29.719167,293832.35840072704,3289569.040659457,0.0,37.16971053086546,1.0692476593042377,297.66040000000004,8.562689389342212,0.12487287704667954,fixed benzene facility-z/h0 source geometry; facility-total point-ready SO2 allocated by existing geometry weights,48.0,14.630400000000002,3.0,0.9144,72.0,295.3722222222222,0.1,0.03048,FAC008,8
Q0001738,nonegu,run1_top20_facility_srcgroup_members_2021.csv,ptnonipm/nonegu_norailyard_2021_POINT_20240502_17may2024_v0.csv,2021hb_cb6_21k/inputs/ptnonipm/nonegu_norailyard_2021_POINT_20240502_17may2024_v0.csv,y2024v0csv_4168511_33005813_31518512_6429614,4168511,DEER PARK CHEMICALS,48201,2,33005813,31518512,6429614,30600106,SO2,-95.126683,29.7277,294304.508582228,3290506.4793365137,0.0,0.022703681480728162,0.0006531086181233254,297.66040000000004,8.562689389342212,7.627377199227092e-05,fixed benzene facility-z/h0 source geometry; facility-total point-ready SO2 allocated by existing geometry weights,150.0,45.72,8.0,2.4384,458.0,509.8166666666666,8.6,2.62128,FAC008,8
Q0001739,nonegu,run1_top20_facility_srcgroup_members_2021.csv,ptnonipm/nonegu_norailyard_2021_POINT_20240502_17may2024_v0.csv,2021hb_cb6_21k/inputs/ptnonipm/nonegu_norailyard_2021_POINT_20240502_17may2024_v0.csv,y2024v0csv_4168511_33008513_31375712_6424314,4168511,DEER PARK CHEMICALS,48201,2,33008513,31375712,6424314,38500101,SO2,-95.128508,29.724914,294122.2595586743,3290200.924306187,0.0,0.08324683209600327,0.0023947315997855266,297.66040000000004,8.562689389342212,0.0002796704973049934,fixed benzene facility-z/h0 source geometry; facility-total point-ready SO2 allocated by existing geometry weights,41.0,12.4968,14.0,4.2672,100.0,310.92777777777775,15.0,4.572,FAC008,8
Q0001740,nonegu,run1_top20_facility_srcgroup_members_2021.csv,ptnonipm/nonegu_norailyard_2021_POINT_20240502_17may2024_v0.csv,2021hb_cb6_21k/inputs/ptnonipm/nonegu_norailyard_2021_POINT_20240502_17may2024_v0.csv,y2024v0csv_4168511_33008613_31452312_6424214,4168511,DEER PARK CHEMICALS,48201,2,33008613,31452312,6424214,38500101,SO2,-95.123017,29.730222,294664.31088233145,3290779.4988221377,0.0,0.5411044086240213,0.015565755398605925,297.66040000000004,8.562689389342212,0.0018178582324824572,fixed benzene facility-z/h0 source geometry; facility-total point-ready SO2 allocated by existing geometry weights,24.0,7.315200000000001,14.0,4.2672,100.0,310.92777777777775,15.0,4.572,FAC008,8
Q0001741,nonegu,run1_top20_facility_srcgroup_members_2021.csv,ptnonipm/nonegu_norailyard_2021_POINT_20240502_17may2024_v0.csv,2021hb_cb6_21k/inputs/ptnonipm/nonegu_norailyard_2021_POINT_20240502_17may2024_v0.csv,y2024v0csv_4168511_33027613_31544512_7296414,4168511,DEER PARK CHEMICALS,48201,2,33027613,31544512,7296414,30190004,SO2,-95.133686,29.714525,293600.03475160076,3289058.6221473,0.0,0.045407362961456324,0.0013062172362466509,297.66040000000004,8.562689389342212,0.00015254754398454185,fixed benzene facility-z/h0 source geometry; facility-total point-ready SO2 allocated by existing geometry weights,150.0,45.72,7.0,2.1336,355.0,452.5944444444444,2.0,0.6096,FAC008,8
Q0001742,nonegu,run1_top20_facility_srcgroup_members_2021.csv,ptnonipm/nonegu_norailyard_2021_POINT_20240502_17may2024_v0.csv,2021hb_cb6_21k/inputs/ptnonipm/nonegu_norailyard_2021_POINT_20240502_17may2024_v0.csv,y2024v0csv_4168511_33028013_31418412_7296014,4168511,DEER PARK CHEMICALS,48201,3,33028013,31418412,7296014,40301097,SO2,-95.126783,29.729758,294299.0350922443,3290734.771610595,0.0,0.6016475592392964,0.017307378380268128,297.66040000000004,8.562689389342212,0.0020212549577951796,fixed benzene facility-z/h0 source geometry; facility-total point-ready SO2 allocated by existing geometry weights,40.0,12.192,3.0,0.9144,72.0,295.3722222222222,0.1,0.03048,FAC008,8
Q0001743,nonegu,run1_top20_facility_srcgroup_members_2021.csv,ptnonipm/nonegu_norailyard_2021_POINT_20240502_17may2024_v0.csv,2021hb_cb6_21k/inputs/ptnonipm/nonegu_norailyard_2021_POINT_20240502_17may2024_v0.csv,y2024v0csv_4168511_33028113_31569012_7295914,4168511,DEER PARK CHEMICALS,48201,3,33028113,31569012,7295914,40301097,SO2,-95.127286,29.729746999999996,294250.351383026,3290734.4486130467,0.0,0.43515389504728985,0.012517915180697073,297.66040000000004,8.562689389342212,0.0014619139631851929,fixed benzene facility-z/h0 source geometry; facility-total point-ready SO2 allocated by existing geometry weights,40.0,12.192,3.0,0.9144,72.0,295.3722222222222,0.1,0.03048,FAC008,8
Q0001744,nonegu,run1_top20_facility_srcgroup_members_2021.csv,ptnonipm/nonegu_norailyard_2021_POINT_20240502_17may2024_v0.csv,2021hb_cb6_21k/inputs/ptnonipm/nonegu_norailyard_2021_POINT_20240502_17may2024_v0.csv,y2024v0csv_4168511_33028213_31455212_7295814,4168511,DEER PARK CHEMICALS,48201,2,33028213,31455212,7295814,30190004,SO2,-95.131336,29.714941999999997,293828.26604557555,3289100.646675154,0.0,0.026487628394182856,0.000761960054477213,297.66040000000004,8.562689389342212,8.898606732431608e-05,fixed benzene facility-z/h0 source geometry; facility-total point-ready SO2 allocated by existing geometry weights,100.0,30.48,5.0,1.524,460.0,510.92777777777775,3.0,0.9144,FAC008,8
Q0001745,nonegu,run1_top20_facility_srcgroup_members_2021.csv,ptnonipm/nonegu_norailyard_2021_POINT_20240502_17may2024_v0.csv,2021hb_cb6_21k/inputs/ptnonipm/nonegu_norailyard_2021_POINT_20240502_17may2024_v0.csv,y2024v0csv_4168511_33028313_31541212_7255314,4168511,DEER PARK CHEMICALS,48201,2,33028313,31541212,7255314,30190004,SO2,-95.131472,29.714939,293815.1010367289,3289100.5569036664,0.0,0.026487628394182856,0.000761960054477213,297.66040000000004,8.562689389342212,8.898606732431608e-05,fixed benzene facility-z/h0 source geometry; facility-total point-ready SO2 allocated by existing geometry weights,100.0,30.48,5.0,1.524,460.0,510.92777777777775,3.0,0.9144,FAC008,8
Q0001746,nonegu,run1_top20_facility_srcgroup_members_2021.csv,ptnonipm/nonegu_norailyard_2021_POINT_20240502_17may2024_v0.csv,2021hb_cb6_21k/inputs/ptnonipm/nonegu_norailyard_2021_POINT_20240502_17may2024_v0.csv,y2024v0csv_4168511_33028413_31520312_7255114,4168511,DEER PARK CHEMICALS,48201,2,33028413,31520312,7255114,30190004,SO2,-95.134192,29.714708,293551.450446742,3289079.810624729,0.0,0.056759203701820415,0.0016327715453083138,297.66040000000004,8.562689389342212,0.00019068442998067733,fixed benzene facility-z/h0 source geometry; facility-total point-ready SO2 allocated by existing geometry weights,150.0,45.72,7.0,2.1336,355.0,452.5944444444444,3.0,0.9144,FAC008,8
Q0001747,nonegu,run1_top20_facility_srcgroup_members_2021.csv,ptnonipm/nonegu_norailyard_2021_POINT_20240502_17may2024_v0.csv,2021hb_cb6_21k/inputs/ptnonipm/nonegu_norailyard_2021_POINT_20240502_17may2024_v0.csv,y2024v0csv_4168511_33028613_31541312_7254914,4168511,DEER PARK CHEMICALS,48201,2,33028613,31541312,7254914,30190004,SO2,-95.133689,29.714714,293600.13136606675,3289079.576773549,0.0,0.04919130987491102,0.0014150686726005384,297.66040000000004,8.562689389342212,0.000165259839316587,fixed benzene facility-z/h0 source geometry; facility-total point-ready SO2 allocated by existing geometry weights,150.0,45.72,7.0,2.1336,355.0,452.5944444444444,2.0,0.6096,FAC008,8
Q0001748,nonegu,run1_top20_facility_srcgroup_members_2021.csv,ptnonipm/nonegu_norailyard_2021_POINT_20240502_17may2024_v0.csv,2021hb_cb6_21k/inputs/ptnonipm/nonegu_norailyard_2021_POINT_20240502_17may2024_v0.csv,y2024v0csv_4168511_33036813_31525312_5890314,4168511,DEER PARK CHEMICALS,48201,2,33036813,31525312,5890314,40301197,SO2,-95.118928,29.721933,295043.03045965964,3289853.4617470615,0.0,1.002745932065494,0.02884563063378021,297.66040000000004,8.562689389342212,0.003368758262991966,fixed benzene facility-z/h0 source geometry; facility-total point-ready SO2 allocated by existing geometry weights,48.0,14.630400000000002,3.0,0.9144,104.0,313.15,0.1,0.03048,FAC008,8
Q0001749,nonegu,run1_top20_facility_srcgroup_members_2021.csv,ptnonipm/nonegu_norailyard_2021_POINT_20240502_17may2024_v0.csv,2021hb_cb6_21k/inputs/ptnonipm/nonegu_norailyard_2021_POINT_20240502_17may2024_v0.csv,y2024v0csv_4168511_33036913_31525512_5890214,4168511,DEER PARK CHEMICALS,48201,2,33036913,31525512,5890214,40301197,SO2,-95.11995,29.721514000000003,294943.3002975291,3289808.833081464,0.0,1.744399527102614,0.050180512159142175,297.66040000000004,8.562689389342212,0.0058603681480728165,fixed benzene facility-z/h0 source geometry; facility-total point-ready SO2 allocated by existing geometry weights,48.0,14.630400000000002,3.0,0.9144,94.0,307.59444444444443,0.1,0.03048,FAC008,8
Q0001750,nonegu,run1_top20_facility_srcgroup_members_2021.csv,ptnonipm/nonegu_norailyard_2021_POINT_20240502_17may2024_v0.csv,2021hb_cb6_21k/inputs/ptnonipm/nonegu_norailyard_2021_POINT_20240502_17may2024_v0.csv,y2024v0csv_4168511_33037013_31547112_5890114,4168511,DEER PARK CHEMICALS,48201,2,33037013,31547112,5890114,40301197,SO2,-95.122136,29.721783,294732.3530584122,3289842.533152793,0.0,10.765328968778604,0.3096823364268102,297.66040000000004,8.562689389342212,0.036166480219668465,fixed benzene facility-z/h0 source geometry; facility-total point-ready SO2 allocated by existing geometry weights,51.0,15.5448,3.0,0.9144,72.0,295.3722222222222,0.1,0.03048,FAC008,8
Q0001751,nonegu,run1_top20_facility_srcgroup_members_2021.csv,ptnonipm/nonegu_norailyard_2021_POINT_20240502_17may2024_v0.csv,2021hb_cb6_21k/inputs/ptnonipm/nonegu_norailyard_2021_POINT_20240502_17may2024_v0.csv,y2024v0csv_4168511_33037113_31504512_5890014,4168511,DEER PARK CHEMICALS,48201,2,33037113,31504512,5890014,40301197,SO2,-95.121961,29.721789,294749.29644727294,3289842.887166052,0.0,9.418243867588734,0.2709312250848262,297.66040000000004,8.562689389342212,0.03164090308146039,fixed benzene facility-z/h0 source geometry; facility-total point-ready SO2 allocated by existing geometry weights,51.0,15.5448,3.0,0.9144,92.0,306.4833333333333,0.1,0.03048,FAC008,8
Q0001752,nonegu,run1_top20_facility_srcgroup_members_2021.csv,ptnonipm/nonegu_norailyard_2021_POINT_20240502_17may2024_v0.csv,2021hb_cb6_21k/inputs/ptnonipm/nonegu_norailyard_2021_POINT_20240502_17may2024_v0.csv,y2024v0csv_4168511_33040413_31465112_5886714,4168511,DEER PARK CHEMICALS,48201,2,33040413,31465112,5886714,40600299,SO2,-95.131339,29.731767,293862.3879781751,3290965.5807054173,0.0,0.11351840740364083,0.0032655430906166276,297.66040000000004,8.562689389342212,0.00038136885996135466,fixed benzene facility-z/h0 source geometry; facility-total point-ready SO2 allocated by existing geometry weights,50.0,15.24,0.2,0.06096,72.0,295.3722222222222,3.2,0.97536,FAC008,8
Q0001753,nonegu,run1_top20_facility_srcgroup_members_2021.csv,ptnonipm/nonegu_norailyard_2021_POINT_20240502_17may2024_v0.csv,2021hb_cb6_21k/inputs/ptnonipm/nonegu_norailyard_2021_POINT_20240502_17may2024_v0.csv,y2024v0csv_4168511_33040513_31465112_5886614,4168511,DEER PARK CHEMICALS,48201,2,33040513,31465112,5886614,40600299,SO2,-95.131339,29.731767,293862.3879781751,3290965.5807054173,0.0,5.475371183768942,0.15750802840407532,297.66040000000004,8.562689389342212,0.01839469134546934,fixed benzene facility-z/h0 source geometry; facility-total point-ready SO2 allocated by existing geometry weights,50.0,15.24,0.2,0.06096,72.0,295.3722222222222,3.2,0.97536,FAC008,8
Q0001754,nonegu,run1_top20_facility_srcgroup_members_2021.csv,ptnonipm/nonegu_norailyard_2021_POINT_20240502_17may2024_v0.csv,2021hb_cb6_21k/inputs/ptnonipm/nonegu_norailyard_2021_POINT_20240502_17may2024_v0.csv,y2024v0csv_4168511_33053913_31481312_6012914,4168511,DEER PARK CHEMICALS,48201,2,33053913,31481312,6012914,10100601,SO2,-95.1286,29.721553000000004,294106.4934724624,3289828.546318046,0.0,0.04919130987491102,0.0014150686726005384,297.66040000000004,8.562689389342212,0.000165259839316587,fixed benzene facility-z/h0 source geometry; facility-total point-ready SO2 allocated by existing geometry weights,100.0,30.48,15.0,4.572,300.0,422.0388888888889,2.0,0.6096,FAC008,8
Q0001755,nonegu,run1_top20_facility_srcgroup_members_2021.csv,ptnonipm/nonegu_norailyard_2021_POINT_20240502_17may2024_v0.csv,2021hb_cb6_21k/inputs/ptnonipm/nonegu_norailyard_2021_POINT_20240502_17may2024_v0.csv,y2024v0csv_4168511_33054113_31580012_6012714,4168511,DEER PARK CHEMICALS,48201,2,33054113,31580012,6012714,30600106,SO2,-95.135825,29.726916999999997,293418.4684252945,3290436.0106849866,0.0,0.034055522221092246,0.0009796629271849884,297.66040000000004,8.562689389342212,0.00011441065798840639,fixed benzene facility-z/h0 source geometry; facility-total point-ready SO2 allocated by existing geometry weights,265.0,80.772,14.0,4.2672,300.0,422.0388888888889,0.1,0.03048,FAC008,8
Q0001756,nonegu,run1_top20_facility_srcgroup_members_2021.csv,ptnonipm/nonegu_norailyard_2021_POINT_20240502_17may2024_v0.csv,2021hb_cb6_21k/inputs/ptnonipm/nonegu_norailyard_2021_POINT_20240502_17may2024_v0.csv,y2024v0csv_4168511_33054213_31580012_97886514,4168511,DEER PARK CHEMICALS,48201,2,33054213,31580012,97886514,30600106,SO2,-95.135825,29.726916999999997,293418.4684252945,3290436.0106849866,0.0,0.030271575307637553,0.0008708114908311007,297.66040000000004,8.562689389342212,0.00010169836265636124,fixed benzene facility-z/h0 source geometry; facility-total point-ready SO2 allocated by existing geometry weights,265.0,80.772,14.0,4.2672,300.0,422.0388888888889,0.1,0.03048,FAC008,8
Q0001757,nonegu,run1_top20_facility_srcgroup_members_2021.csv,ptnonipm/nonegu_norailyard_2021_POINT_20240502_17may2024_v0.csv,2021hb_cb6_21k/inputs/ptnonipm/nonegu_norailyard_2021_POINT_20240502_17may2024_v0.csv,y2024v0csv_4168511_33054313_31558212_6012214,4168511,DEER PARK CHEMICALS,48201,2,33054313,31558212,6012214,30600106,SO2,-95.135508,29.72655,293448.3844333119,3290394.76422438,0.0,0.007567893826909388,0.00021770287270777517,297.66040000000004,8.562689389342212,2.542459066409031e-05,fixed benzene facility-z/h0 source geometry; facility-total point-ready SO2 allocated by existing geometry weights,150.0,45.72,6.0,1.8288,500.0,533.15,2.0,0.6096,FAC008,8
Q0001758,nonegu,run1_top20_facility_srcgroup_members_2021.csv,ptnonipm/nonegu_norailyard_2021_POINT_20240502_17may2024_v0.csv,2021hb_cb6_21k/inputs/ptnonipm/nonegu_norailyard_2021_POINT_20240502_17may2024_v0.csv,y2024v0csv_4168511_33054413_31558212_6012114,4168511,DEER PARK CHEMICALS,48201,2,33054413,31558212,6012114,30600106,SO2,-95.135508,29.72655,293448.3844333119,3290394.76422438,0.0,0.01891973456727347,0.0005442571817694379,297.66040000000004,8.562689389342212,6.356147666022577e-05,fixed benzene facility-z/h0 source geometry; facility-total point-ready SO2 allocated by existing geometry weights,150.0,45.72,6.0,1.8288,500.0,533.15,2.0,0.6096,FAC008,8
Q0001759,nonegu,run1_top20_facility_srcgroup_members_2021.csv,ptnonipm/nonegu_norailyard_2021_POINT_20240502_17may2024_v0.csv,2021hb_cb6_21k/inputs/ptnonipm/nonegu_norailyard_2021_POINT_20240502_17may2024_v0.csv,y2024v0csv_4168511_33057313_31385112_5965314,4168511,DEER PARK CHEMICALS,48201,2,33057313,31385112,5965314,38500101,SO2,-95.132572,29.716681,293712.2330958984,3289295.608842429,0.0,2.3309112986880915,0.06705248479399475,297.66040000000004,8.562689389342212,0.007830773924539815,fixed benzene facility-z/h0 source geometry; facility-total point-ready SO2 allocated by existing geometry weights,64.0,19.5072,10.0,3.048,100.0,310.92777777777775,15.0,4.572,FAC008,8
Q0001760,nonegu,run1_top20_facility_srcgroup_members_2021.csv,ptnonipm/nonegu_norailyard_2021_POINT_20240502_17may2024_v0.csv,2021hb_cb6_21k/inputs/ptnonipm/nonegu_norailyard_2021_POINT_20240502_17may2024_v0.csv,y2024v0csv_4168511_33057513_31517412_5965114,4168511,DEER PARK CHEMICALS,48201,2,33057513,31517412,5965114,40301110,SO2,-95.142675,29.712939,292727.0254923096,3288898.921237362,0.0,0.15514182345164246,0.004462908890509391,297.66040000000004,8.562689389342212,0.0005212041086138514,fixed benzene facility-z/h0 source geometry; facility-total point-ready SO2 allocated by existing geometry weights,56.0,17.0688,3.0,0.9144,72.0,295.3722222222222,0.1,0.03048,FAC008,8
Q0001761,nonegu,run1_top20_facility_srcgroup_members_2021.csv,ptnonipm/nonegu_norailyard_2021_POINT_20240502_17may2024_v0.csv,2021hb_cb6_21k/inputs/ptnonipm/nonegu_norailyard_2021_POINT_20240502_17may2024_v0.csv,y2024v0csv_4168511_33057613_31531612_5965014,4168511,DEER PARK CHEMICALS,48201,2,33057613,31531612,5965014,40301110,SO2,-95.143558,29.712925,292641.55874412233,3288898.9541761144,0.0,0.37839469134546944,0.010885143635388759,297.66040000000004,8.562689389342212,0.0012712295332045155,fixed benzene facility-z/h0 source geometry; facility-total point-ready SO2 allocated by existing geometry weights,56.0,17.0688,3.0,0.9144,72.0,295.3722222222222,0.1,0.03048,FAC008,8
Q0001762,nonegu,run1_top20_facility_srcgroup_members_2021.csv,ptnonipm/nonegu_norailyard_2021_POINT_20240502_17may2024_v0.csv,2021hb_cb6_21k/inputs/ptnonipm/nonegu_norailyard_2021_POINT_20240502_17may2024_v0.csv,y2024v0csv_4168511_33057913_31438412_5964714,4168511,DEER PARK CHEMICALS,48201,2,33057913,31438412,5964714,40301109,SO2,-95.135919,29.723875,293403.13879881566,3290098.994724684,0.0,0.05297525678836571,0.001523920108954426,297.66040000000004,8.562689389342212,0.00017797213464863215,fixed benzene facility-z/h0 source geometry; facility-total point-ready SO2 allocated by existing geometry weights,40.0,12.192,3.0,0.9144,72.0,295.3722222222222,0.1,0.03048,FAC008,8
Q0001763,nonegu,run1_top20_facility_srcgroup_members_2021.csv,ptnonipm/nonegu_norailyard_2021_POINT_20240502_17may2024_v0.csv,2021hb_cb6_21k/inputs/ptnonipm/nonegu_norailyard_2021_POINT_20240502_17may2024_v0.csv,y2024v0csv_4168511_33060413_31505812_5962014,4168511,DEER PARK CHEMICALS,48201,2,33060413,31505812,5962014,30190004,SO2,-95.1305,29.714433000000003,293908.1140347073,3289042.735916299,0.0,0.007567893826909388,0.00021770287270777517,297.66040000000004,8.562689389342212,2.542459066409031e-05,fixed benzene facility-z/h0 source geometry; facility-total point-ready SO2 allocated by existing geometry weights,125.0,38.1,4.0,1.2192,418.0,487.5944444444444,2.0,0.6096,FAC008,8
Q0001764,nonegu,run1_top20_facility_srcgroup_members_2021.csv,ptnonipm/nonegu_norailyard_2021_POINT_20240502_17may2024_v0.csv,2021hb_cb6_21k/inputs/ptnonipm/nonegu_norailyard_2021_POINT_20240502_17may2024_v0.csv,y2024v0csv_4168511_33064913_31480712_5969714,4168511,DEER PARK CHEMICALS,48201,2,33064913,31480712,5969714,38500101,SO2,-95.125306,29.728439,294439.23246930726,3290585.9396842197,0.0,0.49569704566256495,0.014259538162359274,297.66040000000004,8.562689389342212,0.0016653106884979153,fixed benzene facility-z/h0 source geometry; facility-total point-ready SO2 allocated by existing geometry weights,51.0,15.5448,14.0,4.2672,100.0,310.92777777777775,15.0,4.572,FAC008,8
Q0001765,nonegu,run1_top20_facility_srcgroup_members_2021.csv,ptnonipm/nonegu_norailyard_2021_POINT_20240502_17may2024_v0.csv,2021hb_cb6_21k/inputs/ptnonipm/nonegu_norailyard_2021_POINT_20240502_17may2024_v0.csv,y2024v0csv_4168511_33065013_31413712_5969614,4168511,DEER PARK CHEMICALS,48201,3,33065013,31413712,5969614,40301102,SO2,-95.122639,29.727928,294696.205596884,3290524.5539660957,0.0,5.395908298586394,0.1552221482406437,297.66040000000004,8.562689389342212,0.018127733143496392,fixed benzene facility-z/h0 source geometry; facility-total point-ready SO2 allocated by existing geometry weights,16.0,4.8768,3.0,0.9144,72.0,295.3722222222222,0.1,0.03048,FAC008,8
Q0001766,nonegu,run1_top20_facility_srcgroup_members_2021.csv,ptnonipm/nonegu_norailyard_2021_POINT_20240502_17may2024_v0.csv,2021hb_cb6_21k/inputs/ptnonipm/nonegu_norailyard_2021_POINT_20240502_17may2024_v0.csv,y2024v0csv_4168511_33068013_31514412_5936314,4168511,DEER PARK CHEMICALS,48201,2,33068013,31514412,5936314,30190004,SO2,-95.134189,29.714519,293551.3537410557,3289058.855993723,0.0,0.0643270975287298,0.0018504744180160887,297.66040000000004,8.562689389342212,0.0002161090206447676,fixed benzene facility-z/h0 source geometry; facility-total point-ready SO2 allocated by existing geometry weights,150.0,45.72,7.0,2.1336,355.0,452.5944444444444,3.0,0.9144,FAC008,8
Q0001767,nonegu,run1_top20_facility_srcgroup_members_2021.csv,ptnonipm/nonegu_norailyard_2021_POINT_20240502_17may2024_v0.csv,2021hb_cb6_21k/inputs/ptnonipm/nonegu_norailyard_2021_POINT_20240502_17may2024_v0.csv,y2024v0csv_4168511_33072313_31506712_5917914,4168511,DEER PARK CHEMICALS,48201,2,33072313,31506712,5917914,40301102,SO2,-95.134772,29.718096999999997,293502.27275987796,3289456.4934507064,0.0,0.22325286789382695,0.006422234744879368,297.66040000000004,8.562689389342212,0.0007500254245906641,fixed benzene facility-z/h0 source geometry; facility-total point-ready SO2 allocated by existing geometry weights,56.0,17.0688,3.0,0.9144,72.0,295.3722222222222,0.1,0.03048,FAC008,8
Q0001768,nonegu,run1_top20_facility_srcgroup_members_2021.csv,ptnonipm/nonegu_norailyard_2021_POINT_20240502_17may2024_v0.csv,2021hb_cb6_21k/inputs/ptnonipm/nonegu_norailyard_2021_POINT_20240502_17may2024_v0.csv,y2024v0csv_4168511_33072413_31559412_5917814,4168511,DEER PARK CHEMICALS,48201,3,33072413,31559412,5917814,40301019,SO2,-95.132067,29.71925,293766.34957101016,3289579.461814158,0.0,5.210494899827113,0.1498884278593032,297.66040000000004,8.562689389342212,0.017504830672226177,fixed benzene facility-z/h0 source geometry; facility-total point-ready SO2 allocated by existing geometry weights,41.0,12.4968,3.0,0.9144,72.0,295.3722222222222,0.1,0.03048,FAC008,8
Q0002297,nonegu,run1_top20_facility_srcgroup_members_2021.csv,ptnonipm/nonegu_norailyard_2021_POINT_20240502_17may2024_v0.csv,2021hb_cb6_21k/inputs/ptnonipm/nonegu_norailyard_2021_POINT_20240502_17may2024_v0.csv,y2024v0csv_4168511_70620313_64935712_97888114,4168511,DEER PARK CHEMICALS,48201,3,70620313,64935712,97888114,40301097,SO2,-95.12895,29.729819,294089.5196677866,3290745.395803191,0.0,31.096475734770674,0.8945411039562481,297.66040000000004,8.562689389342212,0.10446964303874708,fixed benzene facility-z/h0 source geometry; facility-total point-ready SO2 allocated by existing geometry weights,41.0,12.4968,3.0,0.9144,125.0,324.81666666666666,0.1,0.03048,FAC008,8
Q0002298,nonegu,run1_top20_facility_srcgroup_members_2021.csv,ptnonipm/nonegu_norailyard_2021_POINT_20240502_17may2024_v0.csv,2021hb_cb6_21k/inputs/ptnonipm/nonegu_norailyard_2021_POINT_20240502_17may2024_v0.csv,y2024v0csv_4168511_70621913_64935612_97889214,4168511,DEER PARK CHEMICALS,48201,2,70621913,64935612,97889214,30600106,SO2,-95.129092,29.726619,294069.2432659464,3290390.9524159636,0.0,0.030271575307637553,0.0008708114908311007,297.66040000000004,8.562689389342212,0.00010169836265636124,fixed benzene facility-z/h0 source geometry; facility-total point-ready SO2 allocated by existing geometry weights,150.0,45.72,5.25,1.6002,500.0,533.15,19.0,5.7912,FAC008,8
Q0002497,nonegu,run1_top20_facility_srcgroup_members_2021.csv,ptnonipm/nonegu_norailyard_2021_POINT_20240502_17may2024_v0.csv,2021hb_cb6_21k/inputs/ptnonipm/nonegu_norailyard_2021_POINT_20240502_17may2024_v0.csv,y2024v0csv_4168511_90236613_86199512_122167414,4168511,DEER PARK CHEMICALS,48201,2,90236613,86199512,122167414,30600106,SO2,-95.136033,29.726931,293398.3741526185,3290437.9346419736,0.0,0.011351840740364081,0.0003265543090616627,297.66040000000004,8.562689389342212,3.813688599613546e-05,fixed benzene facility-z/h0 source geometry; facility-total point-ready SO2 allocated by existing geometry weights,265.0,80.772,14.0,4.2672,300.0,422.0388888888889,0.1,0.03048,FAC008,8
Q0002561,nonegu,run1_top20_facility_srcgroup_members_2021.csv,ptnonipm/nonegu_norailyard_2021_POINT_20240502_17may2024_v0.csv,2021hb_cb6_21k/inputs/ptnonipm/nonegu_norailyard_2021_POINT_20240502_17may2024_v0.csv,y2024v0csv_4168511_92170713_89211012_125795914,4168511,DEER PARK CHEMICALS,48201,2,92170713,89211012,125795914,40717697,SO2,-95.143094,29.71355,292687.7397806351,3288967.3982200185,0.0,0.21190102715346285,0.006095680435817704,297.66040000000004,8.562689389342212,0.0007118885385945286,fixed benzene facility-z/h0 source geometry; facility-total point-ready SO2 allocated by existing geometry weights,50.0,15.24,3.0,0.9144,70.0,294.26111111111106,0.1,0.03048,FAC008,8
Q0002562,nonegu,run1_top20_facility_srcgroup_members_2021.csv,ptnonipm/nonegu_norailyard_2021_POINT_20240502_17may2024_v0.csv,2021hb_cb6_21k/inputs/ptnonipm/nonegu_norailyard_2021_POINT_20240502_17may2024_v0.csv,y2024v0csv_4168511_92170813_89211112_125796014,4168511,DEER PARK CHEMICALS,48201,2,92170813,89211112,125796014,40717697,SO2,-95.136986,29.723889,293299.93738858757,3290102.4559624176,0.0,0.09081472592291265,0.0026124344724933017,297.66040000000004,8.562689389342212,0.0003050950879690837,fixed benzene facility-z/h0 source geometry; facility-total point-ready SO2 allocated by existing geometry weights,48.0,14.630400000000002,3.0,0.9144,70.0,294.26111111111106,0.1,0.03048,FAC008,8
Q0001916,nonegu,run1_top20_facility_srcgroup_members_2021.csv,ptnonipm/nonegu_norailyard_2021_POINT_20240502_17may2024_v0.csv,2021hb_cb6_21k/inputs/ptnonipm/nonegu_norailyard_2021_POINT_20240502_17may2024_v0.csv,y2024v0csv_4055911_33565913_32015812_6153514,4055911,DEER PARK FACILITY,48201,2,33565913,32015812,6153514,30600517,SO2,-95.094469,29.739394,297444.51437649527,3291745.706724131,0.0,0.0148,0.00042574626306443434,0.0148,0.00042574626306443434,1.0,fixed benzene facility-z/h0 source geometry; facility-total point-ready SO2 allocated by existing geometry weights,15.0,4.572,14.9,4.54152,70.0,294.26111111111106,2.0,0.6096,FAC009,9
